10:25:48 DEBUG : Logs will be stored at 'C:/Users/shaza/Documents/Xilinx_ZCU102/fpga_demo/sdk_v2/IDE.log'.
10:25:54 INFO  : Launching XSCT server: xsct.bat -n  -interactive C:\Users\shaza\Documents\Xilinx_ZCU102\fpga_demo\sdk_v2\temp_xsdb_launch_script.tcl
10:25:54 INFO  : Registering command handlers for Vitis TCF services
10:25:56 INFO  : Platform repository initialization has completed.
10:25:56 INFO  : XSCT server has started successfully.
10:25:57 INFO  : Successfully done setting XSCT server connection channel  
10:25:57 INFO  : plnx-install-location is set to ''
10:25:57 INFO  : Successfully done setting workspace for the tool. 
10:25:57 INFO  : Successfully done query RDI_DATADIR 
10:39:41 INFO  : Result from executing command 'getProjects': FPGA_Demo
10:39:42 INFO  : Result from executing command 'getPlatforms': xilinx_vck190_base_202310_1|C:/Xilinx/Vitis/2023.1/base_platforms/xilinx_vck190_base_202310_1/xilinx_vck190_base_202310_1.xpfm;xilinx_vck190_base_dfx_202310_1|C:/Xilinx/Vitis/2023.1/base_platforms/xilinx_vck190_base_dfx_202310_1/xilinx_vck190_base_dfx_202310_1.xpfm;xilinx_vek280_es1_base_202310_1|C:/Xilinx/Vitis/2023.1/base_platforms/xilinx_vek280_es1_base_202310_1/xilinx_vek280_es1_base_202310_1.xpfm;xilinx_vmk180_base_202310_1|C:/Xilinx/Vitis/2023.1/base_platforms/xilinx_vmk180_base_202310_1/xilinx_vmk180_base_202310_1.xpfm;xilinx_zcu102_base_202310_1|C:/Xilinx/Vitis/2023.1/base_platforms/xilinx_zcu102_base_202310_1/xilinx_zcu102_base_202310_1.xpfm;xilinx_zcu102_base_dfx_202310_1|C:/Xilinx/Vitis/2023.1/base_platforms/xilinx_zcu102_base_dfx_202310_1/xilinx_zcu102_base_dfx_202310_1.xpfm;xilinx_zcu104_base_202310_1|C:/Xilinx/Vitis/2023.1/base_platforms/xilinx_zcu104_base_202310_1/xilinx_zcu104_base_202310_1.xpfm
10:41:28 ERROR : (XSDB Server)rm: cannot lstat `*.o': Invalid argument

10:41:28 ERROR : (XSDB Server)make: *** [Makefile:42: clean] Error 1

10:41:31 ERROR : (XSDB Server)rm: cannot lstat `*.o': Invalid argument

10:41:31 ERROR : (XSDB Server)make: *** [Makefile:42: clean] Error 1

10:42:08 ERROR : (XSDB Server)rm: cannot lstat `*.o': Invalid argument

10:42:08 ERROR : (XSDB Server)make: *** [Makefile:42: clean] Error 1

10:42:13 ERROR : (XSDB Server)rm: cannot lstat `*.o': Invalid argument

10:42:13 ERROR : (XSDB Server)make: *** [Makefile:42: clean] Error 1

10:43:20 INFO  : Result from executing command 'getProjects': FPGA_Demo
10:43:20 INFO  : Result from executing command 'getPlatforms': FPGA_Demo|C:/Users/shaza/Documents/Xilinx_ZCU102/fpga_demo/sdk_v2/FPGA_Demo/export/FPGA_Demo/FPGA_Demo.xpfm;xilinx_vck190_base_202310_1|C:/Xilinx/Vitis/2023.1/base_platforms/xilinx_vck190_base_202310_1/xilinx_vck190_base_202310_1.xpfm;xilinx_vck190_base_dfx_202310_1|C:/Xilinx/Vitis/2023.1/base_platforms/xilinx_vck190_base_dfx_202310_1/xilinx_vck190_base_dfx_202310_1.xpfm;xilinx_vek280_es1_base_202310_1|C:/Xilinx/Vitis/2023.1/base_platforms/xilinx_vek280_es1_base_202310_1/xilinx_vek280_es1_base_202310_1.xpfm;xilinx_vmk180_base_202310_1|C:/Xilinx/Vitis/2023.1/base_platforms/xilinx_vmk180_base_202310_1/xilinx_vmk180_base_202310_1.xpfm;xilinx_zcu102_base_202310_1|C:/Xilinx/Vitis/2023.1/base_platforms/xilinx_zcu102_base_202310_1/xilinx_zcu102_base_202310_1.xpfm;xilinx_zcu102_base_dfx_202310_1|C:/Xilinx/Vitis/2023.1/base_platforms/xilinx_zcu102_base_dfx_202310_1/xilinx_zcu102_base_dfx_202310_1.xpfm;xilinx_zcu104_base_202310_1|C:/Xilinx/Vitis/2023.1/base_platforms/xilinx_zcu104_base_202310_1/xilinx_zcu104_base_202310_1.xpfm
10:44:05 INFO  : Result from executing command 'getProjects': FPGA_Demo
10:44:05 INFO  : Result from executing command 'getPlatforms': FPGA_Demo|C:/Users/shaza/Documents/Xilinx_ZCU102/fpga_demo/sdk_v2/FPGA_Demo/export/FPGA_Demo/FPGA_Demo.xpfm;xilinx_vck190_base_202310_1|C:/Xilinx/Vitis/2023.1/base_platforms/xilinx_vck190_base_202310_1/xilinx_vck190_base_202310_1.xpfm;xilinx_vck190_base_dfx_202310_1|C:/Xilinx/Vitis/2023.1/base_platforms/xilinx_vck190_base_dfx_202310_1/xilinx_vck190_base_dfx_202310_1.xpfm;xilinx_vek280_es1_base_202310_1|C:/Xilinx/Vitis/2023.1/base_platforms/xilinx_vek280_es1_base_202310_1/xilinx_vek280_es1_base_202310_1.xpfm;xilinx_vmk180_base_202310_1|C:/Xilinx/Vitis/2023.1/base_platforms/xilinx_vmk180_base_202310_1/xilinx_vmk180_base_202310_1.xpfm;xilinx_zcu102_base_202310_1|C:/Xilinx/Vitis/2023.1/base_platforms/xilinx_zcu102_base_202310_1/xilinx_zcu102_base_202310_1.xpfm;xilinx_zcu102_base_dfx_202310_1|C:/Xilinx/Vitis/2023.1/base_platforms/xilinx_zcu102_base_dfx_202310_1/xilinx_zcu102_base_dfx_202310_1.xpfm;xilinx_zcu104_base_202310_1|C:/Xilinx/Vitis/2023.1/base_platforms/xilinx_zcu104_base_202310_1/xilinx_zcu104_base_202310_1.xpfm
11:18:27 INFO  : Result from executing command 'removePlatformRepo': 
11:20:00 INFO  : Result from executing command 'getProjects': FPGA_Demo
11:20:00 INFO  : Result from executing command 'getPlatforms': xilinx_vck190_base_202310_1|C:/Xilinx/Vitis/2023.1/base_platforms/xilinx_vck190_base_202310_1/xilinx_vck190_base_202310_1.xpfm;xilinx_vck190_base_dfx_202310_1|C:/Xilinx/Vitis/2023.1/base_platforms/xilinx_vck190_base_dfx_202310_1/xilinx_vck190_base_dfx_202310_1.xpfm;xilinx_vek280_es1_base_202310_1|C:/Xilinx/Vitis/2023.1/base_platforms/xilinx_vek280_es1_base_202310_1/xilinx_vek280_es1_base_202310_1.xpfm;xilinx_vmk180_base_202310_1|C:/Xilinx/Vitis/2023.1/base_platforms/xilinx_vmk180_base_202310_1/xilinx_vmk180_base_202310_1.xpfm;xilinx_zcu102_base_202310_1|C:/Xilinx/Vitis/2023.1/base_platforms/xilinx_zcu102_base_202310_1/xilinx_zcu102_base_202310_1.xpfm;xilinx_zcu102_base_dfx_202310_1|C:/Xilinx/Vitis/2023.1/base_platforms/xilinx_zcu102_base_dfx_202310_1/xilinx_zcu102_base_dfx_202310_1.xpfm;xilinx_zcu104_base_202310_1|C:/Xilinx/Vitis/2023.1/base_platforms/xilinx_zcu104_base_202310_1/xilinx_zcu104_base_202310_1.xpfm
11:20:02 INFO  : Checking for BSP changes to sync application flags for project 'fpga_ta'...
11:27:16 INFO  : Connected to target on host '127.0.0.1' and port '3121'.
11:27:17 INFO  : Jtag cable 'Digilent JTAG-SMT2NC 210308B3B53D' is selected.
11:27:17 INFO  : 'jtag frequency' command is executed.
11:27:17 INFO  : Sourcing of 'C:/Xilinx/Vitis/2023.1/scripts/vitis/util/zynqmp_utils.tcl' is done.
11:27:17 INFO  : Context for 'APU' is selected.
11:27:18 INFO  : System reset is completed.
11:27:21 INFO  : 'after 3000' command is executed.
11:27:21 INFO  : Context for 'RPU' is selected.
11:27:21 INFO  : Split mode is enabled for R5#1
11:27:21 INFO  : 'targets -set -filter {jtag_cable_name =~ "Digilent JTAG-SMT2NC 210308B3B53D" && level==0 && jtag_device_ctx=="jsn-JTAG-SMT2NC-210308B3B53D-24738093-0"}' command is executed.
11:27:36 INFO  : Device configured successfully with "C:/Users/shaza/Documents/Xilinx_ZCU102/fpga_demo/project_shell_v2/bitstreams/top3.bit"
11:27:36 INFO  : Context for 'APU' is selected.
11:27:37 INFO  : Hardware design and registers information is loaded from 'C:/Users/shaza/Documents/Xilinx_ZCU102/fpga_demo/sdk_v2/FPGA_Demo/export/FPGA_Demo/hw/top_wrapper.xsa'.
11:27:37 INFO  : 'configparams force-mem-access 1' command is executed.
11:27:37 INFO  : Context for 'APU' is selected.
11:27:37 INFO  : Boot mode is read from the target.
11:27:37 INFO  : Context for processor 'psu_cortexr5_0' is selected.
11:27:37 INFO  : Processor reset is completed for 'psu_cortexr5_0'.
11:27:37 INFO  : The application 'C:/Users/shaza/Documents/Xilinx_ZCU102/fpga_demo/sdk_v2/FPGA_Demo/export/FPGA_Demo/sw/FPGA_Demo/boot/fsbl.elf' is downloaded to processor 'psu_cortexr5_0'.
11:27:37 INFO  : 'set bp_27_37_fsbl_bp [bpadd -addr &XFsbl_Exit]' command is executed.
11:27:38 INFO  : 'con -block -timeout 60' command is executed.
11:27:38 INFO  : 'bpremove $bp_27_37_fsbl_bp' command is executed.
11:27:38 INFO  : Context for processor 'psu_cortexr5_0' is selected.
11:27:38 INFO  : Processor reset is completed for 'psu_cortexr5_0'.
11:27:41 INFO  : 'dow -data C:/Users/shaza/Documents/Xilinx_ZCU102/fpga_demo/project_shell_v2/bitstreams/vfpga2_count_down_partial_icap_bs.bin 0x80000000' command is executed.
11:27:43 INFO  : 'dow -data C:/Users/shaza/Documents/Xilinx_ZCU102/fpga_demo/project_shell_v2/bitstreams/vfpga2_count_up_partial_icap_bs.bin 0x80400000' command is executed.
11:27:46 INFO  : 'dow -data C:/Users/shaza/Documents/Xilinx_ZCU102/fpga_demo/project_shell_v2/bitstreams/vfpga1_shift_left_partial_icap_bs.bin 0x80800000' command is executed.
11:27:48 INFO  : 'dow -data C:/Users/shaza/Documents/Xilinx_ZCU102/fpga_demo/project_shell_v2/bitstreams/vfpga1_shift_right_partial_icap_bs.bin 0x80c00000' command is executed.
11:27:48 INFO  : The application 'C:/Users/shaza/Documents/Xilinx_ZCU102/fpga_demo/sdk_v2/fpga_ta/Debug/fpga_ta.elf' is downloaded to processor 'psu_cortexr5_0'.
11:27:48 INFO  : 'configparams force-mem-access 0' command is executed.
11:27:48 INFO  : ----------------XSDB Script----------------
connect -url tcp:127.0.0.1:3121
source C:/Xilinx/Vitis/2023.1/scripts/vitis/util/zynqmp_utils.tcl
targets -set -nocase -filter {name =~"APU*"}
rst -system
after 3000
targets -set -nocase -filter {name =~"RPU*"}
enable_split_mode
targets -set -filter {jtag_cable_name =~ "Digilent JTAG-SMT2NC 210308B3B53D" && level==0 && jtag_device_ctx=="jsn-JTAG-SMT2NC-210308B3B53D-24738093-0"}
fpga -file C:/Users/shaza/Documents/Xilinx_ZCU102/fpga_demo/project_shell_v2/bitstreams/top3.bit
targets -set -nocase -filter {name =~"APU*"}
loadhw -hw C:/Users/shaza/Documents/Xilinx_ZCU102/fpga_demo/sdk_v2/FPGA_Demo/export/FPGA_Demo/hw/top_wrapper.xsa -mem-ranges [list {0x80000000 0xbfffffff} {0x400000000 0x5ffffffff} {0x1000000000 0x7fffffffff}] -regs
configparams force-mem-access 1
targets -set -nocase -filter {name =~"APU*"}
set mode [expr [mrd -value 0xFF5E0200] & 0xf]
targets -set -nocase -filter {name =~ "*R5*#0"}
rst -processor
dow C:/Users/shaza/Documents/Xilinx_ZCU102/fpga_demo/sdk_v2/FPGA_Demo/export/FPGA_Demo/sw/FPGA_Demo/boot/fsbl.elf
set bp_27_37_fsbl_bp [bpadd -addr &XFsbl_Exit]
con -block -timeout 60
bpremove $bp_27_37_fsbl_bp
targets -set -nocase -filter {name =~ "*R5*#0"}
rst -processor
dow -data C:/Users/shaza/Documents/Xilinx_ZCU102/fpga_demo/project_shell_v2/bitstreams/vfpga2_count_down_partial_icap_bs.bin 0x80000000
dow -data C:/Users/shaza/Documents/Xilinx_ZCU102/fpga_demo/project_shell_v2/bitstreams/vfpga2_count_up_partial_icap_bs.bin 0x80400000
dow -data C:/Users/shaza/Documents/Xilinx_ZCU102/fpga_demo/project_shell_v2/bitstreams/vfpga1_shift_left_partial_icap_bs.bin 0x80800000
dow -data C:/Users/shaza/Documents/Xilinx_ZCU102/fpga_demo/project_shell_v2/bitstreams/vfpga1_shift_right_partial_icap_bs.bin 0x80c00000
dow C:/Users/shaza/Documents/Xilinx_ZCU102/fpga_demo/sdk_v2/fpga_ta/Debug/fpga_ta.elf
configparams force-mem-access 0
----------------End of Script----------------

11:27:48 INFO  : Context for processor 'psu_cortexr5_0' is selected.
11:27:48 INFO  : 'con' command is executed.
11:27:48 INFO  : ----------------XSDB Script (After Launch)----------------
targets -set -nocase -filter {name =~ "*R5*#0"}
con
----------------End of Script----------------

11:27:48 INFO  : Launch script is exported to file 'C:\Users\shaza\Documents\Xilinx_ZCU102\fpga_demo\sdk_v2\fpga_ta_system\_ide\scripts\debugger_fpga_ta-default.tcl'
11:29:01 INFO  : Disconnected from the channel tcfchan#4.
11:29:02 INFO  : Connected to target on host '127.0.0.1' and port '3121'.
11:29:02 INFO  : Jtag cable 'Digilent JTAG-SMT2NC 210308B3B53D' is selected.
11:29:02 INFO  : 'jtag frequency' command is executed.
11:29:02 INFO  : Sourcing of 'C:/Xilinx/Vitis/2023.1/scripts/vitis/util/zynqmp_utils.tcl' is done.
11:29:02 INFO  : Context for 'APU' is selected.
11:29:03 INFO  : System reset is completed.
11:29:06 INFO  : 'after 3000' command is executed.
11:29:06 INFO  : Context for 'RPU' is selected.
11:29:06 INFO  : Split mode is enabled for R5#1
11:29:06 INFO  : 'targets -set -filter {jtag_cable_name =~ "Digilent JTAG-SMT2NC 210308B3B53D" && level==0 && jtag_device_ctx=="jsn-JTAG-SMT2NC-210308B3B53D-24738093-0"}' command is executed.
11:29:21 INFO  : Device configured successfully with "C:/Users/shaza/Documents/Xilinx_ZCU102/fpga_demo/project_shell_v2/bitstreams/top3.bit"
11:29:21 INFO  : Context for 'APU' is selected.
11:29:21 INFO  : Hardware design and registers information is loaded from 'C:/Users/shaza/Documents/Xilinx_ZCU102/fpga_demo/sdk_v2/FPGA_Demo/export/FPGA_Demo/hw/top_wrapper.xsa'.
11:29:21 INFO  : 'configparams force-mem-access 1' command is executed.
11:29:21 INFO  : Context for 'APU' is selected.
11:29:21 INFO  : Boot mode is read from the target.
11:29:21 INFO  : Context for processor 'psu_cortexr5_0' is selected.
11:29:21 INFO  : Processor reset is completed for 'psu_cortexr5_0'.
11:29:22 INFO  : The application 'C:/Users/shaza/Documents/Xilinx_ZCU102/fpga_demo/sdk_v2/FPGA_Demo/export/FPGA_Demo/sw/FPGA_Demo/boot/fsbl.elf' is downloaded to processor 'psu_cortexr5_0'.
11:29:22 INFO  : 'set bp_29_22_fsbl_bp [bpadd -addr &XFsbl_Exit]' command is executed.
11:29:23 INFO  : 'con -block -timeout 60' command is executed.
11:29:23 INFO  : 'bpremove $bp_29_22_fsbl_bp' command is executed.
11:29:23 INFO  : Context for processor 'psu_cortexr5_0' is selected.
11:29:23 INFO  : Processor reset is completed for 'psu_cortexr5_0'.
11:29:25 INFO  : 'dow -data C:/Users/shaza/Documents/Xilinx_ZCU102/fpga_demo/project_shell_v2/bitstreams/vfpga2_count_down_partial_icap_bs.bin 0x80000000' command is executed.
11:29:27 INFO  : 'dow -data C:/Users/shaza/Documents/Xilinx_ZCU102/fpga_demo/project_shell_v2/bitstreams/vfpga2_count_up_partial_icap_bs.bin 0x80400000' command is executed.
11:29:29 INFO  : 'dow -data C:/Users/shaza/Documents/Xilinx_ZCU102/fpga_demo/project_shell_v2/bitstreams/vfpga1_shift_left_partial_icap_bs.bin 0x80800000' command is executed.
11:29:31 INFO  : 'dow -data C:/Users/shaza/Documents/Xilinx_ZCU102/fpga_demo/project_shell_v2/bitstreams/vfpga1_shift_right_partial_icap_bs.bin 0x80c00000' command is executed.
11:29:32 INFO  : The application 'C:/Users/shaza/Documents/Xilinx_ZCU102/fpga_demo/sdk_v2/fpga_ta/Debug/fpga_ta.elf' is downloaded to processor 'psu_cortexr5_0'.
11:29:32 INFO  : 'configparams force-mem-access 0' command is executed.
11:29:32 INFO  : ----------------XSDB Script----------------
connect -url tcp:127.0.0.1:3121
source C:/Xilinx/Vitis/2023.1/scripts/vitis/util/zynqmp_utils.tcl
targets -set -nocase -filter {name =~"APU*"}
rst -system
after 3000
targets -set -nocase -filter {name =~"RPU*"}
enable_split_mode
targets -set -filter {jtag_cable_name =~ "Digilent JTAG-SMT2NC 210308B3B53D" && level==0 && jtag_device_ctx=="jsn-JTAG-SMT2NC-210308B3B53D-24738093-0"}
fpga -file C:/Users/shaza/Documents/Xilinx_ZCU102/fpga_demo/project_shell_v2/bitstreams/top3.bit
targets -set -nocase -filter {name =~"APU*"}
loadhw -hw C:/Users/shaza/Documents/Xilinx_ZCU102/fpga_demo/sdk_v2/FPGA_Demo/export/FPGA_Demo/hw/top_wrapper.xsa -mem-ranges [list {0x80000000 0xbfffffff} {0x400000000 0x5ffffffff} {0x1000000000 0x7fffffffff}] -regs
configparams force-mem-access 1
targets -set -nocase -filter {name =~"APU*"}
set mode [expr [mrd -value 0xFF5E0200] & 0xf]
targets -set -nocase -filter {name =~ "*R5*#0"}
rst -processor
dow C:/Users/shaza/Documents/Xilinx_ZCU102/fpga_demo/sdk_v2/FPGA_Demo/export/FPGA_Demo/sw/FPGA_Demo/boot/fsbl.elf
set bp_29_22_fsbl_bp [bpadd -addr &XFsbl_Exit]
con -block -timeout 60
bpremove $bp_29_22_fsbl_bp
targets -set -nocase -filter {name =~ "*R5*#0"}
rst -processor
dow -data C:/Users/shaza/Documents/Xilinx_ZCU102/fpga_demo/project_shell_v2/bitstreams/vfpga2_count_down_partial_icap_bs.bin 0x80000000
dow -data C:/Users/shaza/Documents/Xilinx_ZCU102/fpga_demo/project_shell_v2/bitstreams/vfpga2_count_up_partial_icap_bs.bin 0x80400000
dow -data C:/Users/shaza/Documents/Xilinx_ZCU102/fpga_demo/project_shell_v2/bitstreams/vfpga1_shift_left_partial_icap_bs.bin 0x80800000
dow -data C:/Users/shaza/Documents/Xilinx_ZCU102/fpga_demo/project_shell_v2/bitstreams/vfpga1_shift_right_partial_icap_bs.bin 0x80c00000
dow C:/Users/shaza/Documents/Xilinx_ZCU102/fpga_demo/sdk_v2/fpga_ta/Debug/fpga_ta.elf
configparams force-mem-access 0
----------------End of Script----------------

11:29:32 INFO  : Context for processor 'psu_cortexr5_0' is selected.
11:29:32 INFO  : 'con' command is executed.
11:29:32 INFO  : ----------------XSDB Script (After Launch)----------------
targets -set -nocase -filter {name =~ "*R5*#0"}
con
----------------End of Script----------------

11:29:32 INFO  : Launch script is exported to file 'C:\Users\shaza\Documents\Xilinx_ZCU102\fpga_demo\sdk_v2\fpga_ta_system\_ide\scripts\debugger_fpga_ta-default.tcl'
11:44:35 INFO  : Checking for BSP changes to sync application flags for project 'appx'...
12:10:01 INFO  : Result from executing command 'removePlatformRepo': 
12:11:37 INFO  : Result from executing command 'getProjects': FPGA_Demo
12:11:37 INFO  : Result from executing command 'getPlatforms': xilinx_vck190_base_202310_1|C:/Xilinx/Vitis/2023.1/base_platforms/xilinx_vck190_base_202310_1/xilinx_vck190_base_202310_1.xpfm;xilinx_vck190_base_dfx_202310_1|C:/Xilinx/Vitis/2023.1/base_platforms/xilinx_vck190_base_dfx_202310_1/xilinx_vck190_base_dfx_202310_1.xpfm;xilinx_vek280_es1_base_202310_1|C:/Xilinx/Vitis/2023.1/base_platforms/xilinx_vek280_es1_base_202310_1/xilinx_vek280_es1_base_202310_1.xpfm;xilinx_vmk180_base_202310_1|C:/Xilinx/Vitis/2023.1/base_platforms/xilinx_vmk180_base_202310_1/xilinx_vmk180_base_202310_1.xpfm;xilinx_zcu102_base_202310_1|C:/Xilinx/Vitis/2023.1/base_platforms/xilinx_zcu102_base_202310_1/xilinx_zcu102_base_202310_1.xpfm;xilinx_zcu102_base_dfx_202310_1|C:/Xilinx/Vitis/2023.1/base_platforms/xilinx_zcu102_base_dfx_202310_1/xilinx_zcu102_base_dfx_202310_1.xpfm;xilinx_zcu104_base_202310_1|C:/Xilinx/Vitis/2023.1/base_platforms/xilinx_zcu104_base_202310_1/xilinx_zcu104_base_202310_1.xpfm
12:11:40 INFO  : Checking for BSP changes to sync application flags for project 'appx'...
12:11:49 INFO  : Checking for BSP changes to sync application flags for project 'fpga_ta'...
12:13:37 INFO  : Connected to target on host '127.0.0.1' and port '3121'.
12:13:37 INFO  : Jtag cable 'Digilent JTAG-SMT2NC 210308B3B53D' is selected.
12:13:37 INFO  : 'jtag frequency' command is executed.
12:13:37 INFO  : Sourcing of 'C:/Xilinx/Vitis/2023.1/scripts/vitis/util/zynqmp_utils.tcl' is done.
12:13:37 INFO  : Context for 'APU' is selected.
12:13:38 INFO  : System reset is completed.
12:13:41 INFO  : 'after 3000' command is executed.
12:13:41 INFO  : 'targets -set -filter {jtag_cable_name =~ "Digilent JTAG-SMT2NC 210308B3B53D" && level==0 && jtag_device_ctx=="jsn-JTAG-SMT2NC-210308B3B53D-24738093-0"}' command is executed.
12:13:56 INFO  : Device configured successfully with "C:/Users/shaza/Documents/Xilinx_ZCU102/fpga_demo/project_shell_v2/bitstreams/top3.bit"
12:13:56 INFO  : Context for 'APU' is selected.
12:13:56 INFO  : Hardware design and registers information is loaded from 'C:/Users/shaza/Documents/Xilinx_ZCU102/fpga_demo/sdk_v2/FPGA_Demo/export/FPGA_Demo/hw/top_wrapper.xsa'.
12:13:56 INFO  : 'configparams force-mem-access 1' command is executed.
12:13:56 INFO  : Context for 'APU' is selected.
12:13:56 INFO  : Boot mode is read from the target.
12:13:56 INFO  : Context for processor 'psu_cortexr5_0' is selected.
12:13:56 INFO  : Processor reset is completed for 'psu_cortexr5_0'.
12:13:57 INFO  : The application 'C:/Users/shaza/Documents/Xilinx_ZCU102/fpga_demo/sdk_v2/FPGA_Demo/export/FPGA_Demo/sw/FPGA_Demo/boot/fsbl.elf' is downloaded to processor 'psu_cortexr5_0'.
12:13:57 INFO  : 'set bp_13_57_fsbl_bp [bpadd -addr &XFsbl_Exit]' command is executed.
12:13:58 INFO  : 'con -block -timeout 60' command is executed.
12:13:58 INFO  : 'bpremove $bp_13_57_fsbl_bp' command is executed.
12:13:58 INFO  : Context for processor 'psu_cortexa53_0' is selected.
12:13:58 INFO  : Processor reset is completed for 'psu_cortexa53_0'.
12:13:59 INFO  : The application 'C:/Users/shaza/Documents/Xilinx_ZCU102/fpga_demo/sdk_v2/appx/Debug/appx.elf' is downloaded to processor 'psu_cortexa53_0'.
12:13:59 INFO  : Context for processor 'psu_cortexr5_0' is selected.
12:13:59 INFO  : Processor reset is completed for 'psu_cortexr5_0'.
12:13:59 INFO  : The application 'C:/Users/shaza/Documents/Xilinx_ZCU102/fpga_demo/sdk_v2/fpga_ta/Debug/fpga_ta.elf' is downloaded to processor 'psu_cortexr5_0'.
12:13:59 INFO  : 'configparams force-mem-access 0' command is executed.
12:13:59 INFO  : ----------------XSDB Script----------------
connect -url tcp:127.0.0.1:3121
source C:/Xilinx/Vitis/2023.1/scripts/vitis/util/zynqmp_utils.tcl
targets -set -nocase -filter {name =~"APU*"}
rst -system
after 3000
targets -set -filter {jtag_cable_name =~ "Digilent JTAG-SMT2NC 210308B3B53D" && level==0 && jtag_device_ctx=="jsn-JTAG-SMT2NC-210308B3B53D-24738093-0"}
fpga -file C:/Users/shaza/Documents/Xilinx_ZCU102/fpga_demo/project_shell_v2/bitstreams/top3.bit
targets -set -nocase -filter {name =~"APU*"}
loadhw -hw C:/Users/shaza/Documents/Xilinx_ZCU102/fpga_demo/sdk_v2/FPGA_Demo/export/FPGA_Demo/hw/top_wrapper.xsa -mem-ranges [list {0x80000000 0xbfffffff} {0x400000000 0x5ffffffff} {0x1000000000 0x7fffffffff}] -regs
configparams force-mem-access 1
targets -set -nocase -filter {name =~"APU*"}
set mode [expr [mrd -value 0xFF5E0200] & 0xf]
targets -set -nocase -filter {name =~ "*R5*#0"}
rst -processor
dow C:/Users/shaza/Documents/Xilinx_ZCU102/fpga_demo/sdk_v2/FPGA_Demo/export/FPGA_Demo/sw/FPGA_Demo/boot/fsbl.elf
set bp_13_57_fsbl_bp [bpadd -addr &XFsbl_Exit]
con -block -timeout 60
bpremove $bp_13_57_fsbl_bp
targets -set -nocase -filter {name =~ "*A53*#0"}
rst -processor
dow C:/Users/shaza/Documents/Xilinx_ZCU102/fpga_demo/sdk_v2/appx/Debug/appx.elf
targets -set -nocase -filter {name =~ "*R5*#0"}
rst -processor
dow C:/Users/shaza/Documents/Xilinx_ZCU102/fpga_demo/sdk_v2/fpga_ta/Debug/fpga_ta.elf
configparams force-mem-access 0
----------------End of Script----------------

12:13:59 INFO  : Context for processor 'psu_cortexa53_0' is selected.
12:13:59 INFO  : 'con' command is executed.
12:13:59 INFO  : Context for processor 'psu_cortexr5_0' is selected.
12:14:00 INFO  : 'con' command is executed.
12:14:00 INFO  : ----------------XSDB Script (After Launch)----------------
targets -set -nocase -filter {name =~ "*A53*#0"}
con
targets -set -nocase -filter {name =~ "*R5*#0"}
con
----------------End of Script----------------

12:14:00 INFO  : Launch script is exported to file 'C:\Users\shaza\Documents\Xilinx_ZCU102\fpga_demo\sdk_v2\fpga_ta_system\_ide\scripts\debugger_appx-default_1.tcl'
12:16:22 INFO  : Checking for BSP changes to sync application flags for project 'fpga_ta'...
12:16:31 INFO  : Checking for BSP changes to sync application flags for project 'appx'...
12:16:59 INFO  : Disconnected from the channel tcfchan#5.
12:17:00 INFO  : Connected to target on host '127.0.0.1' and port '3121'.
12:17:00 INFO  : Jtag cable 'Digilent JTAG-SMT2NC 210308B3B53D' is selected.
12:17:00 INFO  : 'jtag frequency' command is executed.
12:17:00 INFO  : Sourcing of 'C:/Xilinx/Vitis/2023.1/scripts/vitis/util/zynqmp_utils.tcl' is done.
12:17:00 INFO  : Context for 'APU' is selected.
12:17:00 INFO  : System reset is completed.
12:17:03 INFO  : 'after 3000' command is executed.
12:17:03 INFO  : 'targets -set -filter {jtag_cable_name =~ "Digilent JTAG-SMT2NC 210308B3B53D" && level==0 && jtag_device_ctx=="jsn-JTAG-SMT2NC-210308B3B53D-24738093-0"}' command is executed.
12:17:19 INFO  : Device configured successfully with "C:/Users/shaza/Documents/Xilinx_ZCU102/fpga_demo/project_shell_v2/bitstreams/top3.bit"
12:17:19 INFO  : Context for 'APU' is selected.
12:17:19 INFO  : Hardware design and registers information is loaded from 'C:/Users/shaza/Documents/Xilinx_ZCU102/fpga_demo/sdk_v2/FPGA_Demo/export/FPGA_Demo/hw/top_wrapper.xsa'.
12:17:19 INFO  : 'configparams force-mem-access 1' command is executed.
12:17:19 INFO  : Context for 'APU' is selected.
12:17:19 INFO  : Boot mode is read from the target.
12:17:19 INFO  : Context for processor 'psu_cortexr5_0' is selected.
12:17:19 INFO  : Processor reset is completed for 'psu_cortexr5_0'.
12:17:19 INFO  : The application 'C:/Users/shaza/Documents/Xilinx_ZCU102/fpga_demo/sdk_v2/FPGA_Demo/export/FPGA_Demo/sw/FPGA_Demo/boot/fsbl.elf' is downloaded to processor 'psu_cortexr5_0'.
12:17:19 INFO  : 'set bp_17_19_fsbl_bp [bpadd -addr &XFsbl_Exit]' command is executed.
12:17:20 INFO  : 'con -block -timeout 60' command is executed.
12:17:20 INFO  : 'bpremove $bp_17_19_fsbl_bp' command is executed.
12:17:20 INFO  : Context for processor 'psu_cortexa53_0' is selected.
12:17:20 INFO  : Processor reset is completed for 'psu_cortexa53_0'.
12:17:22 INFO  : The application 'C:/Users/shaza/Documents/Xilinx_ZCU102/fpga_demo/sdk_v2/appx/Debug/appx.elf' is downloaded to processor 'psu_cortexa53_0'.
12:17:22 INFO  : Context for processor 'psu_cortexr5_0' is selected.
12:17:22 INFO  : Processor reset is completed for 'psu_cortexr5_0'.
12:17:22 INFO  : The application 'C:/Users/shaza/Documents/Xilinx_ZCU102/fpga_demo/sdk_v2/fpga_ta/Debug/fpga_ta.elf' is downloaded to processor 'psu_cortexr5_0'.
12:17:22 INFO  : 'configparams force-mem-access 0' command is executed.
12:17:22 INFO  : ----------------XSDB Script----------------
connect -url tcp:127.0.0.1:3121
source C:/Xilinx/Vitis/2023.1/scripts/vitis/util/zynqmp_utils.tcl
targets -set -nocase -filter {name =~"APU*"}
rst -system
after 3000
targets -set -filter {jtag_cable_name =~ "Digilent JTAG-SMT2NC 210308B3B53D" && level==0 && jtag_device_ctx=="jsn-JTAG-SMT2NC-210308B3B53D-24738093-0"}
fpga -file C:/Users/shaza/Documents/Xilinx_ZCU102/fpga_demo/project_shell_v2/bitstreams/top3.bit
targets -set -nocase -filter {name =~"APU*"}
loadhw -hw C:/Users/shaza/Documents/Xilinx_ZCU102/fpga_demo/sdk_v2/FPGA_Demo/export/FPGA_Demo/hw/top_wrapper.xsa -mem-ranges [list {0x80000000 0xbfffffff} {0x400000000 0x5ffffffff} {0x1000000000 0x7fffffffff}] -regs
configparams force-mem-access 1
targets -set -nocase -filter {name =~"APU*"}
set mode [expr [mrd -value 0xFF5E0200] & 0xf]
targets -set -nocase -filter {name =~ "*R5*#0"}
rst -processor
dow C:/Users/shaza/Documents/Xilinx_ZCU102/fpga_demo/sdk_v2/FPGA_Demo/export/FPGA_Demo/sw/FPGA_Demo/boot/fsbl.elf
set bp_17_19_fsbl_bp [bpadd -addr &XFsbl_Exit]
con -block -timeout 60
bpremove $bp_17_19_fsbl_bp
targets -set -nocase -filter {name =~ "*A53*#0"}
rst -processor
dow C:/Users/shaza/Documents/Xilinx_ZCU102/fpga_demo/sdk_v2/appx/Debug/appx.elf
targets -set -nocase -filter {name =~ "*R5*#0"}
rst -processor
dow C:/Users/shaza/Documents/Xilinx_ZCU102/fpga_demo/sdk_v2/fpga_ta/Debug/fpga_ta.elf
configparams force-mem-access 0
----------------End of Script----------------

12:17:22 INFO  : Context for processor 'psu_cortexa53_0' is selected.
12:17:22 INFO  : 'con' command is executed.
12:17:22 INFO  : Context for processor 'psu_cortexr5_0' is selected.
12:17:22 INFO  : 'con' command is executed.
12:17:22 INFO  : ----------------XSDB Script (After Launch)----------------
targets -set -nocase -filter {name =~ "*A53*#0"}
con
targets -set -nocase -filter {name =~ "*R5*#0"}
con
----------------End of Script----------------

12:17:22 INFO  : Launch script is exported to file 'C:\Users\shaza\Documents\Xilinx_ZCU102\fpga_demo\sdk_v2\fpga_ta_system\_ide\scripts\debugger_appx-default_1.tcl'
13:16:16 INFO  : Checking for BSP changes to sync application flags for project 'appx'...
13:16:23 INFO  : Checking for BSP changes to sync application flags for project 'fpga_ta'...
13:17:04 INFO  : Disconnected from the channel tcfchan#10.
13:17:05 INFO  : Connected to target on host '127.0.0.1' and port '3121'.
13:17:06 INFO  : Jtag cable 'Digilent JTAG-SMT2NC 210308B3B53D' is selected.
13:17:06 INFO  : 'jtag frequency' command is executed.
13:17:06 INFO  : Sourcing of 'C:/Xilinx/Vitis/2023.1/scripts/vitis/util/zynqmp_utils.tcl' is done.
13:17:06 INFO  : Context for 'APU' is selected.
13:17:06 INFO  : System reset is completed.
13:17:09 INFO  : 'after 3000' command is executed.
13:17:09 INFO  : 'targets -set -filter {jtag_cable_name =~ "Digilent JTAG-SMT2NC 210308B3B53D" && level==0 && jtag_device_ctx=="jsn-JTAG-SMT2NC-210308B3B53D-24738093-0"}' command is executed.
13:17:25 INFO  : Device configured successfully with "C:/Users/shaza/Documents/Xilinx_ZCU102/fpga_demo/project_shell_v2/bitstreams/top3.bit"
13:17:25 INFO  : Context for 'APU' is selected.
13:17:25 INFO  : Hardware design and registers information is loaded from 'C:/Users/shaza/Documents/Xilinx_ZCU102/fpga_demo/sdk_v2/FPGA_Demo/export/FPGA_Demo/hw/top_wrapper.xsa'.
13:17:25 INFO  : 'configparams force-mem-access 1' command is executed.
13:17:25 INFO  : Context for 'APU' is selected.
13:17:25 INFO  : Boot mode is read from the target.
13:17:25 INFO  : Context for processor 'psu_cortexr5_0' is selected.
13:17:25 INFO  : Processor reset is completed for 'psu_cortexr5_0'.
13:17:26 INFO  : The application 'C:/Users/shaza/Documents/Xilinx_ZCU102/fpga_demo/sdk_v2/FPGA_Demo/export/FPGA_Demo/sw/FPGA_Demo/boot/fsbl.elf' is downloaded to processor 'psu_cortexr5_0'.
13:17:26 INFO  : 'set bp_17_26_fsbl_bp [bpadd -addr &XFsbl_Exit]' command is executed.
13:17:27 INFO  : 'con -block -timeout 60' command is executed.
13:17:27 INFO  : 'bpremove $bp_17_26_fsbl_bp' command is executed.
13:17:27 INFO  : Context for processor 'psu_cortexa53_0' is selected.
13:17:27 INFO  : Processor reset is completed for 'psu_cortexa53_0'.
13:17:28 INFO  : The application 'C:/Users/shaza/Documents/Xilinx_ZCU102/fpga_demo/sdk_v2/appx/Debug/appx.elf' is downloaded to processor 'psu_cortexa53_0'.
13:17:28 INFO  : Context for processor 'psu_cortexr5_0' is selected.
13:17:28 INFO  : Processor reset is completed for 'psu_cortexr5_0'.
13:17:28 INFO  : The application 'C:/Users/shaza/Documents/Xilinx_ZCU102/fpga_demo/sdk_v2/fpga_ta/Debug/fpga_ta.elf' is downloaded to processor 'psu_cortexr5_0'.
13:17:28 INFO  : 'configparams force-mem-access 0' command is executed.
13:17:28 INFO  : ----------------XSDB Script----------------
connect -url tcp:127.0.0.1:3121
source C:/Xilinx/Vitis/2023.1/scripts/vitis/util/zynqmp_utils.tcl
targets -set -nocase -filter {name =~"APU*"}
rst -system
after 3000
targets -set -filter {jtag_cable_name =~ "Digilent JTAG-SMT2NC 210308B3B53D" && level==0 && jtag_device_ctx=="jsn-JTAG-SMT2NC-210308B3B53D-24738093-0"}
fpga -file C:/Users/shaza/Documents/Xilinx_ZCU102/fpga_demo/project_shell_v2/bitstreams/top3.bit
targets -set -nocase -filter {name =~"APU*"}
loadhw -hw C:/Users/shaza/Documents/Xilinx_ZCU102/fpga_demo/sdk_v2/FPGA_Demo/export/FPGA_Demo/hw/top_wrapper.xsa -mem-ranges [list {0x80000000 0xbfffffff} {0x400000000 0x5ffffffff} {0x1000000000 0x7fffffffff}] -regs
configparams force-mem-access 1
targets -set -nocase -filter {name =~"APU*"}
set mode [expr [mrd -value 0xFF5E0200] & 0xf]
targets -set -nocase -filter {name =~ "*R5*#0"}
rst -processor
dow C:/Users/shaza/Documents/Xilinx_ZCU102/fpga_demo/sdk_v2/FPGA_Demo/export/FPGA_Demo/sw/FPGA_Demo/boot/fsbl.elf
set bp_17_26_fsbl_bp [bpadd -addr &XFsbl_Exit]
con -block -timeout 60
bpremove $bp_17_26_fsbl_bp
targets -set -nocase -filter {name =~ "*A53*#0"}
rst -processor
dow C:/Users/shaza/Documents/Xilinx_ZCU102/fpga_demo/sdk_v2/appx/Debug/appx.elf
targets -set -nocase -filter {name =~ "*R5*#0"}
rst -processor
dow C:/Users/shaza/Documents/Xilinx_ZCU102/fpga_demo/sdk_v2/fpga_ta/Debug/fpga_ta.elf
configparams force-mem-access 0
----------------End of Script----------------

13:17:28 INFO  : Context for processor 'psu_cortexa53_0' is selected.
13:17:28 INFO  : 'con' command is executed.
13:17:28 INFO  : Context for processor 'psu_cortexr5_0' is selected.
13:17:29 INFO  : 'con' command is executed.
13:17:29 INFO  : ----------------XSDB Script (After Launch)----------------
targets -set -nocase -filter {name =~ "*A53*#0"}
con
targets -set -nocase -filter {name =~ "*R5*#0"}
con
----------------End of Script----------------

13:17:29 INFO  : Launch script is exported to file 'C:\Users\shaza\Documents\Xilinx_ZCU102\fpga_demo\sdk_v2\fpga_ta_system\_ide\scripts\debugger_appx-default_1.tcl'
13:29:50 INFO  : Checking for BSP changes to sync application flags for project 'appx'...
13:29:58 INFO  : Checking for BSP changes to sync application flags for project 'fpga_ta'...
13:30:09 INFO  : Disconnected from the channel tcfchan#11.
13:30:10 INFO  : Connected to target on host '127.0.0.1' and port '3121'.
13:30:10 INFO  : Jtag cable 'Digilent JTAG-SMT2NC 210308B3B53D' is selected.
13:30:10 INFO  : 'jtag frequency' command is executed.
13:30:10 INFO  : Sourcing of 'C:/Xilinx/Vitis/2023.1/scripts/vitis/util/zynqmp_utils.tcl' is done.
13:30:10 INFO  : Context for 'APU' is selected.
13:30:11 INFO  : System reset is completed.
13:30:14 INFO  : 'after 3000' command is executed.
13:30:14 INFO  : 'targets -set -filter {jtag_cable_name =~ "Digilent JTAG-SMT2NC 210308B3B53D" && level==0 && jtag_device_ctx=="jsn-JTAG-SMT2NC-210308B3B53D-24738093-0"}' command is executed.
13:30:29 INFO  : Device configured successfully with "C:/Users/shaza/Documents/Xilinx_ZCU102/fpga_demo/project_shell_v2/bitstreams/top3.bit"
13:30:30 INFO  : Context for 'APU' is selected.
13:30:30 INFO  : Hardware design and registers information is loaded from 'C:/Users/shaza/Documents/Xilinx_ZCU102/fpga_demo/sdk_v2/FPGA_Demo/export/FPGA_Demo/hw/top_wrapper.xsa'.
13:30:30 INFO  : 'configparams force-mem-access 1' command is executed.
13:30:30 INFO  : Context for 'APU' is selected.
13:30:30 INFO  : Boot mode is read from the target.
13:30:30 INFO  : Context for processor 'psu_cortexr5_0' is selected.
13:30:30 INFO  : Processor reset is completed for 'psu_cortexr5_0'.
13:30:30 INFO  : The application 'C:/Users/shaza/Documents/Xilinx_ZCU102/fpga_demo/sdk_v2/FPGA_Demo/export/FPGA_Demo/sw/FPGA_Demo/boot/fsbl.elf' is downloaded to processor 'psu_cortexr5_0'.
13:30:30 INFO  : 'set bp_30_30_fsbl_bp [bpadd -addr &XFsbl_Exit]' command is executed.
13:30:31 INFO  : 'con -block -timeout 60' command is executed.
13:30:31 INFO  : 'bpremove $bp_30_30_fsbl_bp' command is executed.
13:30:31 INFO  : Context for processor 'psu_cortexa53_0' is selected.
13:30:31 INFO  : Processor reset is completed for 'psu_cortexa53_0'.
13:30:32 INFO  : The application 'C:/Users/shaza/Documents/Xilinx_ZCU102/fpga_demo/sdk_v2/appx/Debug/appx.elf' is downloaded to processor 'psu_cortexa53_0'.
13:30:32 INFO  : Context for processor 'psu_cortexr5_0' is selected.
13:30:32 INFO  : Processor reset is completed for 'psu_cortexr5_0'.
13:30:33 INFO  : The application 'C:/Users/shaza/Documents/Xilinx_ZCU102/fpga_demo/sdk_v2/fpga_ta/Debug/fpga_ta.elf' is downloaded to processor 'psu_cortexr5_0'.
13:30:33 INFO  : 'configparams force-mem-access 0' command is executed.
13:30:33 INFO  : ----------------XSDB Script----------------
connect -url tcp:127.0.0.1:3121
source C:/Xilinx/Vitis/2023.1/scripts/vitis/util/zynqmp_utils.tcl
targets -set -nocase -filter {name =~"APU*"}
rst -system
after 3000
targets -set -filter {jtag_cable_name =~ "Digilent JTAG-SMT2NC 210308B3B53D" && level==0 && jtag_device_ctx=="jsn-JTAG-SMT2NC-210308B3B53D-24738093-0"}
fpga -file C:/Users/shaza/Documents/Xilinx_ZCU102/fpga_demo/project_shell_v2/bitstreams/top3.bit
targets -set -nocase -filter {name =~"APU*"}
loadhw -hw C:/Users/shaza/Documents/Xilinx_ZCU102/fpga_demo/sdk_v2/FPGA_Demo/export/FPGA_Demo/hw/top_wrapper.xsa -mem-ranges [list {0x80000000 0xbfffffff} {0x400000000 0x5ffffffff} {0x1000000000 0x7fffffffff}] -regs
configparams force-mem-access 1
targets -set -nocase -filter {name =~"APU*"}
set mode [expr [mrd -value 0xFF5E0200] & 0xf]
targets -set -nocase -filter {name =~ "*R5*#0"}
rst -processor
dow C:/Users/shaza/Documents/Xilinx_ZCU102/fpga_demo/sdk_v2/FPGA_Demo/export/FPGA_Demo/sw/FPGA_Demo/boot/fsbl.elf
set bp_30_30_fsbl_bp [bpadd -addr &XFsbl_Exit]
con -block -timeout 60
bpremove $bp_30_30_fsbl_bp
targets -set -nocase -filter {name =~ "*A53*#0"}
rst -processor
dow C:/Users/shaza/Documents/Xilinx_ZCU102/fpga_demo/sdk_v2/appx/Debug/appx.elf
targets -set -nocase -filter {name =~ "*R5*#0"}
rst -processor
dow C:/Users/shaza/Documents/Xilinx_ZCU102/fpga_demo/sdk_v2/fpga_ta/Debug/fpga_ta.elf
configparams force-mem-access 0
----------------End of Script----------------

13:30:33 INFO  : Context for processor 'psu_cortexa53_0' is selected.
13:30:33 INFO  : 'con' command is executed.
13:30:33 INFO  : Context for processor 'psu_cortexr5_0' is selected.
13:30:33 INFO  : 'con' command is executed.
13:30:33 INFO  : ----------------XSDB Script (After Launch)----------------
targets -set -nocase -filter {name =~ "*A53*#0"}
con
targets -set -nocase -filter {name =~ "*R5*#0"}
con
----------------End of Script----------------

13:30:33 INFO  : Launch script is exported to file 'C:\Users\shaza\Documents\Xilinx_ZCU102\fpga_demo\sdk_v2\fpga_ta_system\_ide\scripts\debugger_appx-default_1.tcl'
13:45:24 INFO  : Checking for BSP changes to sync application flags for project 'appx'...
13:45:41 INFO  : Disconnected from the channel tcfchan#12.
13:45:54 INFO  : Connected to target on host '127.0.0.1' and port '3121'.
13:45:54 INFO  : Jtag cable 'Digilent JTAG-SMT2NC 210308B3B53D' is selected.
13:45:54 INFO  : 'jtag frequency' command is executed.
13:45:54 INFO  : Sourcing of 'C:/Xilinx/Vitis/2023.1/scripts/vitis/util/zynqmp_utils.tcl' is done.
13:45:54 INFO  : Context for 'APU' is selected.
13:45:55 INFO  : System reset is completed.
13:45:58 INFO  : 'after 3000' command is executed.
13:45:58 INFO  : 'targets -set -filter {jtag_cable_name =~ "Digilent JTAG-SMT2NC 210308B3B53D" && level==0 && jtag_device_ctx=="jsn-JTAG-SMT2NC-210308B3B53D-24738093-0"}' command is executed.
13:46:13 INFO  : Device configured successfully with "C:/Users/shaza/Documents/Xilinx_ZCU102/fpga_demo/project_shell_v2/bitstreams/top3.bit"
13:46:13 INFO  : Context for 'APU' is selected.
13:46:13 INFO  : Hardware design and registers information is loaded from 'C:/Users/shaza/Documents/Xilinx_ZCU102/fpga_demo/sdk_v2/FPGA_Demo/export/FPGA_Demo/hw/top_wrapper.xsa'.
13:46:13 INFO  : 'configparams force-mem-access 1' command is executed.
13:46:13 INFO  : Context for 'APU' is selected.
13:46:13 INFO  : Boot mode is read from the target.
13:46:13 INFO  : Context for processor 'psu_cortexr5_0' is selected.
13:46:13 INFO  : Processor reset is completed for 'psu_cortexr5_0'.
13:46:14 INFO  : The application 'C:/Users/shaza/Documents/Xilinx_ZCU102/fpga_demo/sdk_v2/FPGA_Demo/export/FPGA_Demo/sw/FPGA_Demo/boot/fsbl.elf' is downloaded to processor 'psu_cortexr5_0'.
13:46:14 INFO  : 'set bp_46_14_fsbl_bp [bpadd -addr &XFsbl_Exit]' command is executed.
13:46:15 INFO  : 'con -block -timeout 60' command is executed.
13:46:15 INFO  : 'bpremove $bp_46_14_fsbl_bp' command is executed.
13:46:15 INFO  : Context for processor 'psu_cortexa53_0' is selected.
13:46:15 INFO  : Processor reset is completed for 'psu_cortexa53_0'.
13:46:16 INFO  : The application 'C:/Users/shaza/Documents/Xilinx_ZCU102/fpga_demo/sdk_v2/appx/Debug/appx.elf' is downloaded to processor 'psu_cortexa53_0'.
13:46:16 INFO  : Context for processor 'psu_cortexr5_0' is selected.
13:46:16 INFO  : Processor reset is completed for 'psu_cortexr5_0'.
13:46:17 INFO  : The application 'C:/Users/shaza/Documents/Xilinx_ZCU102/fpga_demo/sdk_v2/fpga_ta/Debug/fpga_ta.elf' is downloaded to processor 'psu_cortexr5_0'.
13:46:17 INFO  : 'configparams force-mem-access 0' command is executed.
13:46:17 INFO  : ----------------XSDB Script----------------
connect -url tcp:127.0.0.1:3121
source C:/Xilinx/Vitis/2023.1/scripts/vitis/util/zynqmp_utils.tcl
targets -set -nocase -filter {name =~"APU*"}
rst -system
after 3000
targets -set -filter {jtag_cable_name =~ "Digilent JTAG-SMT2NC 210308B3B53D" && level==0 && jtag_device_ctx=="jsn-JTAG-SMT2NC-210308B3B53D-24738093-0"}
fpga -file C:/Users/shaza/Documents/Xilinx_ZCU102/fpga_demo/project_shell_v2/bitstreams/top3.bit
targets -set -nocase -filter {name =~"APU*"}
loadhw -hw C:/Users/shaza/Documents/Xilinx_ZCU102/fpga_demo/sdk_v2/FPGA_Demo/export/FPGA_Demo/hw/top_wrapper.xsa -mem-ranges [list {0x80000000 0xbfffffff} {0x400000000 0x5ffffffff} {0x1000000000 0x7fffffffff}] -regs
configparams force-mem-access 1
targets -set -nocase -filter {name =~"APU*"}
set mode [expr [mrd -value 0xFF5E0200] & 0xf]
targets -set -nocase -filter {name =~ "*R5*#0"}
rst -processor
dow C:/Users/shaza/Documents/Xilinx_ZCU102/fpga_demo/sdk_v2/FPGA_Demo/export/FPGA_Demo/sw/FPGA_Demo/boot/fsbl.elf
set bp_46_14_fsbl_bp [bpadd -addr &XFsbl_Exit]
con -block -timeout 60
bpremove $bp_46_14_fsbl_bp
targets -set -nocase -filter {name =~ "*A53*#0"}
rst -processor
dow C:/Users/shaza/Documents/Xilinx_ZCU102/fpga_demo/sdk_v2/appx/Debug/appx.elf
targets -set -nocase -filter {name =~ "*R5*#0"}
rst -processor
dow C:/Users/shaza/Documents/Xilinx_ZCU102/fpga_demo/sdk_v2/fpga_ta/Debug/fpga_ta.elf
configparams force-mem-access 0
----------------End of Script----------------

13:46:17 INFO  : Context for processor 'psu_cortexa53_0' is selected.
13:46:17 INFO  : 'con' command is executed.
13:46:17 INFO  : Context for processor 'psu_cortexr5_0' is selected.
13:46:17 INFO  : 'con' command is executed.
13:46:17 INFO  : ----------------XSDB Script (After Launch)----------------
targets -set -nocase -filter {name =~ "*A53*#0"}
con
targets -set -nocase -filter {name =~ "*R5*#0"}
con
----------------End of Script----------------

13:46:17 INFO  : Launch script is exported to file 'C:\Users\shaza\Documents\Xilinx_ZCU102\fpga_demo\sdk_v2\fpga_ta_system\_ide\scripts\debugger_appx-default_1.tcl'
13:53:21 INFO  : Disconnected from the channel tcfchan#13.
13:53:51 INFO  : Checking for BSP changes to sync application flags for project 'appx'...
13:54:12 INFO  : Connected to target on host '127.0.0.1' and port '3121'.
13:54:12 INFO  : Jtag cable 'Digilent JTAG-SMT2NC 210308B3B53D' is selected.
13:54:12 INFO  : 'jtag frequency' command is executed.
13:54:12 INFO  : Sourcing of 'C:/Xilinx/Vitis/2023.1/scripts/vitis/util/zynqmp_utils.tcl' is done.
13:54:12 INFO  : Context for 'APU' is selected.
13:54:12 INFO  : System reset is completed.
13:54:15 INFO  : 'after 3000' command is executed.
13:54:16 INFO  : 'targets -set -filter {jtag_cable_name =~ "Digilent JTAG-SMT2NC 210308B3B53D" && level==0 && jtag_device_ctx=="jsn-JTAG-SMT2NC-210308B3B53D-24738093-0"}' command is executed.
13:54:31 INFO  : Device configured successfully with "C:/Users/shaza/Documents/Xilinx_ZCU102/fpga_demo/project_shell_v2/bitstreams/top3.bit"
13:54:31 INFO  : Context for 'APU' is selected.
13:54:31 INFO  : Hardware design and registers information is loaded from 'C:/Users/shaza/Documents/Xilinx_ZCU102/fpga_demo/sdk_v2/FPGA_Demo/export/FPGA_Demo/hw/top_wrapper.xsa'.
13:54:31 INFO  : 'configparams force-mem-access 1' command is executed.
13:54:31 INFO  : Context for 'APU' is selected.
13:54:31 INFO  : Boot mode is read from the target.
13:54:31 INFO  : Context for processor 'psu_cortexr5_0' is selected.
13:54:31 INFO  : Processor reset is completed for 'psu_cortexr5_0'.
13:54:32 INFO  : The application 'C:/Users/shaza/Documents/Xilinx_ZCU102/fpga_demo/sdk_v2/FPGA_Demo/export/FPGA_Demo/sw/FPGA_Demo/boot/fsbl.elf' is downloaded to processor 'psu_cortexr5_0'.
13:54:32 INFO  : 'set bp_54_32_fsbl_bp [bpadd -addr &XFsbl_Exit]' command is executed.
13:54:33 INFO  : 'con -block -timeout 60' command is executed.
13:54:33 INFO  : 'bpremove $bp_54_32_fsbl_bp' command is executed.
13:54:33 INFO  : Context for processor 'psu_cortexa53_0' is selected.
13:54:33 INFO  : Processor reset is completed for 'psu_cortexa53_0'.
13:54:34 INFO  : The application 'C:/Users/shaza/Documents/Xilinx_ZCU102/fpga_demo/sdk_v2/appx/Debug/appx.elf' is downloaded to processor 'psu_cortexa53_0'.
13:54:34 INFO  : Context for processor 'psu_cortexr5_0' is selected.
13:54:34 INFO  : Processor reset is completed for 'psu_cortexr5_0'.
13:54:35 INFO  : The application 'C:/Users/shaza/Documents/Xilinx_ZCU102/fpga_demo/sdk_v2/fpga_ta/Debug/fpga_ta.elf' is downloaded to processor 'psu_cortexr5_0'.
13:54:35 INFO  : 'configparams force-mem-access 0' command is executed.
13:54:35 INFO  : ----------------XSDB Script----------------
connect -url tcp:127.0.0.1:3121
source C:/Xilinx/Vitis/2023.1/scripts/vitis/util/zynqmp_utils.tcl
targets -set -nocase -filter {name =~"APU*"}
rst -system
after 3000
targets -set -filter {jtag_cable_name =~ "Digilent JTAG-SMT2NC 210308B3B53D" && level==0 && jtag_device_ctx=="jsn-JTAG-SMT2NC-210308B3B53D-24738093-0"}
fpga -file C:/Users/shaza/Documents/Xilinx_ZCU102/fpga_demo/project_shell_v2/bitstreams/top3.bit
targets -set -nocase -filter {name =~"APU*"}
loadhw -hw C:/Users/shaza/Documents/Xilinx_ZCU102/fpga_demo/sdk_v2/FPGA_Demo/export/FPGA_Demo/hw/top_wrapper.xsa -mem-ranges [list {0x80000000 0xbfffffff} {0x400000000 0x5ffffffff} {0x1000000000 0x7fffffffff}] -regs
configparams force-mem-access 1
targets -set -nocase -filter {name =~"APU*"}
set mode [expr [mrd -value 0xFF5E0200] & 0xf]
targets -set -nocase -filter {name =~ "*R5*#0"}
rst -processor
dow C:/Users/shaza/Documents/Xilinx_ZCU102/fpga_demo/sdk_v2/FPGA_Demo/export/FPGA_Demo/sw/FPGA_Demo/boot/fsbl.elf
set bp_54_32_fsbl_bp [bpadd -addr &XFsbl_Exit]
con -block -timeout 60
bpremove $bp_54_32_fsbl_bp
targets -set -nocase -filter {name =~ "*A53*#0"}
rst -processor
dow C:/Users/shaza/Documents/Xilinx_ZCU102/fpga_demo/sdk_v2/appx/Debug/appx.elf
targets -set -nocase -filter {name =~ "*R5*#0"}
rst -processor
dow C:/Users/shaza/Documents/Xilinx_ZCU102/fpga_demo/sdk_v2/fpga_ta/Debug/fpga_ta.elf
configparams force-mem-access 0
----------------End of Script----------------

13:54:35 INFO  : Context for processor 'psu_cortexa53_0' is selected.
13:54:35 INFO  : 'con' command is executed.
13:54:35 INFO  : Context for processor 'psu_cortexr5_0' is selected.
13:54:35 INFO  : 'con' command is executed.
13:54:35 INFO  : ----------------XSDB Script (After Launch)----------------
targets -set -nocase -filter {name =~ "*A53*#0"}
con
targets -set -nocase -filter {name =~ "*R5*#0"}
con
----------------End of Script----------------

13:54:35 INFO  : Launch script is exported to file 'C:\Users\shaza\Documents\Xilinx_ZCU102\fpga_demo\sdk_v2\fpga_ta_system\_ide\scripts\debugger_appx-default_1.tcl'
14:43:40 INFO  : Checking for BSP changes to sync application flags for project 'appx'...
14:44:08 INFO  : Checking for BSP changes to sync application flags for project 'appx'...
15:01:44 INFO  : Checking for BSP changes to sync application flags for project 'appx'...
15:02:01 INFO  : Checking for BSP changes to sync application flags for project 'appx'...
15:06:12 INFO  : Checking for BSP changes to sync application flags for project 'appx'...
15:16:13 INFO  : Checking for BSP changes to sync application flags for project 'appx'...
15:23:22 INFO  : Checking for BSP changes to sync application flags for project 'appx'...
15:47:19 INFO  : Checking for BSP changes to sync application flags for project 'appx'...
15:48:55 INFO  : Checking for BSP changes to sync application flags for project 'appx'...
15:49:30 INFO  : Checking for BSP changes to sync application flags for project 'appx'...
15:50:05 INFO  : Checking for BSP changes to sync application flags for project 'appx'...
15:50:23 INFO  : Checking for BSP changes to sync application flags for project 'fpga_ta'...
15:50:55 INFO  : Checking for BSP changes to sync application flags for project 'fpga_ta'...
15:51:29 INFO  : Checking for BSP changes to sync application flags for project 'fpga_ta'...
15:51:49 INFO  : Checking for BSP changes to sync application flags for project 'fpga_ta'...
15:56:05 INFO  : Disconnected from the channel tcfchan#14.
15:56:06 INFO  : Connected to target on host '127.0.0.1' and port '3121'.
15:56:06 INFO  : Jtag cable 'Digilent JTAG-SMT2NC 210308B3B53D' is selected.
15:56:06 INFO  : 'jtag frequency' command is executed.
15:56:06 INFO  : Sourcing of 'C:/Xilinx/Vitis/2023.1/scripts/vitis/util/zynqmp_utils.tcl' is done.
15:56:06 INFO  : Context for 'APU' is selected.
15:56:07 INFO  : System reset is completed.
15:56:10 INFO  : 'after 3000' command is executed.
15:56:10 INFO  : 'targets -set -filter {jtag_cable_name =~ "Digilent JTAG-SMT2NC 210308B3B53D" && level==0 && jtag_device_ctx=="jsn-JTAG-SMT2NC-210308B3B53D-24738093-0"}' command is executed.
15:56:16 ERROR : 'fpga -file C:/Users/shaza/Documents/Xilinx_ZCU102/fpga_demo/project_shell_v2/bitstreams/top3.bit' is cancelled.
15:56:16 ERROR : Exception occured while running Program Device.
java.lang.RuntimeException: 'fpga -file C:/Users/shaza/Documents/Xilinx_ZCU102/fpga_demo/project_shell_v2/bitstreams/top3.bit' is cancelled.
15:56:16 INFO  : ----------------XSDB Script----------------
connect -url tcp:127.0.0.1:3121
source C:/Xilinx/Vitis/2023.1/scripts/vitis/util/zynqmp_utils.tcl
targets -set -nocase -filter {name =~"APU*"}
rst -system
after 3000
----------------End of Script----------------

15:56:16 ERROR : 'fpga -file C:/Users/shaza/Documents/Xilinx_ZCU102/fpga_demo/project_shell_v2/bitstreams/top3.bit' is cancelled.
15:56:55 ERROR : Data file address entered is not valid hex.
15:58:08 INFO  : Connected to target on host '127.0.0.1' and port '3121'.
15:58:08 INFO  : Jtag cable 'Digilent JTAG-SMT2NC 210308B3B53D' is selected.
15:58:08 INFO  : 'jtag frequency' command is executed.
15:58:08 INFO  : Sourcing of 'C:/Xilinx/Vitis/2023.1/scripts/vitis/util/zynqmp_utils.tcl' is done.
15:58:08 INFO  : Context for 'APU' is selected.
15:58:09 INFO  : System reset is completed.
15:58:12 INFO  : 'after 3000' command is executed.
15:58:12 INFO  : 'targets -set -filter {jtag_cable_name =~ "Digilent JTAG-SMT2NC 210308B3B53D" && level==0 && jtag_device_ctx=="jsn-JTAG-SMT2NC-210308B3B53D-24738093-0"}' command is executed.
15:58:27 INFO  : Device configured successfully with "C:/Users/shaza/Documents/Xilinx_ZCU102/fpga_demo/project_shell_v2/bitstreams/top3.bit"
15:58:27 INFO  : Context for 'APU' is selected.
15:58:27 INFO  : Hardware design and registers information is loaded from 'C:/Users/shaza/Documents/Xilinx_ZCU102/fpga_demo/sdk_v2/FPGA_Demo/export/FPGA_Demo/hw/top_wrapper.xsa'.
15:58:27 INFO  : 'configparams force-mem-access 1' command is executed.
15:58:27 INFO  : Context for 'APU' is selected.
15:58:27 INFO  : Boot mode is read from the target.
15:58:27 INFO  : Context for processor 'psu_cortexr5_0' is selected.
15:58:27 INFO  : Processor reset is completed for 'psu_cortexr5_0'.
15:58:28 INFO  : The application 'C:/Users/shaza/Documents/Xilinx_ZCU102/fpga_demo/sdk_v2/FPGA_Demo/export/FPGA_Demo/sw/FPGA_Demo/boot/fsbl.elf' is downloaded to processor 'psu_cortexr5_0'.
15:58:28 INFO  : 'set bp_58_28_fsbl_bp [bpadd -addr &XFsbl_Exit]' command is executed.
15:58:29 INFO  : 'con -block -timeout 60' command is executed.
15:58:29 INFO  : 'bpremove $bp_58_28_fsbl_bp' command is executed.
15:58:29 INFO  : Context for processor 'psu_cortexa53_0' is selected.
15:58:29 INFO  : Processor reset is completed for 'psu_cortexa53_0'.
15:58:35 INFO  : 'dow -data C:/Users/shaza/Documents/Xilinx_ZCU102/fpga_demo/project_shell_v2/bitstreams/vfpga1_shift_left_partial_icap_bs.bin 0x20000000' command is executed.
15:58:36 INFO  : The application 'C:/Users/shaza/Documents/Xilinx_ZCU102/fpga_demo/sdk_v2/appx/Debug/appx.elf' is downloaded to processor 'psu_cortexa53_0'.
15:58:36 INFO  : Context for processor 'psu_cortexr5_0' is selected.
15:58:36 INFO  : Processor reset is completed for 'psu_cortexr5_0'.
15:58:36 INFO  : The application 'C:/Users/shaza/Documents/Xilinx_ZCU102/fpga_demo/sdk_v2/fpga_ta/Debug/fpga_ta.elf' is downloaded to processor 'psu_cortexr5_0'.
15:58:36 INFO  : 'configparams force-mem-access 0' command is executed.
15:58:36 INFO  : ----------------XSDB Script----------------
connect -url tcp:127.0.0.1:3121
source C:/Xilinx/Vitis/2023.1/scripts/vitis/util/zynqmp_utils.tcl
targets -set -nocase -filter {name =~"APU*"}
rst -system
after 3000
targets -set -filter {jtag_cable_name =~ "Digilent JTAG-SMT2NC 210308B3B53D" && level==0 && jtag_device_ctx=="jsn-JTAG-SMT2NC-210308B3B53D-24738093-0"}
fpga -file C:/Users/shaza/Documents/Xilinx_ZCU102/fpga_demo/project_shell_v2/bitstreams/top3.bit
targets -set -nocase -filter {name =~"APU*"}
loadhw -hw C:/Users/shaza/Documents/Xilinx_ZCU102/fpga_demo/sdk_v2/FPGA_Demo/export/FPGA_Demo/hw/top_wrapper.xsa -mem-ranges [list {0x80000000 0xbfffffff} {0x400000000 0x5ffffffff} {0x1000000000 0x7fffffffff}] -regs
configparams force-mem-access 1
targets -set -nocase -filter {name =~"APU*"}
set mode [expr [mrd -value 0xFF5E0200] & 0xf]
targets -set -nocase -filter {name =~ "*R5*#0"}
rst -processor
dow C:/Users/shaza/Documents/Xilinx_ZCU102/fpga_demo/sdk_v2/FPGA_Demo/export/FPGA_Demo/sw/FPGA_Demo/boot/fsbl.elf
set bp_58_28_fsbl_bp [bpadd -addr &XFsbl_Exit]
con -block -timeout 60
bpremove $bp_58_28_fsbl_bp
targets -set -nocase -filter {name =~ "*A53*#0"}
rst -processor
dow -data C:/Users/shaza/Documents/Xilinx_ZCU102/fpga_demo/project_shell_v2/bitstreams/vfpga1_shift_left_partial_icap_bs.bin 0x20000000
dow C:/Users/shaza/Documents/Xilinx_ZCU102/fpga_demo/sdk_v2/appx/Debug/appx.elf
targets -set -nocase -filter {name =~ "*R5*#0"}
rst -processor
dow C:/Users/shaza/Documents/Xilinx_ZCU102/fpga_demo/sdk_v2/fpga_ta/Debug/fpga_ta.elf
configparams force-mem-access 0
----------------End of Script----------------

15:58:36 INFO  : Context for processor 'psu_cortexa53_0' is selected.
15:58:36 INFO  : 'con' command is executed.
15:58:36 INFO  : Context for processor 'psu_cortexr5_0' is selected.
15:58:37 INFO  : 'con' command is executed.
15:58:37 INFO  : ----------------XSDB Script (After Launch)----------------
targets -set -nocase -filter {name =~ "*A53*#0"}
con
targets -set -nocase -filter {name =~ "*R5*#0"}
con
----------------End of Script----------------

15:58:37 INFO  : Launch script is exported to file 'C:\Users\shaza\Documents\Xilinx_ZCU102\fpga_demo\sdk_v2\appx_system\_ide\scripts\debugger_appx-default_1.tcl'
23:13:24 INFO  : Checking for BSP changes to sync application flags for project 'fpga_ta'...
23:15:21 INFO  : Checking for BSP changes to sync application flags for project 'fpga_ta'...
23:16:40 INFO  : Checking for BSP changes to sync application flags for project 'fpga_ta'...
23:17:09 INFO  : Checking for BSP changes to sync application flags for project 'fpga_ta'...
00:43:32 INFO  : Checking for BSP changes to sync application flags for project 'appx'...
00:45:36 INFO  : Checking for BSP changes to sync application flags for project 'fpga_ta'...
01:16:39 INFO  : Disconnected from the channel tcfchan#15.
01:16:40 INFO  : Connected to target on host '127.0.0.1' and port '3121'.
01:16:40 INFO  : Jtag cable 'Digilent JTAG-SMT2NC 210308B3B53D' is selected.
01:16:40 INFO  : 'jtag frequency' command is executed.
01:16:40 INFO  : Sourcing of 'C:/Xilinx/Vitis/2023.1/scripts/vitis/util/zynqmp_utils.tcl' is done.
01:16:40 INFO  : Context for 'APU' is selected.
01:16:41 INFO  : System reset is completed.
01:16:44 INFO  : 'after 3000' command is executed.
01:16:44 INFO  : 'targets -set -filter {jtag_cable_name =~ "Digilent JTAG-SMT2NC 210308B3B53D" && level==0 && jtag_device_ctx=="jsn-JTAG-SMT2NC-210308B3B53D-24738093-0"}' command is executed.
01:17:00 INFO  : Device configured successfully with "C:/Users/shaza/Documents/Xilinx_ZCU102/fpga_demo/project_shell_v2/bitstreams/top3.bit"
01:17:00 INFO  : Context for 'APU' is selected.
01:17:01 INFO  : Hardware design and registers information is loaded from 'C:/Users/shaza/Documents/Xilinx_ZCU102/fpga_demo/sdk_v2/FPGA_Demo/export/FPGA_Demo/hw/top_wrapper.xsa'.
01:17:01 INFO  : 'configparams force-mem-access 1' command is executed.
01:17:01 INFO  : Context for 'APU' is selected.
01:17:01 INFO  : Boot mode is read from the target.
01:17:01 INFO  : Context for processor 'psu_cortexr5_0' is selected.
01:17:01 INFO  : Processor reset is completed for 'psu_cortexr5_0'.
01:17:01 INFO  : The application 'C:/Users/shaza/Documents/Xilinx_ZCU102/fpga_demo/sdk_v2/FPGA_Demo/export/FPGA_Demo/sw/FPGA_Demo/boot/fsbl.elf' is downloaded to processor 'psu_cortexr5_0'.
01:17:02 INFO  : 'set bp_17_1_fsbl_bp [bpadd -addr &XFsbl_Exit]' command is executed.
01:17:03 INFO  : 'con -block -timeout 60' command is executed.
01:17:03 INFO  : 'bpremove $bp_17_1_fsbl_bp' command is executed.
01:17:03 INFO  : Context for processor 'psu_cortexa53_0' is selected.
01:17:03 INFO  : Processor reset is completed for 'psu_cortexa53_0'.
01:17:14 INFO  : 'dow -data C:/Users/shaza/Documents/Xilinx_ZCU102/fpga_demo/project_shell_v2/bitstreams/vfpga1_shift_left_partial_icap_bs.bin 0x20000000' command is executed.
01:17:16 INFO  : The application 'C:/Users/shaza/Documents/Xilinx_ZCU102/fpga_demo/sdk_v2/appx/Debug/appx.elf' is downloaded to processor 'psu_cortexa53_0'.
01:17:16 INFO  : Context for processor 'psu_cortexr5_0' is selected.
01:17:16 INFO  : Processor reset is completed for 'psu_cortexr5_0'.
01:17:17 INFO  : The application 'C:/Users/shaza/Documents/Xilinx_ZCU102/fpga_demo/sdk_v2/fpga_ta/Debug/fpga_ta.elf' is downloaded to processor 'psu_cortexr5_0'.
01:17:17 INFO  : 'configparams force-mem-access 0' command is executed.
01:17:17 INFO  : ----------------XSDB Script----------------
connect -url tcp:127.0.0.1:3121
source C:/Xilinx/Vitis/2023.1/scripts/vitis/util/zynqmp_utils.tcl
targets -set -nocase -filter {name =~"APU*"}
rst -system
after 3000
targets -set -filter {jtag_cable_name =~ "Digilent JTAG-SMT2NC 210308B3B53D" && level==0 && jtag_device_ctx=="jsn-JTAG-SMT2NC-210308B3B53D-24738093-0"}
fpga -file C:/Users/shaza/Documents/Xilinx_ZCU102/fpga_demo/project_shell_v2/bitstreams/top3.bit
targets -set -nocase -filter {name =~"APU*"}
loadhw -hw C:/Users/shaza/Documents/Xilinx_ZCU102/fpga_demo/sdk_v2/FPGA_Demo/export/FPGA_Demo/hw/top_wrapper.xsa -mem-ranges [list {0x80000000 0xbfffffff} {0x400000000 0x5ffffffff} {0x1000000000 0x7fffffffff}] -regs
configparams force-mem-access 1
targets -set -nocase -filter {name =~"APU*"}
set mode [expr [mrd -value 0xFF5E0200] & 0xf]
targets -set -nocase -filter {name =~ "*R5*#0"}
rst -processor
dow C:/Users/shaza/Documents/Xilinx_ZCU102/fpga_demo/sdk_v2/FPGA_Demo/export/FPGA_Demo/sw/FPGA_Demo/boot/fsbl.elf
set bp_17_1_fsbl_bp [bpadd -addr &XFsbl_Exit]
con -block -timeout 60
bpremove $bp_17_1_fsbl_bp
targets -set -nocase -filter {name =~ "*A53*#0"}
rst -processor
dow -data C:/Users/shaza/Documents/Xilinx_ZCU102/fpga_demo/project_shell_v2/bitstreams/vfpga1_shift_left_partial_icap_bs.bin 0x20000000
dow C:/Users/shaza/Documents/Xilinx_ZCU102/fpga_demo/sdk_v2/appx/Debug/appx.elf
targets -set -nocase -filter {name =~ "*R5*#0"}
rst -processor
dow C:/Users/shaza/Documents/Xilinx_ZCU102/fpga_demo/sdk_v2/fpga_ta/Debug/fpga_ta.elf
configparams force-mem-access 0
----------------End of Script----------------

01:17:17 INFO  : Context for processor 'psu_cortexa53_0' is selected.
01:17:17 INFO  : 'con' command is executed.
01:17:17 INFO  : Context for processor 'psu_cortexr5_0' is selected.
01:17:17 INFO  : 'con' command is executed.
01:17:17 INFO  : ----------------XSDB Script (After Launch)----------------
targets -set -nocase -filter {name =~ "*A53*#0"}
con
targets -set -nocase -filter {name =~ "*R5*#0"}
con
----------------End of Script----------------

01:17:17 INFO  : Launch script is exported to file 'C:\Users\shaza\Documents\Xilinx_ZCU102\fpga_demo\sdk_v2\appx_system\_ide\scripts\debugger_appx-default_1.tcl'
01:24:07 INFO  : Disconnected from the channel tcfchan#16.
01:24:10 INFO  : Connected to target on host '127.0.0.1' and port '3121'.
01:24:10 INFO  : Jtag cable 'Digilent JTAG-SMT2NC 210308B3B53D' is selected.
01:24:10 INFO  : 'jtag frequency' command is executed.
01:24:10 INFO  : Sourcing of 'C:/Xilinx/Vitis/2023.1/scripts/vitis/util/zynqmp_utils.tcl' is done.
01:24:10 INFO  : Context for 'APU' is selected.
01:24:11 INFO  : System reset is completed.
01:24:14 INFO  : 'after 3000' command is executed.
01:24:14 INFO  : 'targets -set -filter {jtag_cable_name =~ "Digilent JTAG-SMT2NC 210308B3B53D" && level==0 && jtag_device_ctx=="jsn-JTAG-SMT2NC-210308B3B53D-24738093-0"}' command is executed.
01:24:30 INFO  : Device configured successfully with "C:/Users/shaza/Documents/Xilinx_ZCU102/fpga_demo/project_shell_v2/bitstreams/top3.bit"
01:24:30 INFO  : Context for 'APU' is selected.
01:24:31 INFO  : Hardware design and registers information is loaded from 'C:/Users/shaza/Documents/Xilinx_ZCU102/fpga_demo/sdk_v2/FPGA_Demo/export/FPGA_Demo/hw/top_wrapper.xsa'.
01:24:31 INFO  : 'configparams force-mem-access 1' command is executed.
01:24:31 INFO  : Context for 'APU' is selected.
01:24:31 INFO  : Boot mode is read from the target.
01:24:31 INFO  : Context for processor 'psu_cortexr5_0' is selected.
01:24:31 INFO  : Processor reset is completed for 'psu_cortexr5_0'.
01:24:31 INFO  : The application 'C:/Users/shaza/Documents/Xilinx_ZCU102/fpga_demo/sdk_v2/FPGA_Demo/export/FPGA_Demo/sw/FPGA_Demo/boot/fsbl.elf' is downloaded to processor 'psu_cortexr5_0'.
01:24:31 INFO  : 'set bp_24_31_fsbl_bp [bpadd -addr &XFsbl_Exit]' command is executed.
01:24:32 INFO  : 'con -block -timeout 60' command is executed.
01:24:32 INFO  : 'bpremove $bp_24_31_fsbl_bp' command is executed.
01:24:32 INFO  : Context for processor 'psu_cortexa53_0' is selected.
01:24:33 INFO  : Processor reset is completed for 'psu_cortexa53_0'.
01:24:42 INFO  : 'dow -data C:/Users/shaza/Documents/Xilinx_ZCU102/fpga_demo/project_shell_v2/bitstreams/vfpga1_shift_left_partial_icap_bs.bin 0x20000000' command is executed.
01:24:43 INFO  : The application 'C:/Users/shaza/Documents/Xilinx_ZCU102/fpga_demo/sdk_v2/appx/Debug/appx.elf' is downloaded to processor 'psu_cortexa53_0'.
01:24:44 INFO  : Context for processor 'psu_cortexr5_0' is selected.
01:24:44 INFO  : Processor reset is completed for 'psu_cortexr5_0'.
01:24:44 INFO  : The application 'C:/Users/shaza/Documents/Xilinx_ZCU102/fpga_demo/sdk_v2/fpga_ta/Debug/fpga_ta.elf' is downloaded to processor 'psu_cortexr5_0'.
01:24:44 INFO  : 'configparams force-mem-access 0' command is executed.
01:24:44 INFO  : ----------------XSDB Script----------------
connect -url tcp:127.0.0.1:3121
source C:/Xilinx/Vitis/2023.1/scripts/vitis/util/zynqmp_utils.tcl
targets -set -nocase -filter {name =~"APU*"}
rst -system
after 3000
targets -set -filter {jtag_cable_name =~ "Digilent JTAG-SMT2NC 210308B3B53D" && level==0 && jtag_device_ctx=="jsn-JTAG-SMT2NC-210308B3B53D-24738093-0"}
fpga -file C:/Users/shaza/Documents/Xilinx_ZCU102/fpga_demo/project_shell_v2/bitstreams/top3.bit
targets -set -nocase -filter {name =~"APU*"}
loadhw -hw C:/Users/shaza/Documents/Xilinx_ZCU102/fpga_demo/sdk_v2/FPGA_Demo/export/FPGA_Demo/hw/top_wrapper.xsa -mem-ranges [list {0x80000000 0xbfffffff} {0x400000000 0x5ffffffff} {0x1000000000 0x7fffffffff}] -regs
configparams force-mem-access 1
targets -set -nocase -filter {name =~"APU*"}
set mode [expr [mrd -value 0xFF5E0200] & 0xf]
targets -set -nocase -filter {name =~ "*R5*#0"}
rst -processor
dow C:/Users/shaza/Documents/Xilinx_ZCU102/fpga_demo/sdk_v2/FPGA_Demo/export/FPGA_Demo/sw/FPGA_Demo/boot/fsbl.elf
set bp_24_31_fsbl_bp [bpadd -addr &XFsbl_Exit]
con -block -timeout 60
bpremove $bp_24_31_fsbl_bp
targets -set -nocase -filter {name =~ "*A53*#0"}
rst -processor
dow -data C:/Users/shaza/Documents/Xilinx_ZCU102/fpga_demo/project_shell_v2/bitstreams/vfpga1_shift_left_partial_icap_bs.bin 0x20000000
dow C:/Users/shaza/Documents/Xilinx_ZCU102/fpga_demo/sdk_v2/appx/Debug/appx.elf
targets -set -nocase -filter {name =~ "*R5*#0"}
rst -processor
dow C:/Users/shaza/Documents/Xilinx_ZCU102/fpga_demo/sdk_v2/fpga_ta/Debug/fpga_ta.elf
configparams force-mem-access 0
----------------End of Script----------------

01:24:44 INFO  : Context for processor 'psu_cortexa53_0' is selected.
01:24:44 INFO  : 'con' command is executed.
01:24:44 INFO  : Context for processor 'psu_cortexr5_0' is selected.
01:24:44 INFO  : 'con' command is executed.
01:24:44 INFO  : ----------------XSDB Script (After Launch)----------------
targets -set -nocase -filter {name =~ "*A53*#0"}
con
targets -set -nocase -filter {name =~ "*R5*#0"}
con
----------------End of Script----------------

01:24:44 INFO  : Launch script is exported to file 'C:\Users\shaza\Documents\Xilinx_ZCU102\fpga_demo\sdk_v2\appx_system\_ide\scripts\debugger_appx-default_1.tcl'
01:38:41 INFO  : Disconnected from the channel tcfchan#17.
01:38:56 INFO  : Checking for BSP changes to sync application flags for project 'fpga_ta'...
01:39:19 INFO  : Connected to target on host '127.0.0.1' and port '3121'.
01:39:19 INFO  : Jtag cable 'Digilent JTAG-SMT2NC 210308B3B53D' is selected.
01:39:19 INFO  : 'jtag frequency' command is executed.
01:39:19 INFO  : Sourcing of 'C:/Xilinx/Vitis/2023.1/scripts/vitis/util/zynqmp_utils.tcl' is done.
01:39:19 INFO  : Context for 'APU' is selected.
01:39:20 INFO  : System reset is completed.
01:39:23 INFO  : 'after 3000' command is executed.
01:39:23 INFO  : 'targets -set -filter {jtag_cable_name =~ "Digilent JTAG-SMT2NC 210308B3B53D" && level==0 && jtag_device_ctx=="jsn-JTAG-SMT2NC-210308B3B53D-24738093-0"}' command is executed.
01:39:39 INFO  : Device configured successfully with "C:/Users/shaza/Documents/Xilinx_ZCU102/fpga_demo/project_shell_v2/bitstreams/top3.bit"
01:39:39 INFO  : Context for 'APU' is selected.
01:39:39 INFO  : Hardware design and registers information is loaded from 'C:/Users/shaza/Documents/Xilinx_ZCU102/fpga_demo/sdk_v2/FPGA_Demo/export/FPGA_Demo/hw/top_wrapper.xsa'.
01:39:39 INFO  : 'configparams force-mem-access 1' command is executed.
01:39:39 INFO  : Context for 'APU' is selected.
01:39:39 INFO  : Boot mode is read from the target.
01:39:39 INFO  : Context for processor 'psu_cortexr5_0' is selected.
01:39:39 INFO  : Processor reset is completed for 'psu_cortexr5_0'.
01:39:40 INFO  : The application 'C:/Users/shaza/Documents/Xilinx_ZCU102/fpga_demo/sdk_v2/FPGA_Demo/export/FPGA_Demo/sw/FPGA_Demo/boot/fsbl.elf' is downloaded to processor 'psu_cortexr5_0'.
01:39:40 INFO  : 'set bp_39_40_fsbl_bp [bpadd -addr &XFsbl_Exit]' command is executed.
01:39:41 INFO  : 'con -block -timeout 60' command is executed.
01:39:41 INFO  : 'bpremove $bp_39_40_fsbl_bp' command is executed.
01:39:41 INFO  : Context for processor 'psu_cortexa53_0' is selected.
01:39:41 INFO  : Processor reset is completed for 'psu_cortexa53_0'.
01:39:50 INFO  : 'dow -data C:/Users/shaza/Documents/Xilinx_ZCU102/fpga_demo/project_shell_v2/bitstreams/vfpga1_shift_left_partial_icap_bs.bin 0x20000000' command is executed.
01:39:52 INFO  : The application 'C:/Users/shaza/Documents/Xilinx_ZCU102/fpga_demo/sdk_v2/appx/Debug/appx.elf' is downloaded to processor 'psu_cortexa53_0'.
01:39:52 INFO  : Context for processor 'psu_cortexr5_0' is selected.
01:39:52 INFO  : Processor reset is completed for 'psu_cortexr5_0'.
01:39:53 INFO  : The application 'C:/Users/shaza/Documents/Xilinx_ZCU102/fpga_demo/sdk_v2/fpga_ta/Debug/fpga_ta.elf' is downloaded to processor 'psu_cortexr5_0'.
01:39:53 INFO  : 'configparams force-mem-access 0' command is executed.
01:39:53 INFO  : ----------------XSDB Script----------------
connect -url tcp:127.0.0.1:3121
source C:/Xilinx/Vitis/2023.1/scripts/vitis/util/zynqmp_utils.tcl
targets -set -nocase -filter {name =~"APU*"}
rst -system
after 3000
targets -set -filter {jtag_cable_name =~ "Digilent JTAG-SMT2NC 210308B3B53D" && level==0 && jtag_device_ctx=="jsn-JTAG-SMT2NC-210308B3B53D-24738093-0"}
fpga -file C:/Users/shaza/Documents/Xilinx_ZCU102/fpga_demo/project_shell_v2/bitstreams/top3.bit
targets -set -nocase -filter {name =~"APU*"}
loadhw -hw C:/Users/shaza/Documents/Xilinx_ZCU102/fpga_demo/sdk_v2/FPGA_Demo/export/FPGA_Demo/hw/top_wrapper.xsa -mem-ranges [list {0x80000000 0xbfffffff} {0x400000000 0x5ffffffff} {0x1000000000 0x7fffffffff}] -regs
configparams force-mem-access 1
targets -set -nocase -filter {name =~"APU*"}
set mode [expr [mrd -value 0xFF5E0200] & 0xf]
targets -set -nocase -filter {name =~ "*R5*#0"}
rst -processor
dow C:/Users/shaza/Documents/Xilinx_ZCU102/fpga_demo/sdk_v2/FPGA_Demo/export/FPGA_Demo/sw/FPGA_Demo/boot/fsbl.elf
set bp_39_40_fsbl_bp [bpadd -addr &XFsbl_Exit]
con -block -timeout 60
bpremove $bp_39_40_fsbl_bp
targets -set -nocase -filter {name =~ "*A53*#0"}
rst -processor
dow -data C:/Users/shaza/Documents/Xilinx_ZCU102/fpga_demo/project_shell_v2/bitstreams/vfpga1_shift_left_partial_icap_bs.bin 0x20000000
dow C:/Users/shaza/Documents/Xilinx_ZCU102/fpga_demo/sdk_v2/appx/Debug/appx.elf
targets -set -nocase -filter {name =~ "*R5*#0"}
rst -processor
dow C:/Users/shaza/Documents/Xilinx_ZCU102/fpga_demo/sdk_v2/fpga_ta/Debug/fpga_ta.elf
configparams force-mem-access 0
----------------End of Script----------------

01:39:53 INFO  : Context for processor 'psu_cortexa53_0' is selected.
01:39:53 INFO  : 'con' command is executed.
01:39:53 INFO  : Context for processor 'psu_cortexr5_0' is selected.
01:39:53 INFO  : 'con' command is executed.
01:39:53 INFO  : ----------------XSDB Script (After Launch)----------------
targets -set -nocase -filter {name =~ "*A53*#0"}
con
targets -set -nocase -filter {name =~ "*R5*#0"}
con
----------------End of Script----------------

01:39:53 INFO  : Launch script is exported to file 'C:\Users\shaza\Documents\Xilinx_ZCU102\fpga_demo\sdk_v2\appx_system\_ide\scripts\debugger_appx-default_1.tcl'
01:43:27 INFO  : Disconnected from the channel tcfchan#18.
01:43:28 INFO  : Connected to target on host '127.0.0.1' and port '3121'.
01:43:28 INFO  : Jtag cable 'Digilent JTAG-SMT2NC 210308B3B53D' is selected.
01:43:28 INFO  : 'jtag frequency' command is executed.
01:43:28 INFO  : Sourcing of 'C:/Xilinx/Vitis/2023.1/scripts/vitis/util/zynqmp_utils.tcl' is done.
01:43:28 INFO  : Context for 'APU' is selected.
01:43:29 INFO  : System reset is completed.
01:43:32 INFO  : 'after 3000' command is executed.
01:43:32 INFO  : 'targets -set -filter {jtag_cable_name =~ "Digilent JTAG-SMT2NC 210308B3B53D" && level==0 && jtag_device_ctx=="jsn-JTAG-SMT2NC-210308B3B53D-24738093-0"}' command is executed.
01:43:49 INFO  : Device configured successfully with "C:/Users/shaza/Documents/Xilinx_ZCU102/fpga_demo/project_shell_v2/bitstreams/top3.bit"
01:43:49 INFO  : Context for 'APU' is selected.
01:43:49 INFO  : Hardware design and registers information is loaded from 'C:/Users/shaza/Documents/Xilinx_ZCU102/fpga_demo/sdk_v2/FPGA_Demo/export/FPGA_Demo/hw/top_wrapper.xsa'.
01:43:49 INFO  : 'configparams force-mem-access 1' command is executed.
01:43:49 INFO  : Context for 'APU' is selected.
01:43:49 INFO  : Boot mode is read from the target.
01:43:49 INFO  : Context for processor 'psu_cortexr5_0' is selected.
01:43:49 INFO  : Processor reset is completed for 'psu_cortexr5_0'.
01:43:50 INFO  : The application 'C:/Users/shaza/Documents/Xilinx_ZCU102/fpga_demo/sdk_v2/FPGA_Demo/export/FPGA_Demo/sw/FPGA_Demo/boot/fsbl.elf' is downloaded to processor 'psu_cortexr5_0'.
01:43:50 INFO  : 'set bp_43_50_fsbl_bp [bpadd -addr &XFsbl_Exit]' command is executed.
01:43:51 INFO  : 'con -block -timeout 60' command is executed.
01:43:51 INFO  : 'bpremove $bp_43_50_fsbl_bp' command is executed.
01:43:51 INFO  : Context for processor 'psu_cortexa53_0' is selected.
01:43:51 INFO  : Processor reset is completed for 'psu_cortexa53_0'.
01:44:00 INFO  : 'dow -data C:/Users/shaza/Documents/Xilinx_ZCU102/fpga_demo/project_shell_v2/bitstreams/vfpga1_shift_left_partial_icap_bs.bin 0x20000000' command is executed.
01:44:02 INFO  : The application 'C:/Users/shaza/Documents/Xilinx_ZCU102/fpga_demo/sdk_v2/appx/Debug/appx.elf' is downloaded to processor 'psu_cortexa53_0'.
01:44:02 INFO  : Context for processor 'psu_cortexr5_0' is selected.
01:44:02 INFO  : Processor reset is completed for 'psu_cortexr5_0'.
01:44:03 INFO  : The application 'C:/Users/shaza/Documents/Xilinx_ZCU102/fpga_demo/sdk_v2/fpga_ta/Debug/fpga_ta.elf' is downloaded to processor 'psu_cortexr5_0'.
01:44:03 INFO  : 'configparams force-mem-access 0' command is executed.
01:44:03 INFO  : ----------------XSDB Script----------------
connect -url tcp:127.0.0.1:3121
source C:/Xilinx/Vitis/2023.1/scripts/vitis/util/zynqmp_utils.tcl
targets -set -nocase -filter {name =~"APU*"}
rst -system
after 3000
targets -set -filter {jtag_cable_name =~ "Digilent JTAG-SMT2NC 210308B3B53D" && level==0 && jtag_device_ctx=="jsn-JTAG-SMT2NC-210308B3B53D-24738093-0"}
fpga -file C:/Users/shaza/Documents/Xilinx_ZCU102/fpga_demo/project_shell_v2/bitstreams/top3.bit
targets -set -nocase -filter {name =~"APU*"}
loadhw -hw C:/Users/shaza/Documents/Xilinx_ZCU102/fpga_demo/sdk_v2/FPGA_Demo/export/FPGA_Demo/hw/top_wrapper.xsa -mem-ranges [list {0x80000000 0xbfffffff} {0x400000000 0x5ffffffff} {0x1000000000 0x7fffffffff}] -regs
configparams force-mem-access 1
targets -set -nocase -filter {name =~"APU*"}
set mode [expr [mrd -value 0xFF5E0200] & 0xf]
targets -set -nocase -filter {name =~ "*R5*#0"}
rst -processor
dow C:/Users/shaza/Documents/Xilinx_ZCU102/fpga_demo/sdk_v2/FPGA_Demo/export/FPGA_Demo/sw/FPGA_Demo/boot/fsbl.elf
set bp_43_50_fsbl_bp [bpadd -addr &XFsbl_Exit]
con -block -timeout 60
bpremove $bp_43_50_fsbl_bp
targets -set -nocase -filter {name =~ "*A53*#0"}
rst -processor
dow -data C:/Users/shaza/Documents/Xilinx_ZCU102/fpga_demo/project_shell_v2/bitstreams/vfpga1_shift_left_partial_icap_bs.bin 0x20000000
dow C:/Users/shaza/Documents/Xilinx_ZCU102/fpga_demo/sdk_v2/appx/Debug/appx.elf
targets -set -nocase -filter {name =~ "*R5*#0"}
rst -processor
dow C:/Users/shaza/Documents/Xilinx_ZCU102/fpga_demo/sdk_v2/fpga_ta/Debug/fpga_ta.elf
configparams force-mem-access 0
----------------End of Script----------------

01:44:03 INFO  : Context for processor 'psu_cortexa53_0' is selected.
01:44:03 INFO  : 'con' command is executed.
01:44:03 INFO  : Context for processor 'psu_cortexr5_0' is selected.
01:44:03 INFO  : 'con' command is executed.
01:44:03 INFO  : ----------------XSDB Script (After Launch)----------------
targets -set -nocase -filter {name =~ "*A53*#0"}
con
targets -set -nocase -filter {name =~ "*R5*#0"}
con
----------------End of Script----------------

01:44:03 INFO  : Launch script is exported to file 'C:\Users\shaza\Documents\Xilinx_ZCU102\fpga_demo\sdk_v2\appx_system\_ide\scripts\debugger_appx-default_1.tcl'
01:48:05 INFO  : Checking for BSP changes to sync application flags for project 'fpga_ta'...
01:48:22 INFO  : Disconnected from the channel tcfchan#19.
01:48:23 INFO  : Connected to target on host '127.0.0.1' and port '3121'.
01:48:24 INFO  : Jtag cable 'Digilent JTAG-SMT2NC 210308B3B53D' is selected.
01:48:24 INFO  : 'jtag frequency' command is executed.
01:48:24 INFO  : Sourcing of 'C:/Xilinx/Vitis/2023.1/scripts/vitis/util/zynqmp_utils.tcl' is done.
01:48:24 INFO  : Context for 'APU' is selected.
01:48:24 INFO  : System reset is completed.
01:48:27 INFO  : 'after 3000' command is executed.
01:48:27 INFO  : 'targets -set -filter {jtag_cable_name =~ "Digilent JTAG-SMT2NC 210308B3B53D" && level==0 && jtag_device_ctx=="jsn-JTAG-SMT2NC-210308B3B53D-24738093-0"}' command is executed.
01:48:44 INFO  : Device configured successfully with "C:/Users/shaza/Documents/Xilinx_ZCU102/fpga_demo/project_shell_v2/bitstreams/top3.bit"
01:48:44 INFO  : Context for 'APU' is selected.
01:48:44 INFO  : Hardware design and registers information is loaded from 'C:/Users/shaza/Documents/Xilinx_ZCU102/fpga_demo/sdk_v2/FPGA_Demo/export/FPGA_Demo/hw/top_wrapper.xsa'.
01:48:44 INFO  : 'configparams force-mem-access 1' command is executed.
01:48:44 INFO  : Context for 'APU' is selected.
01:48:44 INFO  : Boot mode is read from the target.
01:48:44 INFO  : Context for processor 'psu_cortexr5_0' is selected.
01:48:45 INFO  : Processor reset is completed for 'psu_cortexr5_0'.
01:48:45 INFO  : The application 'C:/Users/shaza/Documents/Xilinx_ZCU102/fpga_demo/sdk_v2/FPGA_Demo/export/FPGA_Demo/sw/FPGA_Demo/boot/fsbl.elf' is downloaded to processor 'psu_cortexr5_0'.
01:48:45 INFO  : 'set bp_48_45_fsbl_bp [bpadd -addr &XFsbl_Exit]' command is executed.
01:48:46 INFO  : 'con -block -timeout 60' command is executed.
01:48:46 INFO  : 'bpremove $bp_48_45_fsbl_bp' command is executed.
01:48:46 INFO  : Context for processor 'psu_cortexa53_0' is selected.
01:48:46 INFO  : Processor reset is completed for 'psu_cortexa53_0'.
01:48:55 INFO  : 'dow -data C:/Users/shaza/Documents/Xilinx_ZCU102/fpga_demo/project_shell_v2/bitstreams/vfpga1_shift_left_partial_icap_bs.bin 0x20000000' command is executed.
01:48:56 INFO  : The application 'C:/Users/shaza/Documents/Xilinx_ZCU102/fpga_demo/sdk_v2/appx/Debug/appx.elf' is downloaded to processor 'psu_cortexa53_0'.
01:48:56 INFO  : Context for processor 'psu_cortexr5_0' is selected.
01:48:57 INFO  : Processor reset is completed for 'psu_cortexr5_0'.
01:48:57 INFO  : The application 'C:/Users/shaza/Documents/Xilinx_ZCU102/fpga_demo/sdk_v2/fpga_ta/Debug/fpga_ta.elf' is downloaded to processor 'psu_cortexr5_0'.
01:48:57 INFO  : 'configparams force-mem-access 0' command is executed.
01:48:57 INFO  : ----------------XSDB Script----------------
connect -url tcp:127.0.0.1:3121
source C:/Xilinx/Vitis/2023.1/scripts/vitis/util/zynqmp_utils.tcl
targets -set -nocase -filter {name =~"APU*"}
rst -system
after 3000
targets -set -filter {jtag_cable_name =~ "Digilent JTAG-SMT2NC 210308B3B53D" && level==0 && jtag_device_ctx=="jsn-JTAG-SMT2NC-210308B3B53D-24738093-0"}
fpga -file C:/Users/shaza/Documents/Xilinx_ZCU102/fpga_demo/project_shell_v2/bitstreams/top3.bit
targets -set -nocase -filter {name =~"APU*"}
loadhw -hw C:/Users/shaza/Documents/Xilinx_ZCU102/fpga_demo/sdk_v2/FPGA_Demo/export/FPGA_Demo/hw/top_wrapper.xsa -mem-ranges [list {0x80000000 0xbfffffff} {0x400000000 0x5ffffffff} {0x1000000000 0x7fffffffff}] -regs
configparams force-mem-access 1
targets -set -nocase -filter {name =~"APU*"}
set mode [expr [mrd -value 0xFF5E0200] & 0xf]
targets -set -nocase -filter {name =~ "*R5*#0"}
rst -processor
dow C:/Users/shaza/Documents/Xilinx_ZCU102/fpga_demo/sdk_v2/FPGA_Demo/export/FPGA_Demo/sw/FPGA_Demo/boot/fsbl.elf
set bp_48_45_fsbl_bp [bpadd -addr &XFsbl_Exit]
con -block -timeout 60
bpremove $bp_48_45_fsbl_bp
targets -set -nocase -filter {name =~ "*A53*#0"}
rst -processor
dow -data C:/Users/shaza/Documents/Xilinx_ZCU102/fpga_demo/project_shell_v2/bitstreams/vfpga1_shift_left_partial_icap_bs.bin 0x20000000
dow C:/Users/shaza/Documents/Xilinx_ZCU102/fpga_demo/sdk_v2/appx/Debug/appx.elf
targets -set -nocase -filter {name =~ "*R5*#0"}
rst -processor
dow C:/Users/shaza/Documents/Xilinx_ZCU102/fpga_demo/sdk_v2/fpga_ta/Debug/fpga_ta.elf
configparams force-mem-access 0
----------------End of Script----------------

01:48:58 INFO  : Context for processor 'psu_cortexa53_0' is selected.
01:48:58 INFO  : 'con' command is executed.
01:48:58 INFO  : Context for processor 'psu_cortexr5_0' is selected.
01:48:58 INFO  : 'con' command is executed.
01:48:58 INFO  : ----------------XSDB Script (After Launch)----------------
targets -set -nocase -filter {name =~ "*A53*#0"}
con
targets -set -nocase -filter {name =~ "*R5*#0"}
con
----------------End of Script----------------

01:48:58 INFO  : Launch script is exported to file 'C:\Users\shaza\Documents\Xilinx_ZCU102\fpga_demo\sdk_v2\appx_system\_ide\scripts\debugger_appx-default_1.tcl'
01:50:10 INFO  : Disconnected from the channel tcfchan#20.
01:50:11 INFO  : Connected to target on host '127.0.0.1' and port '3121'.
01:50:12 INFO  : Jtag cable 'Digilent JTAG-SMT2NC 210308B3B53D' is selected.
01:50:12 INFO  : 'jtag frequency' command is executed.
01:50:12 INFO  : Sourcing of 'C:/Xilinx/Vitis/2023.1/scripts/vitis/util/zynqmp_utils.tcl' is done.
01:50:12 INFO  : Context for 'APU' is selected.
01:50:12 INFO  : System reset is completed.
01:50:15 INFO  : 'after 3000' command is executed.
01:50:15 INFO  : 'targets -set -filter {jtag_cable_name =~ "Digilent JTAG-SMT2NC 210308B3B53D" && level==0 && jtag_device_ctx=="jsn-JTAG-SMT2NC-210308B3B53D-24738093-0"}' command is executed.
01:50:32 INFO  : Device configured successfully with "C:/Users/shaza/Documents/Xilinx_ZCU102/fpga_demo/project_shell_v2/bitstreams/top3.bit"
01:50:32 INFO  : Context for 'APU' is selected.
01:50:32 INFO  : Hardware design and registers information is loaded from 'C:/Users/shaza/Documents/Xilinx_ZCU102/fpga_demo/sdk_v2/FPGA_Demo/export/FPGA_Demo/hw/top_wrapper.xsa'.
01:50:32 INFO  : 'configparams force-mem-access 1' command is executed.
01:50:32 INFO  : Context for 'APU' is selected.
01:50:32 INFO  : Boot mode is read from the target.
01:50:32 INFO  : Context for processor 'psu_cortexr5_0' is selected.
01:50:32 INFO  : Processor reset is completed for 'psu_cortexr5_0'.
01:50:33 INFO  : The application 'C:/Users/shaza/Documents/Xilinx_ZCU102/fpga_demo/sdk_v2/FPGA_Demo/export/FPGA_Demo/sw/FPGA_Demo/boot/fsbl.elf' is downloaded to processor 'psu_cortexr5_0'.
01:50:33 INFO  : 'set bp_50_33_fsbl_bp [bpadd -addr &XFsbl_Exit]' command is executed.
01:50:34 INFO  : 'con -block -timeout 60' command is executed.
01:50:34 INFO  : 'bpremove $bp_50_33_fsbl_bp' command is executed.
01:50:34 INFO  : Context for processor 'psu_cortexa53_0' is selected.
01:50:34 INFO  : Processor reset is completed for 'psu_cortexa53_0'.
01:50:43 INFO  : 'dow -data C:/Users/shaza/Documents/Xilinx_ZCU102/fpga_demo/project_shell_v2/bitstreams/vfpga1_shift_left_partial_icap_bs.bin 0x20000000' command is executed.
01:50:45 INFO  : The application 'C:/Users/shaza/Documents/Xilinx_ZCU102/fpga_demo/sdk_v2/appx/Debug/appx.elf' is downloaded to processor 'psu_cortexa53_0'.
01:50:45 INFO  : Context for processor 'psu_cortexr5_0' is selected.
01:50:45 INFO  : Processor reset is completed for 'psu_cortexr5_0'.
01:50:46 INFO  : The application 'C:/Users/shaza/Documents/Xilinx_ZCU102/fpga_demo/sdk_v2/fpga_ta/Debug/fpga_ta.elf' is downloaded to processor 'psu_cortexr5_0'.
01:50:46 INFO  : 'configparams force-mem-access 0' command is executed.
01:50:46 INFO  : ----------------XSDB Script----------------
connect -url tcp:127.0.0.1:3121
source C:/Xilinx/Vitis/2023.1/scripts/vitis/util/zynqmp_utils.tcl
targets -set -nocase -filter {name =~"APU*"}
rst -system
after 3000
targets -set -filter {jtag_cable_name =~ "Digilent JTAG-SMT2NC 210308B3B53D" && level==0 && jtag_device_ctx=="jsn-JTAG-SMT2NC-210308B3B53D-24738093-0"}
fpga -file C:/Users/shaza/Documents/Xilinx_ZCU102/fpga_demo/project_shell_v2/bitstreams/top3.bit
targets -set -nocase -filter {name =~"APU*"}
loadhw -hw C:/Users/shaza/Documents/Xilinx_ZCU102/fpga_demo/sdk_v2/FPGA_Demo/export/FPGA_Demo/hw/top_wrapper.xsa -mem-ranges [list {0x80000000 0xbfffffff} {0x400000000 0x5ffffffff} {0x1000000000 0x7fffffffff}] -regs
configparams force-mem-access 1
targets -set -nocase -filter {name =~"APU*"}
set mode [expr [mrd -value 0xFF5E0200] & 0xf]
targets -set -nocase -filter {name =~ "*R5*#0"}
rst -processor
dow C:/Users/shaza/Documents/Xilinx_ZCU102/fpga_demo/sdk_v2/FPGA_Demo/export/FPGA_Demo/sw/FPGA_Demo/boot/fsbl.elf
set bp_50_33_fsbl_bp [bpadd -addr &XFsbl_Exit]
con -block -timeout 60
bpremove $bp_50_33_fsbl_bp
targets -set -nocase -filter {name =~ "*A53*#0"}
rst -processor
dow -data C:/Users/shaza/Documents/Xilinx_ZCU102/fpga_demo/project_shell_v2/bitstreams/vfpga1_shift_left_partial_icap_bs.bin 0x20000000
dow C:/Users/shaza/Documents/Xilinx_ZCU102/fpga_demo/sdk_v2/appx/Debug/appx.elf
targets -set -nocase -filter {name =~ "*R5*#0"}
rst -processor
dow C:/Users/shaza/Documents/Xilinx_ZCU102/fpga_demo/sdk_v2/fpga_ta/Debug/fpga_ta.elf
configparams force-mem-access 0
----------------End of Script----------------

01:50:46 INFO  : Context for processor 'psu_cortexa53_0' is selected.
01:50:46 INFO  : 'con' command is executed.
01:50:46 INFO  : Context for processor 'psu_cortexr5_0' is selected.
01:50:46 INFO  : 'con' command is executed.
01:50:46 INFO  : ----------------XSDB Script (After Launch)----------------
targets -set -nocase -filter {name =~ "*A53*#0"}
con
targets -set -nocase -filter {name =~ "*R5*#0"}
con
----------------End of Script----------------

01:50:46 INFO  : Launch script is exported to file 'C:\Users\shaza\Documents\Xilinx_ZCU102\fpga_demo\sdk_v2\appx_system\_ide\scripts\debugger_appx-default_1.tcl'
01:52:02 INFO  : Disconnected from the channel tcfchan#21.
01:52:17 WARN  : channel "tcfchan#5" closed
01:52:34 INFO  : Connected to target on host '127.0.0.1' and port '3121'.
01:52:35 INFO  : Jtag cable 'Digilent JTAG-SMT2NC 210308B3B53D' is selected.
01:52:35 INFO  : 'jtag frequency' command is executed.
01:52:35 INFO  : Sourcing of 'C:/Xilinx/Vitis/2023.1/scripts/vitis/util/zynqmp_utils.tcl' is done.
01:52:35 INFO  : Context for 'APU' is selected.
01:52:35 INFO  : System reset is completed.
01:52:38 INFO  : 'after 3000' command is executed.
01:52:39 INFO  : 'targets -set -filter {jtag_cable_name =~ "Digilent JTAG-SMT2NC 210308B3B53D" && level==0 && jtag_device_ctx=="jsn-JTAG-SMT2NC-210308B3B53D-24738093-0"}' command is executed.
01:52:55 INFO  : Device configured successfully with "C:/Users/shaza/Documents/Xilinx_ZCU102/fpga_demo/project_shell_v2/bitstreams/top3.bit"
01:52:55 INFO  : Context for 'APU' is selected.
01:52:55 INFO  : Hardware design and registers information is loaded from 'C:/Users/shaza/Documents/Xilinx_ZCU102/fpga_demo/sdk_v2/FPGA_Demo/export/FPGA_Demo/hw/top_wrapper.xsa'.
01:52:55 INFO  : 'configparams force-mem-access 1' command is executed.
01:52:55 INFO  : Context for 'APU' is selected.
01:52:55 INFO  : Boot mode is read from the target.
01:52:55 INFO  : Context for processor 'psu_cortexr5_0' is selected.
01:52:55 INFO  : Processor reset is completed for 'psu_cortexr5_0'.
01:52:55 INFO  : The application 'C:/Users/shaza/Documents/Xilinx_ZCU102/fpga_demo/sdk_v2/FPGA_Demo/export/FPGA_Demo/sw/FPGA_Demo/boot/fsbl.elf' is downloaded to processor 'psu_cortexr5_0'.
01:52:56 INFO  : 'set bp_52_55_fsbl_bp [bpadd -addr &XFsbl_Exit]' command is executed.
01:52:57 INFO  : 'con -block -timeout 60' command is executed.
01:52:57 INFO  : 'bpremove $bp_52_55_fsbl_bp' command is executed.
01:52:57 INFO  : Context for processor 'psu_cortexa53_0' is selected.
01:52:57 INFO  : Processor reset is completed for 'psu_cortexa53_0'.
01:53:06 INFO  : 'dow -data C:/Users/shaza/Documents/Xilinx_ZCU102/fpga_demo/project_shell_v2/bitstreams/vfpga1_shift_left_partial_icap_bs.bin 0x20000000' command is executed.
01:53:08 INFO  : The application 'C:/Users/shaza/Documents/Xilinx_ZCU102/fpga_demo/sdk_v2/appx/Debug/appx.elf' is downloaded to processor 'psu_cortexa53_0'.
01:53:08 INFO  : Context for processor 'psu_cortexr5_0' is selected.
01:53:08 INFO  : Processor reset is completed for 'psu_cortexr5_0'.
01:53:09 INFO  : The application 'C:/Users/shaza/Documents/Xilinx_ZCU102/fpga_demo/sdk_v2/fpga_ta/Debug/fpga_ta.elf' is downloaded to processor 'psu_cortexr5_0'.
01:53:09 INFO  : 'configparams force-mem-access 0' command is executed.
01:53:09 INFO  : ----------------XSDB Script----------------
connect -url tcp:127.0.0.1:3121
source C:/Xilinx/Vitis/2023.1/scripts/vitis/util/zynqmp_utils.tcl
targets -set -nocase -filter {name =~"APU*"}
rst -system
after 3000
targets -set -filter {jtag_cable_name =~ "Digilent JTAG-SMT2NC 210308B3B53D" && level==0 && jtag_device_ctx=="jsn-JTAG-SMT2NC-210308B3B53D-24738093-0"}
fpga -file C:/Users/shaza/Documents/Xilinx_ZCU102/fpga_demo/project_shell_v2/bitstreams/top3.bit
targets -set -nocase -filter {name =~"APU*"}
loadhw -hw C:/Users/shaza/Documents/Xilinx_ZCU102/fpga_demo/sdk_v2/FPGA_Demo/export/FPGA_Demo/hw/top_wrapper.xsa -mem-ranges [list {0x80000000 0xbfffffff} {0x400000000 0x5ffffffff} {0x1000000000 0x7fffffffff}] -regs
configparams force-mem-access 1
targets -set -nocase -filter {name =~"APU*"}
set mode [expr [mrd -value 0xFF5E0200] & 0xf]
targets -set -nocase -filter {name =~ "*R5*#0"}
rst -processor
dow C:/Users/shaza/Documents/Xilinx_ZCU102/fpga_demo/sdk_v2/FPGA_Demo/export/FPGA_Demo/sw/FPGA_Demo/boot/fsbl.elf
set bp_52_55_fsbl_bp [bpadd -addr &XFsbl_Exit]
con -block -timeout 60
bpremove $bp_52_55_fsbl_bp
targets -set -nocase -filter {name =~ "*A53*#0"}
rst -processor
dow -data C:/Users/shaza/Documents/Xilinx_ZCU102/fpga_demo/project_shell_v2/bitstreams/vfpga1_shift_left_partial_icap_bs.bin 0x20000000
dow C:/Users/shaza/Documents/Xilinx_ZCU102/fpga_demo/sdk_v2/appx/Debug/appx.elf
targets -set -nocase -filter {name =~ "*R5*#0"}
rst -processor
dow C:/Users/shaza/Documents/Xilinx_ZCU102/fpga_demo/sdk_v2/fpga_ta/Debug/fpga_ta.elf
configparams force-mem-access 0
----------------End of Script----------------

01:53:09 INFO  : Context for processor 'psu_cortexa53_0' is selected.
01:53:09 INFO  : 'con' command is executed.
01:53:09 INFO  : Context for processor 'psu_cortexr5_0' is selected.
01:53:09 INFO  : 'con' command is executed.
01:53:09 INFO  : ----------------XSDB Script (After Launch)----------------
targets -set -nocase -filter {name =~ "*A53*#0"}
con
targets -set -nocase -filter {name =~ "*R5*#0"}
con
----------------End of Script----------------

01:53:09 INFO  : Launch script is exported to file 'C:\Users\shaza\Documents\Xilinx_ZCU102\fpga_demo\sdk_v2\appx_system\_ide\scripts\debugger_appx-default_1.tcl'
01:54:35 INFO  : Disconnected from the channel tcfchan#22.
01:55:07 INFO  : Connected to target on host '127.0.0.1' and port '3121'.
01:55:08 INFO  : Jtag cable 'Digilent JTAG-SMT2NC 210308B3B53D' is selected.
01:55:08 INFO  : 'jtag frequency' command is executed.
01:55:08 INFO  : Sourcing of 'C:/Xilinx/Vitis/2023.1/scripts/vitis/util/zynqmp_utils.tcl' is done.
01:55:08 INFO  : Context for 'APU' is selected.
01:55:08 INFO  : System reset is completed.
01:55:11 INFO  : 'after 3000' command is executed.
01:55:11 INFO  : 'targets -set -filter {jtag_cable_name =~ "Digilent JTAG-SMT2NC 210308B3B53D" && level==0 && jtag_device_ctx=="jsn-JTAG-SMT2NC-210308B3B53D-24738093-0"}' command is executed.
01:55:28 INFO  : Device configured successfully with "C:/Users/shaza/Documents/Xilinx_ZCU102/fpga_demo/project_shell_v2/bitstreams/top3.bit"
01:55:28 INFO  : Context for 'APU' is selected.
01:55:28 INFO  : Hardware design and registers information is loaded from 'C:/Users/shaza/Documents/Xilinx_ZCU102/fpga_demo/sdk_v2/FPGA_Demo/export/FPGA_Demo/hw/top_wrapper.xsa'.
01:55:28 INFO  : 'configparams force-mem-access 1' command is executed.
01:55:28 INFO  : Context for 'APU' is selected.
01:55:28 INFO  : Boot mode is read from the target.
01:55:28 INFO  : Context for processor 'psu_cortexr5_0' is selected.
01:55:28 INFO  : Processor reset is completed for 'psu_cortexr5_0'.
01:55:29 INFO  : The application 'C:/Users/shaza/Documents/Xilinx_ZCU102/fpga_demo/sdk_v2/FPGA_Demo/export/FPGA_Demo/sw/FPGA_Demo/boot/fsbl.elf' is downloaded to processor 'psu_cortexr5_0'.
01:55:29 INFO  : 'set bp_55_29_fsbl_bp [bpadd -addr &XFsbl_Exit]' command is executed.
01:55:30 INFO  : 'con -block -timeout 60' command is executed.
01:55:30 INFO  : 'bpremove $bp_55_29_fsbl_bp' command is executed.
01:55:30 INFO  : Context for processor 'psu_cortexa53_0' is selected.
01:55:30 INFO  : Processor reset is completed for 'psu_cortexa53_0'.
01:55:40 INFO  : 'dow -data C:/Users/shaza/Documents/Xilinx_ZCU102/fpga_demo/project_shell_v2/bitstreams/vfpga1_shift_left_partial_icap_bs.bin 0x20000000' command is executed.
01:55:42 INFO  : The application 'C:/Users/shaza/Documents/Xilinx_ZCU102/fpga_demo/sdk_v2/appx/Debug/appx.elf' is downloaded to processor 'psu_cortexa53_0'.
01:55:42 INFO  : Context for processor 'psu_cortexr5_0' is selected.
01:55:42 INFO  : Processor reset is completed for 'psu_cortexr5_0'.
01:55:43 INFO  : The application 'C:/Users/shaza/Documents/Xilinx_ZCU102/fpga_demo/sdk_v2/fpga_ta/Debug/fpga_ta.elf' is downloaded to processor 'psu_cortexr5_0'.
01:55:43 INFO  : 'configparams force-mem-access 0' command is executed.
01:55:43 INFO  : ----------------XSDB Script----------------
connect -url tcp:127.0.0.1:3121
source C:/Xilinx/Vitis/2023.1/scripts/vitis/util/zynqmp_utils.tcl
targets -set -nocase -filter {name =~"APU*"}
rst -system
after 3000
targets -set -filter {jtag_cable_name =~ "Digilent JTAG-SMT2NC 210308B3B53D" && level==0 && jtag_device_ctx=="jsn-JTAG-SMT2NC-210308B3B53D-24738093-0"}
fpga -file C:/Users/shaza/Documents/Xilinx_ZCU102/fpga_demo/project_shell_v2/bitstreams/top3.bit
targets -set -nocase -filter {name =~"APU*"}
loadhw -hw C:/Users/shaza/Documents/Xilinx_ZCU102/fpga_demo/sdk_v2/FPGA_Demo/export/FPGA_Demo/hw/top_wrapper.xsa -mem-ranges [list {0x80000000 0xbfffffff} {0x400000000 0x5ffffffff} {0x1000000000 0x7fffffffff}] -regs
configparams force-mem-access 1
targets -set -nocase -filter {name =~"APU*"}
set mode [expr [mrd -value 0xFF5E0200] & 0xf]
targets -set -nocase -filter {name =~ "*R5*#0"}
rst -processor
dow C:/Users/shaza/Documents/Xilinx_ZCU102/fpga_demo/sdk_v2/FPGA_Demo/export/FPGA_Demo/sw/FPGA_Demo/boot/fsbl.elf
set bp_55_29_fsbl_bp [bpadd -addr &XFsbl_Exit]
con -block -timeout 60
bpremove $bp_55_29_fsbl_bp
targets -set -nocase -filter {name =~ "*A53*#0"}
rst -processor
dow -data C:/Users/shaza/Documents/Xilinx_ZCU102/fpga_demo/project_shell_v2/bitstreams/vfpga1_shift_left_partial_icap_bs.bin 0x20000000
dow C:/Users/shaza/Documents/Xilinx_ZCU102/fpga_demo/sdk_v2/appx/Debug/appx.elf
targets -set -nocase -filter {name =~ "*R5*#0"}
rst -processor
dow C:/Users/shaza/Documents/Xilinx_ZCU102/fpga_demo/sdk_v2/fpga_ta/Debug/fpga_ta.elf
configparams force-mem-access 0
----------------End of Script----------------

01:55:43 INFO  : Context for processor 'psu_cortexa53_0' is selected.
01:55:43 INFO  : 'con' command is executed.
01:55:43 INFO  : Context for processor 'psu_cortexr5_0' is selected.
01:55:43 INFO  : 'con' command is executed.
01:55:43 INFO  : ----------------XSDB Script (After Launch)----------------
targets -set -nocase -filter {name =~ "*A53*#0"}
con
targets -set -nocase -filter {name =~ "*R5*#0"}
con
----------------End of Script----------------

01:55:43 INFO  : Launch script is exported to file 'C:\Users\shaza\Documents\Xilinx_ZCU102\fpga_demo\sdk_v2\appx_system\_ide\scripts\debugger_appx-default_1.tcl'
01:56:55 INFO  : Disconnected from the channel tcfchan#23.
01:57:02 INFO  : Connected to target on host '127.0.0.1' and port '3121'.
01:57:02 INFO  : Jtag cable 'Digilent JTAG-SMT2NC 210308B3B53D' is selected.
01:57:02 INFO  : 'jtag frequency' command is executed.
01:57:02 INFO  : Sourcing of 'C:/Xilinx/Vitis/2023.1/scripts/vitis/util/zynqmp_utils.tcl' is done.
01:57:02 INFO  : Context for 'APU' is selected.
01:57:03 INFO  : System reset is completed.
01:57:06 INFO  : 'after 3000' command is executed.
01:57:06 INFO  : 'targets -set -filter {jtag_cable_name =~ "Digilent JTAG-SMT2NC 210308B3B53D" && level==0 && jtag_device_ctx=="jsn-JTAG-SMT2NC-210308B3B53D-24738093-0"}' command is executed.
01:57:22 INFO  : Device configured successfully with "C:/Users/shaza/Documents/Xilinx_ZCU102/fpga_demo/project_shell_v2/bitstreams/top3.bit"
01:57:23 INFO  : Context for 'APU' is selected.
01:57:23 INFO  : Hardware design and registers information is loaded from 'C:/Users/shaza/Documents/Xilinx_ZCU102/fpga_demo/sdk_v2/FPGA_Demo/export/FPGA_Demo/hw/top_wrapper.xsa'.
01:57:23 INFO  : 'configparams force-mem-access 1' command is executed.
01:57:23 INFO  : Context for 'APU' is selected.
01:57:23 INFO  : Boot mode is read from the target.
01:57:23 INFO  : Context for processor 'psu_cortexr5_0' is selected.
01:57:23 INFO  : Processor reset is completed for 'psu_cortexr5_0'.
01:57:23 INFO  : The application 'C:/Users/shaza/Documents/Xilinx_ZCU102/fpga_demo/sdk_v2/FPGA_Demo/export/FPGA_Demo/sw/FPGA_Demo/boot/fsbl.elf' is downloaded to processor 'psu_cortexr5_0'.
01:57:23 INFO  : 'set bp_57_23_fsbl_bp [bpadd -addr &XFsbl_Exit]' command is executed.
01:57:24 INFO  : 'con -block -timeout 60' command is executed.
01:57:24 INFO  : 'bpremove $bp_57_23_fsbl_bp' command is executed.
01:57:24 INFO  : Context for processor 'psu_cortexa53_0' is selected.
01:57:25 INFO  : Processor reset is completed for 'psu_cortexa53_0'.
01:57:33 INFO  : 'dow -data C:/Users/shaza/Documents/Xilinx_ZCU102/fpga_demo/project_shell_v2/bitstreams/vfpga1_shift_left_partial_icap_bs.bin 0x20000000' command is executed.
01:57:35 INFO  : The application 'C:/Users/shaza/Documents/Xilinx_ZCU102/fpga_demo/sdk_v2/appx/Debug/appx.elf' is downloaded to processor 'psu_cortexa53_0'.
01:57:35 INFO  : Context for processor 'psu_cortexr5_0' is selected.
01:57:35 INFO  : Processor reset is completed for 'psu_cortexr5_0'.
01:57:36 INFO  : The application 'C:/Users/shaza/Documents/Xilinx_ZCU102/fpga_demo/sdk_v2/fpga_ta/Debug/fpga_ta.elf' is downloaded to processor 'psu_cortexr5_0'.
01:57:36 INFO  : 'configparams force-mem-access 0' command is executed.
01:57:36 INFO  : ----------------XSDB Script----------------
connect -url tcp:127.0.0.1:3121
source C:/Xilinx/Vitis/2023.1/scripts/vitis/util/zynqmp_utils.tcl
targets -set -nocase -filter {name =~"APU*"}
rst -system
after 3000
targets -set -filter {jtag_cable_name =~ "Digilent JTAG-SMT2NC 210308B3B53D" && level==0 && jtag_device_ctx=="jsn-JTAG-SMT2NC-210308B3B53D-24738093-0"}
fpga -file C:/Users/shaza/Documents/Xilinx_ZCU102/fpga_demo/project_shell_v2/bitstreams/top3.bit
targets -set -nocase -filter {name =~"APU*"}
loadhw -hw C:/Users/shaza/Documents/Xilinx_ZCU102/fpga_demo/sdk_v2/FPGA_Demo/export/FPGA_Demo/hw/top_wrapper.xsa -mem-ranges [list {0x80000000 0xbfffffff} {0x400000000 0x5ffffffff} {0x1000000000 0x7fffffffff}] -regs
configparams force-mem-access 1
targets -set -nocase -filter {name =~"APU*"}
set mode [expr [mrd -value 0xFF5E0200] & 0xf]
targets -set -nocase -filter {name =~ "*R5*#0"}
rst -processor
dow C:/Users/shaza/Documents/Xilinx_ZCU102/fpga_demo/sdk_v2/FPGA_Demo/export/FPGA_Demo/sw/FPGA_Demo/boot/fsbl.elf
set bp_57_23_fsbl_bp [bpadd -addr &XFsbl_Exit]
con -block -timeout 60
bpremove $bp_57_23_fsbl_bp
targets -set -nocase -filter {name =~ "*A53*#0"}
rst -processor
dow -data C:/Users/shaza/Documents/Xilinx_ZCU102/fpga_demo/project_shell_v2/bitstreams/vfpga1_shift_left_partial_icap_bs.bin 0x20000000
dow C:/Users/shaza/Documents/Xilinx_ZCU102/fpga_demo/sdk_v2/appx/Debug/appx.elf
targets -set -nocase -filter {name =~ "*R5*#0"}
rst -processor
dow C:/Users/shaza/Documents/Xilinx_ZCU102/fpga_demo/sdk_v2/fpga_ta/Debug/fpga_ta.elf
configparams force-mem-access 0
----------------End of Script----------------

01:57:36 INFO  : Context for processor 'psu_cortexa53_0' is selected.
01:57:36 INFO  : 'con' command is executed.
01:57:36 INFO  : Context for processor 'psu_cortexr5_0' is selected.
01:57:36 INFO  : 'con' command is executed.
01:57:36 INFO  : ----------------XSDB Script (After Launch)----------------
targets -set -nocase -filter {name =~ "*A53*#0"}
con
targets -set -nocase -filter {name =~ "*R5*#0"}
con
----------------End of Script----------------

01:57:36 INFO  : Launch script is exported to file 'C:\Users\shaza\Documents\Xilinx_ZCU102\fpga_demo\sdk_v2\appx_system\_ide\scripts\debugger_appx-default_1.tcl'
10:48:11 INFO  : Checking for BSP changes to sync application flags for project 'fpga_ta'...
15:27:52 INFO  : Checking for BSP changes to sync application flags for project 'fpga_ta'...
15:28:18 INFO  : Disconnected from the channel tcfchan#24.
15:28:19 INFO  : Connected to target on host '127.0.0.1' and port '3121'.
15:28:20 INFO  : Jtag cable 'Digilent JTAG-SMT2NC 210308B3B53D' is selected.
15:28:20 INFO  : 'jtag frequency' command is executed.
15:28:20 INFO  : Sourcing of 'C:/Xilinx/Vitis/2023.1/scripts/vitis/util/zynqmp_utils.tcl' is done.
15:28:20 INFO  : Context for 'APU' is selected.
15:28:20 INFO  : System reset is completed.
15:28:23 INFO  : 'after 3000' command is executed.
15:28:24 INFO  : 'targets -set -filter {jtag_cable_name =~ "Digilent JTAG-SMT2NC 210308B3B53D" && level==0 && jtag_device_ctx=="jsn-JTAG-SMT2NC-210308B3B53D-24738093-0"}' command is executed.
15:28:40 INFO  : Device configured successfully with "C:/Users/shaza/Documents/Xilinx_ZCU102/fpga_demo/project_shell_v2/bitstreams/top3.bit"
15:28:40 INFO  : Context for 'APU' is selected.
15:28:40 INFO  : Hardware design and registers information is loaded from 'C:/Users/shaza/Documents/Xilinx_ZCU102/fpga_demo/sdk_v2/FPGA_Demo/export/FPGA_Demo/hw/top_wrapper.xsa'.
15:28:40 INFO  : 'configparams force-mem-access 1' command is executed.
15:28:40 INFO  : Context for 'APU' is selected.
15:28:40 INFO  : Boot mode is read from the target.
15:28:40 INFO  : Context for processor 'psu_cortexr5_0' is selected.
15:28:40 INFO  : Processor reset is completed for 'psu_cortexr5_0'.
15:28:41 INFO  : The application 'C:/Users/shaza/Documents/Xilinx_ZCU102/fpga_demo/sdk_v2/FPGA_Demo/export/FPGA_Demo/sw/FPGA_Demo/boot/fsbl.elf' is downloaded to processor 'psu_cortexr5_0'.
15:28:41 INFO  : 'set bp_28_41_fsbl_bp [bpadd -addr &XFsbl_Exit]' command is executed.
15:28:42 INFO  : 'con -block -timeout 60' command is executed.
15:28:42 INFO  : 'bpremove $bp_28_41_fsbl_bp' command is executed.
15:28:42 INFO  : Context for processor 'psu_cortexa53_0' is selected.
15:28:42 INFO  : Processor reset is completed for 'psu_cortexa53_0'.
15:28:51 INFO  : 'dow -data C:/Users/shaza/Documents/Xilinx_ZCU102/fpga_demo/project_shell_v2/bitstreams/vfpga1_shift_left_partial_icap_bs.bin 0x20000000' command is executed.
15:28:52 INFO  : The application 'C:/Users/shaza/Documents/Xilinx_ZCU102/fpga_demo/sdk_v2/appx/Debug/appx.elf' is downloaded to processor 'psu_cortexa53_0'.
15:28:52 INFO  : Context for processor 'psu_cortexr5_0' is selected.
15:28:53 INFO  : Processor reset is completed for 'psu_cortexr5_0'.
15:28:53 INFO  : The application 'C:/Users/shaza/Documents/Xilinx_ZCU102/fpga_demo/sdk_v2/fpga_ta/Debug/fpga_ta.elf' is downloaded to processor 'psu_cortexr5_0'.
15:28:53 INFO  : 'configparams force-mem-access 0' command is executed.
15:28:53 INFO  : ----------------XSDB Script----------------
connect -url tcp:127.0.0.1:3121
source C:/Xilinx/Vitis/2023.1/scripts/vitis/util/zynqmp_utils.tcl
targets -set -nocase -filter {name =~"APU*"}
rst -system
after 3000
targets -set -filter {jtag_cable_name =~ "Digilent JTAG-SMT2NC 210308B3B53D" && level==0 && jtag_device_ctx=="jsn-JTAG-SMT2NC-210308B3B53D-24738093-0"}
fpga -file C:/Users/shaza/Documents/Xilinx_ZCU102/fpga_demo/project_shell_v2/bitstreams/top3.bit
targets -set -nocase -filter {name =~"APU*"}
loadhw -hw C:/Users/shaza/Documents/Xilinx_ZCU102/fpga_demo/sdk_v2/FPGA_Demo/export/FPGA_Demo/hw/top_wrapper.xsa -mem-ranges [list {0x80000000 0xbfffffff} {0x400000000 0x5ffffffff} {0x1000000000 0x7fffffffff}] -regs
configparams force-mem-access 1
targets -set -nocase -filter {name =~"APU*"}
set mode [expr [mrd -value 0xFF5E0200] & 0xf]
targets -set -nocase -filter {name =~ "*R5*#0"}
rst -processor
dow C:/Users/shaza/Documents/Xilinx_ZCU102/fpga_demo/sdk_v2/FPGA_Demo/export/FPGA_Demo/sw/FPGA_Demo/boot/fsbl.elf
set bp_28_41_fsbl_bp [bpadd -addr &XFsbl_Exit]
con -block -timeout 60
bpremove $bp_28_41_fsbl_bp
targets -set -nocase -filter {name =~ "*A53*#0"}
rst -processor
dow -data C:/Users/shaza/Documents/Xilinx_ZCU102/fpga_demo/project_shell_v2/bitstreams/vfpga1_shift_left_partial_icap_bs.bin 0x20000000
dow C:/Users/shaza/Documents/Xilinx_ZCU102/fpga_demo/sdk_v2/appx/Debug/appx.elf
targets -set -nocase -filter {name =~ "*R5*#0"}
rst -processor
dow C:/Users/shaza/Documents/Xilinx_ZCU102/fpga_demo/sdk_v2/fpga_ta/Debug/fpga_ta.elf
configparams force-mem-access 0
----------------End of Script----------------

15:28:54 INFO  : Context for processor 'psu_cortexa53_0' is selected.
15:28:54 INFO  : 'con' command is executed.
15:28:54 INFO  : Context for processor 'psu_cortexr5_0' is selected.
15:28:54 INFO  : 'con' command is executed.
15:28:54 INFO  : ----------------XSDB Script (After Launch)----------------
targets -set -nocase -filter {name =~ "*A53*#0"}
con
targets -set -nocase -filter {name =~ "*R5*#0"}
con
----------------End of Script----------------

15:28:54 INFO  : Launch script is exported to file 'C:\Users\shaza\Documents\Xilinx_ZCU102\fpga_demo\sdk_v2\appx_system\_ide\scripts\debugger_appx-default_1.tcl'
15:30:10 INFO  : Checking for BSP changes to sync application flags for project 'fpga_ta'...
15:30:33 INFO  : Disconnected from the channel tcfchan#25.
15:30:34 INFO  : Connected to target on host '127.0.0.1' and port '3121'.
15:30:35 INFO  : Jtag cable 'Digilent JTAG-SMT2NC 210308B3B53D' is selected.
15:30:35 INFO  : 'jtag frequency' command is executed.
15:30:35 INFO  : Sourcing of 'C:/Xilinx/Vitis/2023.1/scripts/vitis/util/zynqmp_utils.tcl' is done.
15:30:35 INFO  : Context for 'APU' is selected.
15:30:35 INFO  : System reset is completed.
15:30:38 INFO  : 'after 3000' command is executed.
15:30:39 INFO  : 'targets -set -filter {jtag_cable_name =~ "Digilent JTAG-SMT2NC 210308B3B53D" && level==0 && jtag_device_ctx=="jsn-JTAG-SMT2NC-210308B3B53D-24738093-0"}' command is executed.
15:30:55 INFO  : Device configured successfully with "C:/Users/shaza/Documents/Xilinx_ZCU102/fpga_demo/project_shell_v2/bitstreams/top3.bit"
15:30:55 INFO  : Context for 'APU' is selected.
15:30:55 INFO  : Hardware design and registers information is loaded from 'C:/Users/shaza/Documents/Xilinx_ZCU102/fpga_demo/sdk_v2/FPGA_Demo/export/FPGA_Demo/hw/top_wrapper.xsa'.
15:30:55 INFO  : 'configparams force-mem-access 1' command is executed.
15:30:56 INFO  : Context for 'APU' is selected.
15:30:56 INFO  : Boot mode is read from the target.
15:30:56 INFO  : Context for processor 'psu_cortexr5_0' is selected.
15:30:56 INFO  : Processor reset is completed for 'psu_cortexr5_0'.
15:30:56 INFO  : The application 'C:/Users/shaza/Documents/Xilinx_ZCU102/fpga_demo/sdk_v2/FPGA_Demo/export/FPGA_Demo/sw/FPGA_Demo/boot/fsbl.elf' is downloaded to processor 'psu_cortexr5_0'.
15:30:56 INFO  : 'set bp_30_56_fsbl_bp [bpadd -addr &XFsbl_Exit]' command is executed.
15:30:57 INFO  : 'con -block -timeout 60' command is executed.
15:30:57 INFO  : 'bpremove $bp_30_56_fsbl_bp' command is executed.
15:30:57 INFO  : Context for processor 'psu_cortexa53_0' is selected.
15:30:58 INFO  : Processor reset is completed for 'psu_cortexa53_0'.
15:31:07 INFO  : 'dow -data C:/Users/shaza/Documents/Xilinx_ZCU102/fpga_demo/project_shell_v2/bitstreams/vfpga1_shift_left_partial_icap_bs.bin 0x20000000' command is executed.
15:31:09 INFO  : The application 'C:/Users/shaza/Documents/Xilinx_ZCU102/fpga_demo/sdk_v2/appx/Debug/appx.elf' is downloaded to processor 'psu_cortexa53_0'.
15:31:09 INFO  : Context for processor 'psu_cortexr5_0' is selected.
15:31:09 INFO  : Processor reset is completed for 'psu_cortexr5_0'.
15:31:10 INFO  : The application 'C:/Users/shaza/Documents/Xilinx_ZCU102/fpga_demo/sdk_v2/fpga_ta/Debug/fpga_ta.elf' is downloaded to processor 'psu_cortexr5_0'.
15:31:10 INFO  : 'configparams force-mem-access 0' command is executed.
15:31:10 INFO  : ----------------XSDB Script----------------
connect -url tcp:127.0.0.1:3121
source C:/Xilinx/Vitis/2023.1/scripts/vitis/util/zynqmp_utils.tcl
targets -set -nocase -filter {name =~"APU*"}
rst -system
after 3000
targets -set -filter {jtag_cable_name =~ "Digilent JTAG-SMT2NC 210308B3B53D" && level==0 && jtag_device_ctx=="jsn-JTAG-SMT2NC-210308B3B53D-24738093-0"}
fpga -file C:/Users/shaza/Documents/Xilinx_ZCU102/fpga_demo/project_shell_v2/bitstreams/top3.bit
targets -set -nocase -filter {name =~"APU*"}
loadhw -hw C:/Users/shaza/Documents/Xilinx_ZCU102/fpga_demo/sdk_v2/FPGA_Demo/export/FPGA_Demo/hw/top_wrapper.xsa -mem-ranges [list {0x80000000 0xbfffffff} {0x400000000 0x5ffffffff} {0x1000000000 0x7fffffffff}] -regs
configparams force-mem-access 1
targets -set -nocase -filter {name =~"APU*"}
set mode [expr [mrd -value 0xFF5E0200] & 0xf]
targets -set -nocase -filter {name =~ "*R5*#0"}
rst -processor
dow C:/Users/shaza/Documents/Xilinx_ZCU102/fpga_demo/sdk_v2/FPGA_Demo/export/FPGA_Demo/sw/FPGA_Demo/boot/fsbl.elf
set bp_30_56_fsbl_bp [bpadd -addr &XFsbl_Exit]
con -block -timeout 60
bpremove $bp_30_56_fsbl_bp
targets -set -nocase -filter {name =~ "*A53*#0"}
rst -processor
dow -data C:/Users/shaza/Documents/Xilinx_ZCU102/fpga_demo/project_shell_v2/bitstreams/vfpga1_shift_left_partial_icap_bs.bin 0x20000000
dow C:/Users/shaza/Documents/Xilinx_ZCU102/fpga_demo/sdk_v2/appx/Debug/appx.elf
targets -set -nocase -filter {name =~ "*R5*#0"}
rst -processor
dow C:/Users/shaza/Documents/Xilinx_ZCU102/fpga_demo/sdk_v2/fpga_ta/Debug/fpga_ta.elf
configparams force-mem-access 0
----------------End of Script----------------

15:31:11 INFO  : Context for processor 'psu_cortexa53_0' is selected.
15:31:11 INFO  : 'con' command is executed.
15:31:11 INFO  : Context for processor 'psu_cortexr5_0' is selected.
15:31:11 INFO  : 'con' command is executed.
15:31:11 INFO  : ----------------XSDB Script (After Launch)----------------
targets -set -nocase -filter {name =~ "*A53*#0"}
con
targets -set -nocase -filter {name =~ "*R5*#0"}
con
----------------End of Script----------------

15:31:11 INFO  : Launch script is exported to file 'C:\Users\shaza\Documents\Xilinx_ZCU102\fpga_demo\sdk_v2\appx_system\_ide\scripts\debugger_appx-default_1.tcl'
15:57:37 INFO  : Checking for BSP changes to sync application flags for project 'fpga_ta'...
15:57:53 INFO  : Disconnected from the channel tcfchan#26.
15:57:54 INFO  : Connected to target on host '127.0.0.1' and port '3121'.
15:58:04 INFO  : ----------------XSDB Script----------------
connect -url tcp:127.0.0.1:3121
----------------End of Script----------------

15:58:04 ERROR : Could not find ARM device on the board for connection 'Local'.
Check if the target is in:
1. Split JTAG - No operations are possible with ARM DAP.
2. Non JTAG bootmode - Bootrom may need time to enable DAP.
Please try again.


Troubleshooting hints:
1. Check whether board is connected to system properly.
2. In case of zynq board, check whether Digilent/Xilinx cable switch settings are correct.
3. If you are using Xilinx Platform Cable USB, ensure that status LED is green.
15:58:10 INFO  : Connected to target on host '127.0.0.1' and port '3121'.
15:58:10 INFO  : Jtag cable 'Digilent JTAG-SMT2NC 210308B3B53D' is selected.
15:58:10 INFO  : 'jtag frequency' command is executed.
15:58:10 INFO  : Sourcing of 'C:/Xilinx/Vitis/2023.1/scripts/vitis/util/zynqmp_utils.tcl' is done.
15:58:10 INFO  : Context for 'APU' is selected.
15:58:11 INFO  : System reset is completed.
15:58:14 INFO  : 'after 3000' command is executed.
15:58:14 INFO  : 'targets -set -filter {jtag_cable_name =~ "Digilent JTAG-SMT2NC 210308B3B53D" && level==0 && jtag_device_ctx=="jsn-JTAG-SMT2NC-210308B3B53D-24738093-0"}' command is executed.
15:58:30 INFO  : Device configured successfully with "C:/Users/shaza/Documents/Xilinx_ZCU102/fpga_demo/project_shell_v2/bitstreams/top3.bit"
15:58:30 INFO  : Context for 'APU' is selected.
15:58:30 INFO  : Hardware design and registers information is loaded from 'C:/Users/shaza/Documents/Xilinx_ZCU102/fpga_demo/sdk_v2/FPGA_Demo/export/FPGA_Demo/hw/top_wrapper.xsa'.
15:58:30 INFO  : 'configparams force-mem-access 1' command is executed.
15:58:31 INFO  : Context for 'APU' is selected.
15:58:31 INFO  : Boot mode is read from the target.
15:58:31 INFO  : Context for processor 'psu_cortexr5_0' is selected.
15:58:31 INFO  : Processor reset is completed for 'psu_cortexr5_0'.
15:58:31 INFO  : The application 'C:/Users/shaza/Documents/Xilinx_ZCU102/fpga_demo/sdk_v2/FPGA_Demo/export/FPGA_Demo/sw/FPGA_Demo/boot/fsbl.elf' is downloaded to processor 'psu_cortexr5_0'.
15:58:31 INFO  : 'set bp_58_31_fsbl_bp [bpadd -addr &XFsbl_Exit]' command is executed.
15:58:32 INFO  : 'con -block -timeout 60' command is executed.
15:58:32 INFO  : 'bpremove $bp_58_31_fsbl_bp' command is executed.
15:58:32 INFO  : Context for processor 'psu_cortexa53_0' is selected.
15:58:33 INFO  : Processor reset is completed for 'psu_cortexa53_0'.
15:58:43 INFO  : 'dow -data C:/Users/shaza/Documents/Xilinx_ZCU102/fpga_demo/project_shell_v2/bitstreams/vfpga1_shift_left_partial_icap_bs.bin 0x20000000' command is executed.
15:58:45 INFO  : The application 'C:/Users/shaza/Documents/Xilinx_ZCU102/fpga_demo/sdk_v2/appx/Debug/appx.elf' is downloaded to processor 'psu_cortexa53_0'.
15:58:45 INFO  : Context for processor 'psu_cortexr5_0' is selected.
15:58:45 INFO  : Processor reset is completed for 'psu_cortexr5_0'.
15:58:46 INFO  : The application 'C:/Users/shaza/Documents/Xilinx_ZCU102/fpga_demo/sdk_v2/fpga_ta/Debug/fpga_ta.elf' is downloaded to processor 'psu_cortexr5_0'.
15:58:46 INFO  : 'configparams force-mem-access 0' command is executed.
15:58:46 INFO  : ----------------XSDB Script----------------
connect -url tcp:127.0.0.1:3121
source C:/Xilinx/Vitis/2023.1/scripts/vitis/util/zynqmp_utils.tcl
targets -set -nocase -filter {name =~"APU*"}
rst -system
after 3000
targets -set -filter {jtag_cable_name =~ "Digilent JTAG-SMT2NC 210308B3B53D" && level==0 && jtag_device_ctx=="jsn-JTAG-SMT2NC-210308B3B53D-24738093-0"}
fpga -file C:/Users/shaza/Documents/Xilinx_ZCU102/fpga_demo/project_shell_v2/bitstreams/top3.bit
targets -set -nocase -filter {name =~"APU*"}
loadhw -hw C:/Users/shaza/Documents/Xilinx_ZCU102/fpga_demo/sdk_v2/FPGA_Demo/export/FPGA_Demo/hw/top_wrapper.xsa -mem-ranges [list {0x80000000 0xbfffffff} {0x400000000 0x5ffffffff} {0x1000000000 0x7fffffffff}] -regs
configparams force-mem-access 1
targets -set -nocase -filter {name =~"APU*"}
set mode [expr [mrd -value 0xFF5E0200] & 0xf]
targets -set -nocase -filter {name =~ "*R5*#0"}
rst -processor
dow C:/Users/shaza/Documents/Xilinx_ZCU102/fpga_demo/sdk_v2/FPGA_Demo/export/FPGA_Demo/sw/FPGA_Demo/boot/fsbl.elf
set bp_58_31_fsbl_bp [bpadd -addr &XFsbl_Exit]
con -block -timeout 60
bpremove $bp_58_31_fsbl_bp
targets -set -nocase -filter {name =~ "*A53*#0"}
rst -processor
dow -data C:/Users/shaza/Documents/Xilinx_ZCU102/fpga_demo/project_shell_v2/bitstreams/vfpga1_shift_left_partial_icap_bs.bin 0x20000000
dow C:/Users/shaza/Documents/Xilinx_ZCU102/fpga_demo/sdk_v2/appx/Debug/appx.elf
targets -set -nocase -filter {name =~ "*R5*#0"}
rst -processor
dow C:/Users/shaza/Documents/Xilinx_ZCU102/fpga_demo/sdk_v2/fpga_ta/Debug/fpga_ta.elf
configparams force-mem-access 0
----------------End of Script----------------

15:58:46 INFO  : Context for processor 'psu_cortexa53_0' is selected.
15:58:47 INFO  : 'con' command is executed.
15:58:47 INFO  : Context for processor 'psu_cortexr5_0' is selected.
15:58:47 INFO  : 'con' command is executed.
15:58:47 INFO  : ----------------XSDB Script (After Launch)----------------
targets -set -nocase -filter {name =~ "*A53*#0"}
con
targets -set -nocase -filter {name =~ "*R5*#0"}
con
----------------End of Script----------------

15:58:47 INFO  : Launch script is exported to file 'C:\Users\shaza\Documents\Xilinx_ZCU102\fpga_demo\sdk_v2\appx_system\_ide\scripts\debugger_appx-default_1.tcl'
16:51:16 INFO  : Checking for BSP changes to sync application flags for project 'fpga_ta'...
16:51:25 INFO  : Checking for BSP changes to sync application flags for project 'appx'...
16:51:50 INFO  : Disconnected from the channel tcfchan#27.
16:51:51 INFO  : Connected to target on host '127.0.0.1' and port '3121'.
16:51:52 INFO  : Jtag cable 'Digilent JTAG-SMT2NC 210308B3B53D' is selected.
16:51:52 INFO  : 'jtag frequency' command is executed.
16:51:52 INFO  : Sourcing of 'C:/Xilinx/Vitis/2023.1/scripts/vitis/util/zynqmp_utils.tcl' is done.
16:51:52 INFO  : Context for 'APU' is selected.
16:51:52 INFO  : System reset is completed.
16:51:55 INFO  : 'after 3000' command is executed.
16:51:55 INFO  : 'targets -set -filter {jtag_cable_name =~ "Digilent JTAG-SMT2NC 210308B3B53D" && level==0 && jtag_device_ctx=="jsn-JTAG-SMT2NC-210308B3B53D-24738093-0"}' command is executed.
16:52:12 INFO  : Device configured successfully with "C:/Users/shaza/Documents/Xilinx_ZCU102/fpga_demo/project_shell_v2/bitstreams/top3.bit"
16:52:12 INFO  : Context for 'APU' is selected.
16:52:12 INFO  : Hardware design and registers information is loaded from 'C:/Users/shaza/Documents/Xilinx_ZCU102/fpga_demo/sdk_v2/FPGA_Demo/export/FPGA_Demo/hw/top_wrapper.xsa'.
16:52:12 INFO  : 'configparams force-mem-access 1' command is executed.
16:52:12 INFO  : Context for 'APU' is selected.
16:52:12 INFO  : Boot mode is read from the target.
16:52:12 INFO  : Context for processor 'psu_cortexr5_0' is selected.
16:52:12 INFO  : Processor reset is completed for 'psu_cortexr5_0'.
16:52:13 INFO  : The application 'C:/Users/shaza/Documents/Xilinx_ZCU102/fpga_demo/sdk_v2/FPGA_Demo/export/FPGA_Demo/sw/FPGA_Demo/boot/fsbl.elf' is downloaded to processor 'psu_cortexr5_0'.
16:52:13 INFO  : 'set bp_52_13_fsbl_bp [bpadd -addr &XFsbl_Exit]' command is executed.
16:52:14 INFO  : 'con -block -timeout 60' command is executed.
16:52:14 INFO  : 'bpremove $bp_52_13_fsbl_bp' command is executed.
16:52:14 INFO  : Context for processor 'psu_cortexa53_0' is selected.
16:52:14 INFO  : Processor reset is completed for 'psu_cortexa53_0'.
16:52:23 INFO  : 'dow -data C:/Users/shaza/Documents/Xilinx_ZCU102/fpga_demo/project_shell_v2/bitstreams/vfpga1_shift_left_partial_icap_bs.bin 0x20000000' command is executed.
16:52:25 INFO  : The application 'C:/Users/shaza/Documents/Xilinx_ZCU102/fpga_demo/sdk_v2/appx/Debug/appx.elf' is downloaded to processor 'psu_cortexa53_0'.
16:52:25 INFO  : Context for processor 'psu_cortexr5_0' is selected.
16:52:25 INFO  : Processor reset is completed for 'psu_cortexr5_0'.
16:52:26 INFO  : The application 'C:/Users/shaza/Documents/Xilinx_ZCU102/fpga_demo/sdk_v2/fpga_ta/Debug/fpga_ta.elf' is downloaded to processor 'psu_cortexr5_0'.
16:52:26 INFO  : 'configparams force-mem-access 0' command is executed.
16:52:26 INFO  : ----------------XSDB Script----------------
connect -url tcp:127.0.0.1:3121
source C:/Xilinx/Vitis/2023.1/scripts/vitis/util/zynqmp_utils.tcl
targets -set -nocase -filter {name =~"APU*"}
rst -system
after 3000
targets -set -filter {jtag_cable_name =~ "Digilent JTAG-SMT2NC 210308B3B53D" && level==0 && jtag_device_ctx=="jsn-JTAG-SMT2NC-210308B3B53D-24738093-0"}
fpga -file C:/Users/shaza/Documents/Xilinx_ZCU102/fpga_demo/project_shell_v2/bitstreams/top3.bit
targets -set -nocase -filter {name =~"APU*"}
loadhw -hw C:/Users/shaza/Documents/Xilinx_ZCU102/fpga_demo/sdk_v2/FPGA_Demo/export/FPGA_Demo/hw/top_wrapper.xsa -mem-ranges [list {0x80000000 0xbfffffff} {0x400000000 0x5ffffffff} {0x1000000000 0x7fffffffff}] -regs
configparams force-mem-access 1
targets -set -nocase -filter {name =~"APU*"}
set mode [expr [mrd -value 0xFF5E0200] & 0xf]
targets -set -nocase -filter {name =~ "*R5*#0"}
rst -processor
dow C:/Users/shaza/Documents/Xilinx_ZCU102/fpga_demo/sdk_v2/FPGA_Demo/export/FPGA_Demo/sw/FPGA_Demo/boot/fsbl.elf
set bp_52_13_fsbl_bp [bpadd -addr &XFsbl_Exit]
con -block -timeout 60
bpremove $bp_52_13_fsbl_bp
targets -set -nocase -filter {name =~ "*A53*#0"}
rst -processor
dow -data C:/Users/shaza/Documents/Xilinx_ZCU102/fpga_demo/project_shell_v2/bitstreams/vfpga1_shift_left_partial_icap_bs.bin 0x20000000
dow C:/Users/shaza/Documents/Xilinx_ZCU102/fpga_demo/sdk_v2/appx/Debug/appx.elf
targets -set -nocase -filter {name =~ "*R5*#0"}
rst -processor
dow C:/Users/shaza/Documents/Xilinx_ZCU102/fpga_demo/sdk_v2/fpga_ta/Debug/fpga_ta.elf
configparams force-mem-access 0
----------------End of Script----------------

16:52:26 INFO  : Context for processor 'psu_cortexa53_0' is selected.
16:52:26 INFO  : 'con' command is executed.
16:52:26 INFO  : Context for processor 'psu_cortexr5_0' is selected.
16:52:26 INFO  : 'con' command is executed.
16:52:26 INFO  : ----------------XSDB Script (After Launch)----------------
targets -set -nocase -filter {name =~ "*A53*#0"}
con
targets -set -nocase -filter {name =~ "*R5*#0"}
con
----------------End of Script----------------

16:52:26 INFO  : Launch script is exported to file 'C:\Users\shaza\Documents\Xilinx_ZCU102\fpga_demo\sdk_v2\appx_system\_ide\scripts\debugger_appx-default_1.tcl'
19:44:08 INFO  : Checking for BSP changes to sync application flags for project 'fpga_ta'...
19:47:51 INFO  : Checking for BSP changes to sync application flags for project 'appx'...
20:16:50 INFO  : Checking for BSP changes to sync application flags for project 'fpga_ta'...
20:17:43 INFO  : Checking for BSP changes to sync application flags for project 'appx'...
20:21:44 INFO  : Disconnected from the channel tcfchan#28.
20:21:45 INFO  : Connected to target on host '127.0.0.1' and port '3121'.
20:21:54 INFO  : ----------------XSDB Script----------------
connect -url tcp:127.0.0.1:3121
----------------End of Script----------------

20:21:54 ERROR : Could not find ARM device on the board for connection 'Local'.
Check if the target is in:
1. Split JTAG - No operations are possible with ARM DAP.
2. Non JTAG bootmode - Bootrom may need time to enable DAP.
Please try again.


Troubleshooting hints:
1. Check whether board is connected to system properly.
2. In case of zynq board, check whether Digilent/Xilinx cable switch settings are correct.
3. If you are using Xilinx Platform Cable USB, ensure that status LED is green.
20:22:00 INFO  : Connected to target on host '127.0.0.1' and port '3121'.
20:22:00 INFO  : Jtag cable 'Digilent JTAG-SMT2NC 210308B3B53D' is selected.
20:22:00 INFO  : 'jtag frequency' command is executed.
20:22:00 INFO  : Sourcing of 'C:/Xilinx/Vitis/2023.1/scripts/vitis/util/zynqmp_utils.tcl' is done.
20:22:00 INFO  : Context for 'APU' is selected.
20:22:01 INFO  : System reset is completed.
20:22:04 INFO  : 'after 3000' command is executed.
20:22:04 INFO  : 'targets -set -filter {jtag_cable_name =~ "Digilent JTAG-SMT2NC 210308B3B53D" && level==0 && jtag_device_ctx=="jsn-JTAG-SMT2NC-210308B3B53D-24738093-0"}' command is executed.
20:22:21 INFO  : Device configured successfully with "C:/Users/shaza/Documents/Xilinx_ZCU102/fpga_demo/project_shell_v2/bitstreams/top3.bit"
20:22:21 INFO  : Context for 'APU' is selected.
20:22:21 INFO  : Hardware design and registers information is loaded from 'C:/Users/shaza/Documents/Xilinx_ZCU102/fpga_demo/sdk_v2/FPGA_Demo/export/FPGA_Demo/hw/top_wrapper.xsa'.
20:22:21 INFO  : 'configparams force-mem-access 1' command is executed.
20:22:21 INFO  : Context for 'APU' is selected.
20:22:21 INFO  : Boot mode is read from the target.
20:22:21 INFO  : Context for processor 'psu_cortexr5_0' is selected.
20:22:21 INFO  : Processor reset is completed for 'psu_cortexr5_0'.
20:22:21 INFO  : The application 'C:/Users/shaza/Documents/Xilinx_ZCU102/fpga_demo/sdk_v2/FPGA_Demo/export/FPGA_Demo/sw/FPGA_Demo/boot/fsbl.elf' is downloaded to processor 'psu_cortexr5_0'.
20:22:22 INFO  : 'set bp_22_21_fsbl_bp [bpadd -addr &XFsbl_Exit]' command is executed.
20:22:23 INFO  : 'con -block -timeout 60' command is executed.
20:22:23 INFO  : 'bpremove $bp_22_21_fsbl_bp' command is executed.
20:22:23 INFO  : Context for processor 'psu_cortexa53_0' is selected.
20:22:23 INFO  : Processor reset is completed for 'psu_cortexa53_0'.
20:22:33 INFO  : 'dow -data C:/Users/shaza/Documents/Xilinx_ZCU102/fpga_demo/project_shell_v2/bitstreams/vfpga1_shift_left_partial_icap_bs.bin 0x20000000' command is executed.
20:22:35 INFO  : The application 'C:/Users/shaza/Documents/Xilinx_ZCU102/fpga_demo/sdk_v2/appx/Debug/appx.elf' is downloaded to processor 'psu_cortexa53_0'.
20:22:35 INFO  : Context for processor 'psu_cortexr5_0' is selected.
20:22:35 INFO  : Processor reset is completed for 'psu_cortexr5_0'.
20:22:36 INFO  : The application 'C:/Users/shaza/Documents/Xilinx_ZCU102/fpga_demo/sdk_v2/fpga_ta/Debug/fpga_ta.elf' is downloaded to processor 'psu_cortexr5_0'.
20:22:36 INFO  : 'configparams force-mem-access 0' command is executed.
20:22:36 INFO  : ----------------XSDB Script----------------
connect -url tcp:127.0.0.1:3121
source C:/Xilinx/Vitis/2023.1/scripts/vitis/util/zynqmp_utils.tcl
targets -set -nocase -filter {name =~"APU*"}
rst -system
after 3000
targets -set -filter {jtag_cable_name =~ "Digilent JTAG-SMT2NC 210308B3B53D" && level==0 && jtag_device_ctx=="jsn-JTAG-SMT2NC-210308B3B53D-24738093-0"}
fpga -file C:/Users/shaza/Documents/Xilinx_ZCU102/fpga_demo/project_shell_v2/bitstreams/top3.bit
targets -set -nocase -filter {name =~"APU*"}
loadhw -hw C:/Users/shaza/Documents/Xilinx_ZCU102/fpga_demo/sdk_v2/FPGA_Demo/export/FPGA_Demo/hw/top_wrapper.xsa -mem-ranges [list {0x80000000 0xbfffffff} {0x400000000 0x5ffffffff} {0x1000000000 0x7fffffffff}] -regs
configparams force-mem-access 1
targets -set -nocase -filter {name =~"APU*"}
set mode [expr [mrd -value 0xFF5E0200] & 0xf]
targets -set -nocase -filter {name =~ "*R5*#0"}
rst -processor
dow C:/Users/shaza/Documents/Xilinx_ZCU102/fpga_demo/sdk_v2/FPGA_Demo/export/FPGA_Demo/sw/FPGA_Demo/boot/fsbl.elf
set bp_22_21_fsbl_bp [bpadd -addr &XFsbl_Exit]
con -block -timeout 60
bpremove $bp_22_21_fsbl_bp
targets -set -nocase -filter {name =~ "*A53*#0"}
rst -processor
dow -data C:/Users/shaza/Documents/Xilinx_ZCU102/fpga_demo/project_shell_v2/bitstreams/vfpga1_shift_left_partial_icap_bs.bin 0x20000000
dow C:/Users/shaza/Documents/Xilinx_ZCU102/fpga_demo/sdk_v2/appx/Debug/appx.elf
targets -set -nocase -filter {name =~ "*R5*#0"}
rst -processor
dow C:/Users/shaza/Documents/Xilinx_ZCU102/fpga_demo/sdk_v2/fpga_ta/Debug/fpga_ta.elf
configparams force-mem-access 0
----------------End of Script----------------

20:22:36 INFO  : Context for processor 'psu_cortexa53_0' is selected.
20:22:36 INFO  : 'con' command is executed.
20:22:36 INFO  : Context for processor 'psu_cortexr5_0' is selected.
20:22:37 INFO  : 'con' command is executed.
20:22:37 INFO  : ----------------XSDB Script (After Launch)----------------
targets -set -nocase -filter {name =~ "*A53*#0"}
con
targets -set -nocase -filter {name =~ "*R5*#0"}
con
----------------End of Script----------------

20:22:37 INFO  : Launch script is exported to file 'C:\Users\shaza\Documents\Xilinx_ZCU102\fpga_demo\sdk_v2\appx_system\_ide\scripts\debugger_appx-default_1.tcl'
20:25:12 INFO  : Checking for BSP changes to sync application flags for project 'appx'...
20:25:31 INFO  : Disconnected from the channel tcfchan#29.
20:25:32 INFO  : Connected to target on host '127.0.0.1' and port '3121'.
20:25:42 INFO  : ----------------XSDB Script----------------
connect -url tcp:127.0.0.1:3121
----------------End of Script----------------

20:25:42 ERROR : Could not find ARM device on the board for connection 'Local'.
Check if the target is in:
1. Split JTAG - No operations are possible with ARM DAP.
2. Non JTAG bootmode - Bootrom may need time to enable DAP.
Please try again.


Troubleshooting hints:
1. Check whether board is connected to system properly.
2. In case of zynq board, check whether Digilent/Xilinx cable switch settings are correct.
3. If you are using Xilinx Platform Cable USB, ensure that status LED is green.
20:25:56 INFO  : Connected to target on host '127.0.0.1' and port '3121'.
20:25:56 INFO  : Jtag cable 'Digilent JTAG-SMT2NC 210308B3B53D' is selected.
20:25:56 INFO  : 'jtag frequency' command is executed.
20:25:56 INFO  : Sourcing of 'C:/Xilinx/Vitis/2023.1/scripts/vitis/util/zynqmp_utils.tcl' is done.
20:25:56 INFO  : Context for 'APU' is selected.
20:25:57 INFO  : System reset is completed.
20:26:00 INFO  : 'after 3000' command is executed.
20:26:00 INFO  : 'targets -set -filter {jtag_cable_name =~ "Digilent JTAG-SMT2NC 210308B3B53D" && level==0 && jtag_device_ctx=="jsn-JTAG-SMT2NC-210308B3B53D-24738093-0"}' command is executed.
20:26:17 INFO  : Device configured successfully with "C:/Users/shaza/Documents/Xilinx_ZCU102/fpga_demo/project_shell_v2/bitstreams/top3.bit"
20:26:17 INFO  : Context for 'APU' is selected.
20:26:17 INFO  : Hardware design and registers information is loaded from 'C:/Users/shaza/Documents/Xilinx_ZCU102/fpga_demo/sdk_v2/FPGA_Demo/export/FPGA_Demo/hw/top_wrapper.xsa'.
20:26:17 INFO  : 'configparams force-mem-access 1' command is executed.
20:26:17 INFO  : Context for 'APU' is selected.
20:26:17 INFO  : Boot mode is read from the target.
20:26:17 INFO  : Context for processor 'psu_cortexr5_0' is selected.
20:26:17 INFO  : Processor reset is completed for 'psu_cortexr5_0'.
20:26:18 INFO  : The application 'C:/Users/shaza/Documents/Xilinx_ZCU102/fpga_demo/sdk_v2/FPGA_Demo/export/FPGA_Demo/sw/FPGA_Demo/boot/fsbl.elf' is downloaded to processor 'psu_cortexr5_0'.
20:26:18 INFO  : 'set bp_26_18_fsbl_bp [bpadd -addr &XFsbl_Exit]' command is executed.
20:26:19 INFO  : 'con -block -timeout 60' command is executed.
20:26:19 INFO  : 'bpremove $bp_26_18_fsbl_bp' command is executed.
20:26:19 INFO  : Context for processor 'psu_cortexa53_0' is selected.
20:26:19 INFO  : Processor reset is completed for 'psu_cortexa53_0'.
20:26:28 INFO  : 'dow -data C:/Users/shaza/Documents/Xilinx_ZCU102/fpga_demo/project_shell_v2/bitstreams/vfpga1_shift_left_partial_icap_bs.bin 0x20000000' command is executed.
20:26:30 INFO  : The application 'C:/Users/shaza/Documents/Xilinx_ZCU102/fpga_demo/sdk_v2/appx/Debug/appx.elf' is downloaded to processor 'psu_cortexa53_0'.
20:26:30 INFO  : Context for processor 'psu_cortexr5_0' is selected.
20:26:30 INFO  : Processor reset is completed for 'psu_cortexr5_0'.
20:26:31 INFO  : The application 'C:/Users/shaza/Documents/Xilinx_ZCU102/fpga_demo/sdk_v2/fpga_ta/Debug/fpga_ta.elf' is downloaded to processor 'psu_cortexr5_0'.
20:26:31 INFO  : 'configparams force-mem-access 0' command is executed.
20:26:31 INFO  : ----------------XSDB Script----------------
connect -url tcp:127.0.0.1:3121
source C:/Xilinx/Vitis/2023.1/scripts/vitis/util/zynqmp_utils.tcl
targets -set -nocase -filter {name =~"APU*"}
rst -system
after 3000
targets -set -filter {jtag_cable_name =~ "Digilent JTAG-SMT2NC 210308B3B53D" && level==0 && jtag_device_ctx=="jsn-JTAG-SMT2NC-210308B3B53D-24738093-0"}
fpga -file C:/Users/shaza/Documents/Xilinx_ZCU102/fpga_demo/project_shell_v2/bitstreams/top3.bit
targets -set -nocase -filter {name =~"APU*"}
loadhw -hw C:/Users/shaza/Documents/Xilinx_ZCU102/fpga_demo/sdk_v2/FPGA_Demo/export/FPGA_Demo/hw/top_wrapper.xsa -mem-ranges [list {0x80000000 0xbfffffff} {0x400000000 0x5ffffffff} {0x1000000000 0x7fffffffff}] -regs
configparams force-mem-access 1
targets -set -nocase -filter {name =~"APU*"}
set mode [expr [mrd -value 0xFF5E0200] & 0xf]
targets -set -nocase -filter {name =~ "*R5*#0"}
rst -processor
dow C:/Users/shaza/Documents/Xilinx_ZCU102/fpga_demo/sdk_v2/FPGA_Demo/export/FPGA_Demo/sw/FPGA_Demo/boot/fsbl.elf
set bp_26_18_fsbl_bp [bpadd -addr &XFsbl_Exit]
con -block -timeout 60
bpremove $bp_26_18_fsbl_bp
targets -set -nocase -filter {name =~ "*A53*#0"}
rst -processor
dow -data C:/Users/shaza/Documents/Xilinx_ZCU102/fpga_demo/project_shell_v2/bitstreams/vfpga1_shift_left_partial_icap_bs.bin 0x20000000
dow C:/Users/shaza/Documents/Xilinx_ZCU102/fpga_demo/sdk_v2/appx/Debug/appx.elf
targets -set -nocase -filter {name =~ "*R5*#0"}
rst -processor
dow C:/Users/shaza/Documents/Xilinx_ZCU102/fpga_demo/sdk_v2/fpga_ta/Debug/fpga_ta.elf
configparams force-mem-access 0
----------------End of Script----------------

20:26:31 INFO  : Context for processor 'psu_cortexa53_0' is selected.
20:26:31 INFO  : 'con' command is executed.
20:26:31 INFO  : Context for processor 'psu_cortexr5_0' is selected.
20:26:31 INFO  : 'con' command is executed.
20:26:31 INFO  : ----------------XSDB Script (After Launch)----------------
targets -set -nocase -filter {name =~ "*A53*#0"}
con
targets -set -nocase -filter {name =~ "*R5*#0"}
con
----------------End of Script----------------

20:26:31 INFO  : Launch script is exported to file 'C:\Users\shaza\Documents\Xilinx_ZCU102\fpga_demo\sdk_v2\appx_system\_ide\scripts\debugger_appx-default_1.tcl'
14:39:29 INFO  : Result from executing command 'removePlatformRepo': 
14:57:03 DEBUG : Logs will be stored at 'C:/Users/shaza/Documents/Xilinx_ZCU102/fpga_demo/sdk_v2/IDE.log'.
14:57:03 INFO  : Launching XSCT server: xsct.bat -n  -interactive C:\Users\shaza\Documents\Xilinx_ZCU102\fpga_demo\sdk_v2\temp_xsdb_launch_script.tcl
14:57:05 INFO  : XSCT server has started successfully.
14:57:05 INFO  : Successfully done setting XSCT server connection channel  
14:57:05 INFO  : plnx-install-location is set to ''
14:57:05 INFO  : Successfully done setting workspace for the tool. 
14:57:09 INFO  : Platform repository initialization has completed.
14:57:23 INFO  : Registering command handlers for Vitis TCF services
14:57:28 INFO  : Successfully done query RDI_DATADIR 
14:57:58 INFO  : Result from executing command 'removePlatformRepo': 
15:00:38 INFO  : Result from executing command 'getProjects': FPGA_Demo
15:00:50 INFO  : Result from executing command 'getPlatforms': xilinx_vck190_base_202310_1|C:/Xilinx/Vitis/2023.1/base_platforms/xilinx_vck190_base_202310_1/xilinx_vck190_base_202310_1.xpfm;xilinx_vck190_base_dfx_202310_1|C:/Xilinx/Vitis/2023.1/base_platforms/xilinx_vck190_base_dfx_202310_1/xilinx_vck190_base_dfx_202310_1.xpfm;xilinx_vek280_es1_base_202310_1|C:/Xilinx/Vitis/2023.1/base_platforms/xilinx_vek280_es1_base_202310_1/xilinx_vek280_es1_base_202310_1.xpfm;xilinx_vmk180_base_202310_1|C:/Xilinx/Vitis/2023.1/base_platforms/xilinx_vmk180_base_202310_1/xilinx_vmk180_base_202310_1.xpfm;xilinx_zcu102_base_202310_1|C:/Xilinx/Vitis/2023.1/base_platforms/xilinx_zcu102_base_202310_1/xilinx_zcu102_base_202310_1.xpfm;xilinx_zcu102_base_dfx_202310_1|C:/Xilinx/Vitis/2023.1/base_platforms/xilinx_zcu102_base_dfx_202310_1/xilinx_zcu102_base_dfx_202310_1.xpfm;xilinx_zcu104_base_202310_1|C:/Xilinx/Vitis/2023.1/base_platforms/xilinx_zcu104_base_202310_1/xilinx_zcu104_base_202310_1.xpfm
15:00:53 INFO  : Checking for BSP changes to sync application flags for project 'appx'...
15:01:19 INFO  : Checking for BSP changes to sync application flags for project 'fpga_ta'...
15:02:49 INFO  : Connected to target on host '127.0.0.1' and port '3121'.
15:02:58 INFO  : Jtag cable 'Digilent JTAG-SMT2NC 210308B3B53D' is selected.
15:02:58 INFO  : 'jtag frequency' command is executed.
15:02:58 INFO  : Sourcing of 'C:/Xilinx/Vitis/2023.1/scripts/vitis/util/zynqmp_utils.tcl' is done.
15:02:58 INFO  : Context for 'APU' is selected.
15:02:59 INFO  : System reset is completed.
15:03:02 INFO  : 'after 3000' command is executed.
15:03:02 INFO  : 'targets -set -filter {jtag_cable_name =~ "Digilent JTAG-SMT2NC 210308B3B53D" && level==0 && jtag_device_ctx=="jsn-JTAG-SMT2NC-210308B3B53D-24738093-0"}' command is executed.
15:03:17 INFO  : Device configured successfully with "C:/Users/shaza/Documents/Xilinx_ZCU102/fpga_demo/project_shell_v2/bitstreams/top3.bit"
15:03:17 INFO  : Context for 'APU' is selected.
15:03:18 INFO  : Hardware design and registers information is loaded from 'C:/Users/shaza/Documents/Xilinx_ZCU102/fpga_demo/sdk_v2/FPGA_Demo/export/FPGA_Demo/hw/top_wrapper.xsa'.
15:03:18 INFO  : 'configparams force-mem-access 1' command is executed.
15:03:18 INFO  : Context for 'APU' is selected.
15:03:18 INFO  : Boot mode is read from the target.
15:03:18 INFO  : Context for processor 'psu_cortexr5_0' is selected.
15:03:18 INFO  : Processor reset is completed for 'psu_cortexr5_0'.
15:03:18 INFO  : The application 'C:/Users/shaza/Documents/Xilinx_ZCU102/fpga_demo/sdk_v2/FPGA_Demo/export/FPGA_Demo/sw/FPGA_Demo/boot/fsbl.elf' is downloaded to processor 'psu_cortexr5_0'.
15:03:19 INFO  : 'set bp_3_18_fsbl_bp [bpadd -addr &XFsbl_Exit]' command is executed.
15:04:20 WARN  : Exit breakpoint of FSBL (XFsbl_Exit) is not hit within allocated wait time of '60' seconds.
Note: To wait for a fixed amount of time specify the FSBL function as empty in launch configuration. Use 'IDE_FSBL_BP_HIT_WAIT_TIME' environment variable in launch configuration to modify the wait time (seconds).
Reason: timeout: target has not halted
15:04:20 INFO  : 'bpremove $bp_3_18_fsbl_bp' command is executed.
15:04:30 INFO  : ----------------XSDB Script----------------
connect -url tcp:127.0.0.1:3121
source C:/Xilinx/Vitis/2023.1/scripts/vitis/util/zynqmp_utils.tcl
targets -set -nocase -filter {name =~"APU*"}
rst -system
after 3000
targets -set -filter {jtag_cable_name =~ "Digilent JTAG-SMT2NC 210308B3B53D" && level==0 && jtag_device_ctx=="jsn-JTAG-SMT2NC-210308B3B53D-24738093-0"}
fpga -file C:/Users/shaza/Documents/Xilinx_ZCU102/fpga_demo/project_shell_v2/bitstreams/top3.bit
targets -set -nocase -filter {name =~"APU*"}
loadhw -hw C:/Users/shaza/Documents/Xilinx_ZCU102/fpga_demo/sdk_v2/FPGA_Demo/export/FPGA_Demo/hw/top_wrapper.xsa -mem-ranges [list {0x80000000 0xbfffffff} {0x400000000 0x5ffffffff} {0x1000000000 0x7fffffffff}] -regs
configparams force-mem-access 1
targets -set -nocase -filter {name =~"APU*"}
set mode [expr [mrd -value 0xFF5E0200] & 0xf]
targets -set -nocase -filter {name =~ "*R5*#0"}
rst -processor
dow C:/Users/shaza/Documents/Xilinx_ZCU102/fpga_demo/sdk_v2/FPGA_Demo/export/FPGA_Demo/sw/FPGA_Demo/boot/fsbl.elf
set bp_3_18_fsbl_bp [bpadd -addr &XFsbl_Exit]
con -block -timeout 60
bpremove $bp_3_18_fsbl_bp
----------------End of Script----------------

15:04:39 INFO  : Result from executing command 'removePlatformRepo': 
15:07:45 INFO  : Result from executing command 'getProjects': FPGA_Demo
15:07:45 INFO  : Result from executing command 'getPlatforms': xilinx_vck190_base_202310_1|C:/Xilinx/Vitis/2023.1/base_platforms/xilinx_vck190_base_202310_1/xilinx_vck190_base_202310_1.xpfm;xilinx_vck190_base_dfx_202310_1|C:/Xilinx/Vitis/2023.1/base_platforms/xilinx_vck190_base_dfx_202310_1/xilinx_vck190_base_dfx_202310_1.xpfm;xilinx_vek280_es1_base_202310_1|C:/Xilinx/Vitis/2023.1/base_platforms/xilinx_vek280_es1_base_202310_1/xilinx_vek280_es1_base_202310_1.xpfm;xilinx_vmk180_base_202310_1|C:/Xilinx/Vitis/2023.1/base_platforms/xilinx_vmk180_base_202310_1/xilinx_vmk180_base_202310_1.xpfm;xilinx_zcu102_base_202310_1|C:/Xilinx/Vitis/2023.1/base_platforms/xilinx_zcu102_base_202310_1/xilinx_zcu102_base_202310_1.xpfm;xilinx_zcu102_base_dfx_202310_1|C:/Xilinx/Vitis/2023.1/base_platforms/xilinx_zcu102_base_dfx_202310_1/xilinx_zcu102_base_dfx_202310_1.xpfm;xilinx_zcu104_base_202310_1|C:/Xilinx/Vitis/2023.1/base_platforms/xilinx_zcu104_base_202310_1/xilinx_zcu104_base_202310_1.xpfm
15:07:49 INFO  : Checking for BSP changes to sync application flags for project 'appx'...
15:08:04 INFO  : Checking for BSP changes to sync application flags for project 'fpga_ta'...
15:09:00 INFO  : Connected to target on host '127.0.0.1' and port '3121'.
15:09:00 INFO  : Jtag cable 'Digilent JTAG-SMT2NC 210308B3B53D' is selected.
15:09:00 INFO  : 'jtag frequency' command is executed.
15:09:00 INFO  : Sourcing of 'C:/Xilinx/Vitis/2023.1/scripts/vitis/util/zynqmp_utils.tcl' is done.
15:09:00 INFO  : Context for 'APU' is selected.
15:09:01 INFO  : System reset is completed.
15:09:04 INFO  : 'after 3000' command is executed.
15:09:04 INFO  : 'targets -set -filter {jtag_cable_name =~ "Digilent JTAG-SMT2NC 210308B3B53D" && level==0 && jtag_device_ctx=="jsn-JTAG-SMT2NC-210308B3B53D-24738093-0"}' command is executed.
15:09:19 INFO  : Device configured successfully with "C:/Users/shaza/Documents/Xilinx_ZCU102/fpga_demo/project_shell_v2/bitstreams/top3.bit"
15:09:19 INFO  : Context for 'APU' is selected.
15:09:19 INFO  : Hardware design and registers information is loaded from 'C:/Users/shaza/Documents/Xilinx_ZCU102/fpga_demo/sdk_v2/FPGA_Demo/export/FPGA_Demo/hw/top_wrapper.xsa'.
15:09:19 INFO  : 'configparams force-mem-access 1' command is executed.
15:09:19 INFO  : Context for 'APU' is selected.
15:09:19 INFO  : Boot mode is read from the target.
15:09:19 INFO  : Context for processor 'psu_cortexr5_0' is selected.
15:09:19 INFO  : Processor reset is completed for 'psu_cortexr5_0'.
15:09:19 INFO  : The application 'C:/Users/shaza/Documents/Xilinx_ZCU102/fpga_demo/sdk_v2/FPGA_Demo/export/FPGA_Demo/sw/FPGA_Demo/boot/fsbl.elf' is downloaded to processor 'psu_cortexr5_0'.
15:09:19 INFO  : 'set bp_9_19_fsbl_bp [bpadd -addr &XFsbl_Exit]' command is executed.
15:09:21 INFO  : 'con -block -timeout 60' command is executed.
15:09:21 INFO  : 'bpremove $bp_9_19_fsbl_bp' command is executed.
15:09:21 INFO  : Context for processor 'psu_cortexa53_0' is selected.
15:09:21 INFO  : Processor reset is completed for 'psu_cortexa53_0'.
15:09:27 INFO  : 'dow -data C:/Users/shaza/Documents/Xilinx_ZCU102/fpga_demo/project_shell_v2/bitstreams/vfpga1_shift_left_partial_icap_bs.bin 0x20000000' command is executed.
15:09:28 INFO  : The application 'C:/Users/shaza/Documents/Xilinx_ZCU102/fpga_demo/sdk_v2/appx/Debug/appx.elf' is downloaded to processor 'psu_cortexa53_0'.
15:09:28 INFO  : Context for processor 'psu_cortexr5_0' is selected.
15:09:28 INFO  : Processor reset is completed for 'psu_cortexr5_0'.
15:09:28 INFO  : The application 'C:/Users/shaza/Documents/Xilinx_ZCU102/fpga_demo/sdk_v2/fpga_ta/Debug/fpga_ta.elf' is downloaded to processor 'psu_cortexr5_0'.
15:09:28 INFO  : 'configparams force-mem-access 0' command is executed.
15:09:28 INFO  : ----------------XSDB Script----------------
connect -url tcp:127.0.0.1:3121
source C:/Xilinx/Vitis/2023.1/scripts/vitis/util/zynqmp_utils.tcl
targets -set -nocase -filter {name =~"APU*"}
rst -system
after 3000
targets -set -filter {jtag_cable_name =~ "Digilent JTAG-SMT2NC 210308B3B53D" && level==0 && jtag_device_ctx=="jsn-JTAG-SMT2NC-210308B3B53D-24738093-0"}
fpga -file C:/Users/shaza/Documents/Xilinx_ZCU102/fpga_demo/project_shell_v2/bitstreams/top3.bit
targets -set -nocase -filter {name =~"APU*"}
loadhw -hw C:/Users/shaza/Documents/Xilinx_ZCU102/fpga_demo/sdk_v2/FPGA_Demo/export/FPGA_Demo/hw/top_wrapper.xsa -mem-ranges [list {0x80000000 0xbfffffff} {0x400000000 0x5ffffffff} {0x1000000000 0x7fffffffff}] -regs
configparams force-mem-access 1
targets -set -nocase -filter {name =~"APU*"}
set mode [expr [mrd -value 0xFF5E0200] & 0xf]
targets -set -nocase -filter {name =~ "*R5*#0"}
rst -processor
dow C:/Users/shaza/Documents/Xilinx_ZCU102/fpga_demo/sdk_v2/FPGA_Demo/export/FPGA_Demo/sw/FPGA_Demo/boot/fsbl.elf
set bp_9_19_fsbl_bp [bpadd -addr &XFsbl_Exit]
con -block -timeout 60
bpremove $bp_9_19_fsbl_bp
targets -set -nocase -filter {name =~ "*A53*#0"}
rst -processor
dow -data C:/Users/shaza/Documents/Xilinx_ZCU102/fpga_demo/project_shell_v2/bitstreams/vfpga1_shift_left_partial_icap_bs.bin 0x20000000
dow C:/Users/shaza/Documents/Xilinx_ZCU102/fpga_demo/sdk_v2/appx/Debug/appx.elf
targets -set -nocase -filter {name =~ "*R5*#0"}
rst -processor
dow C:/Users/shaza/Documents/Xilinx_ZCU102/fpga_demo/sdk_v2/fpga_ta/Debug/fpga_ta.elf
configparams force-mem-access 0
----------------End of Script----------------

15:09:28 INFO  : Context for processor 'psu_cortexa53_0' is selected.
15:09:28 INFO  : 'con' command is executed.
15:09:28 INFO  : Context for processor 'psu_cortexr5_0' is selected.
15:09:28 INFO  : 'con' command is executed.
15:09:28 INFO  : ----------------XSDB Script (After Launch)----------------
targets -set -nocase -filter {name =~ "*A53*#0"}
con
targets -set -nocase -filter {name =~ "*R5*#0"}
con
----------------End of Script----------------

15:09:28 INFO  : Launch script is exported to file 'C:\Users\shaza\Documents\Xilinx_ZCU102\fpga_demo\sdk_v2\appx_system\_ide\scripts\debugger_appx-default_1.tcl'
15:11:36 INFO  : Disconnected from the channel tcfchan#5.
15:14:33 INFO  : Connected to target on host '127.0.0.1' and port '3121'.
15:14:34 INFO  : Jtag cable 'Digilent JTAG-SMT2NC 210308B3B53D' is selected.
15:14:34 INFO  : 'jtag frequency' command is executed.
15:14:34 INFO  : Sourcing of 'C:/Xilinx/Vitis/2023.1/scripts/vitis/util/zynqmp_utils.tcl' is done.
15:14:34 INFO  : Context for 'APU' is selected.
15:14:35 INFO  : System reset is completed.
15:14:38 INFO  : 'after 3000' command is executed.
15:14:38 INFO  : 'targets -set -filter {jtag_cable_name =~ "Digilent JTAG-SMT2NC 210308B3B53D" && level==0 && jtag_device_ctx=="jsn-JTAG-SMT2NC-210308B3B53D-24738093-0"}' command is executed.
15:14:53 INFO  : Device configured successfully with "C:/Users/shaza/Documents/Xilinx_ZCU102/fpga_demo/project_shell_v2/bitstreams/top3.bit"
15:14:53 INFO  : Context for 'APU' is selected.
15:14:53 INFO  : Hardware design and registers information is loaded from 'C:/Users/shaza/Documents/Xilinx_ZCU102/fpga_demo/sdk_v2/FPGA_Demo/export/FPGA_Demo/hw/top_wrapper.xsa'.
15:14:53 INFO  : 'configparams force-mem-access 1' command is executed.
15:14:53 INFO  : Context for 'APU' is selected.
15:14:53 INFO  : Boot mode is read from the target.
15:14:53 INFO  : Context for processor 'psu_cortexr5_0' is selected.
15:14:53 INFO  : Processor reset is completed for 'psu_cortexr5_0'.
15:14:54 INFO  : The application 'C:/Users/shaza/Documents/Xilinx_ZCU102/fpga_demo/sdk_v2/FPGA_Demo/export/FPGA_Demo/sw/FPGA_Demo/boot/fsbl.elf' is downloaded to processor 'psu_cortexr5_0'.
15:14:54 INFO  : 'set bp_14_54_fsbl_bp [bpadd -addr &XFsbl_Exit]' command is executed.
15:14:55 INFO  : 'con -block -timeout 60' command is executed.
15:14:55 INFO  : 'bpremove $bp_14_54_fsbl_bp' command is executed.
15:14:55 INFO  : Context for processor 'psu_cortexa53_0' is selected.
15:14:55 INFO  : Processor reset is completed for 'psu_cortexa53_0'.
15:15:00 INFO  : 'dow -data C:/Users/shaza/Documents/Xilinx_ZCU102/fpga_demo/project_shell_v2/bitstreams/vfpga1_shift_left_partial_icap_bs.bin 0x20000000' command is executed.
15:15:02 INFO  : The application 'C:/Users/shaza/Documents/Xilinx_ZCU102/fpga_demo/sdk_v2/appx/Debug/appx.elf' is downloaded to processor 'psu_cortexa53_0'.
15:15:02 INFO  : Context for processor 'psu_cortexr5_0' is selected.
15:15:02 INFO  : Processor reset is completed for 'psu_cortexr5_0'.
15:15:02 INFO  : The application 'C:/Users/shaza/Documents/Xilinx_ZCU102/fpga_demo/sdk_v2/fpga_ta/Debug/fpga_ta.elf' is downloaded to processor 'psu_cortexr5_0'.
15:15:02 INFO  : 'configparams force-mem-access 0' command is executed.
15:15:02 INFO  : ----------------XSDB Script----------------
connect -url tcp:127.0.0.1:3121
source C:/Xilinx/Vitis/2023.1/scripts/vitis/util/zynqmp_utils.tcl
targets -set -nocase -filter {name =~"APU*"}
rst -system
after 3000
targets -set -filter {jtag_cable_name =~ "Digilent JTAG-SMT2NC 210308B3B53D" && level==0 && jtag_device_ctx=="jsn-JTAG-SMT2NC-210308B3B53D-24738093-0"}
fpga -file C:/Users/shaza/Documents/Xilinx_ZCU102/fpga_demo/project_shell_v2/bitstreams/top3.bit
targets -set -nocase -filter {name =~"APU*"}
loadhw -hw C:/Users/shaza/Documents/Xilinx_ZCU102/fpga_demo/sdk_v2/FPGA_Demo/export/FPGA_Demo/hw/top_wrapper.xsa -mem-ranges [list {0x80000000 0xbfffffff} {0x400000000 0x5ffffffff} {0x1000000000 0x7fffffffff}] -regs
configparams force-mem-access 1
targets -set -nocase -filter {name =~"APU*"}
set mode [expr [mrd -value 0xFF5E0200] & 0xf]
targets -set -nocase -filter {name =~ "*R5*#0"}
rst -processor
dow C:/Users/shaza/Documents/Xilinx_ZCU102/fpga_demo/sdk_v2/FPGA_Demo/export/FPGA_Demo/sw/FPGA_Demo/boot/fsbl.elf
set bp_14_54_fsbl_bp [bpadd -addr &XFsbl_Exit]
con -block -timeout 60
bpremove $bp_14_54_fsbl_bp
targets -set -nocase -filter {name =~ "*A53*#0"}
rst -processor
dow -data C:/Users/shaza/Documents/Xilinx_ZCU102/fpga_demo/project_shell_v2/bitstreams/vfpga1_shift_left_partial_icap_bs.bin 0x20000000
dow C:/Users/shaza/Documents/Xilinx_ZCU102/fpga_demo/sdk_v2/appx/Debug/appx.elf
targets -set -nocase -filter {name =~ "*R5*#0"}
rst -processor
dow C:/Users/shaza/Documents/Xilinx_ZCU102/fpga_demo/sdk_v2/fpga_ta/Debug/fpga_ta.elf
configparams force-mem-access 0
----------------End of Script----------------

15:15:02 INFO  : Context for processor 'psu_cortexa53_0' is selected.
15:15:02 INFO  : 'con' command is executed.
15:15:02 INFO  : Context for processor 'psu_cortexr5_0' is selected.
15:15:02 INFO  : 'con' command is executed.
15:15:02 INFO  : ----------------XSDB Script (After Launch)----------------
targets -set -nocase -filter {name =~ "*A53*#0"}
con
targets -set -nocase -filter {name =~ "*R5*#0"}
con
----------------End of Script----------------

15:15:02 INFO  : Launch script is exported to file 'C:\Users\shaza\Documents\Xilinx_ZCU102\fpga_demo\sdk_v2\appx_system\_ide\scripts\debugger_appx-default_1.tcl'
15:15:49 INFO  : Disconnected from the channel tcfchan#10.
15:15:50 INFO  : Connected to target on host '127.0.0.1' and port '3121'.
15:15:50 INFO  : Jtag cable 'Digilent JTAG-SMT2NC 210308B3B53D' is selected.
15:15:50 INFO  : 'jtag frequency' command is executed.
15:15:50 INFO  : Sourcing of 'C:/Xilinx/Vitis/2023.1/scripts/vitis/util/zynqmp_utils.tcl' is done.
15:15:50 INFO  : Context for 'APU' is selected.
15:15:51 INFO  : System reset is completed.
15:15:54 INFO  : 'after 3000' command is executed.
15:15:54 INFO  : 'targets -set -filter {jtag_cable_name =~ "Digilent JTAG-SMT2NC 210308B3B53D" && level==0 && jtag_device_ctx=="jsn-JTAG-SMT2NC-210308B3B53D-24738093-0"}' command is executed.
15:16:09 INFO  : Device configured successfully with "C:/Users/shaza/Documents/Xilinx_ZCU102/fpga_demo/project_shell_v2/bitstreams/top3.bit"
15:16:09 INFO  : Context for 'APU' is selected.
15:16:09 INFO  : Hardware design and registers information is loaded from 'C:/Users/shaza/Documents/Xilinx_ZCU102/fpga_demo/sdk_v2/FPGA_Demo/export/FPGA_Demo/hw/top_wrapper.xsa'.
15:16:09 INFO  : 'configparams force-mem-access 1' command is executed.
15:16:09 INFO  : Context for 'APU' is selected.
15:16:09 INFO  : Boot mode is read from the target.
15:16:09 INFO  : Context for processor 'psu_cortexr5_0' is selected.
15:16:09 INFO  : Processor reset is completed for 'psu_cortexr5_0'.
15:16:10 INFO  : The application 'C:/Users/shaza/Documents/Xilinx_ZCU102/fpga_demo/sdk_v2/FPGA_Demo/export/FPGA_Demo/sw/FPGA_Demo/boot/fsbl.elf' is downloaded to processor 'psu_cortexr5_0'.
15:16:10 INFO  : 'set bp_16_10_fsbl_bp [bpadd -addr &XFsbl_Exit]' command is executed.
15:16:11 INFO  : 'con -block -timeout 60' command is executed.
15:16:11 INFO  : 'bpremove $bp_16_10_fsbl_bp' command is executed.
15:16:11 INFO  : Context for processor 'psu_cortexa53_0' is selected.
15:16:11 INFO  : Processor reset is completed for 'psu_cortexa53_0'.
15:16:16 INFO  : 'dow -data C:/Users/shaza/Documents/Xilinx_ZCU102/fpga_demo/project_shell_v2/bitstreams/vfpga1_shift_left_partial_icap_bs.bin 0x20000000' command is executed.
15:16:17 INFO  : The application 'C:/Users/shaza/Documents/Xilinx_ZCU102/fpga_demo/sdk_v2/appx/Debug/appx.elf' is downloaded to processor 'psu_cortexa53_0'.
15:16:17 INFO  : Context for processor 'psu_cortexr5_0' is selected.
15:16:18 INFO  : Processor reset is completed for 'psu_cortexr5_0'.
15:16:18 INFO  : The application 'C:/Users/shaza/Documents/Xilinx_ZCU102/fpga_demo/sdk_v2/fpga_ta/Debug/fpga_ta.elf' is downloaded to processor 'psu_cortexr5_0'.
15:16:18 INFO  : 'configparams force-mem-access 0' command is executed.
15:16:18 INFO  : ----------------XSDB Script----------------
connect -url tcp:127.0.0.1:3121
source C:/Xilinx/Vitis/2023.1/scripts/vitis/util/zynqmp_utils.tcl
targets -set -nocase -filter {name =~"APU*"}
rst -system
after 3000
targets -set -filter {jtag_cable_name =~ "Digilent JTAG-SMT2NC 210308B3B53D" && level==0 && jtag_device_ctx=="jsn-JTAG-SMT2NC-210308B3B53D-24738093-0"}
fpga -file C:/Users/shaza/Documents/Xilinx_ZCU102/fpga_demo/project_shell_v2/bitstreams/top3.bit
targets -set -nocase -filter {name =~"APU*"}
loadhw -hw C:/Users/shaza/Documents/Xilinx_ZCU102/fpga_demo/sdk_v2/FPGA_Demo/export/FPGA_Demo/hw/top_wrapper.xsa -mem-ranges [list {0x80000000 0xbfffffff} {0x400000000 0x5ffffffff} {0x1000000000 0x7fffffffff}] -regs
configparams force-mem-access 1
targets -set -nocase -filter {name =~"APU*"}
set mode [expr [mrd -value 0xFF5E0200] & 0xf]
targets -set -nocase -filter {name =~ "*R5*#0"}
rst -processor
dow C:/Users/shaza/Documents/Xilinx_ZCU102/fpga_demo/sdk_v2/FPGA_Demo/export/FPGA_Demo/sw/FPGA_Demo/boot/fsbl.elf
set bp_16_10_fsbl_bp [bpadd -addr &XFsbl_Exit]
con -block -timeout 60
bpremove $bp_16_10_fsbl_bp
targets -set -nocase -filter {name =~ "*A53*#0"}
rst -processor
dow -data C:/Users/shaza/Documents/Xilinx_ZCU102/fpga_demo/project_shell_v2/bitstreams/vfpga1_shift_left_partial_icap_bs.bin 0x20000000
dow C:/Users/shaza/Documents/Xilinx_ZCU102/fpga_demo/sdk_v2/appx/Debug/appx.elf
targets -set -nocase -filter {name =~ "*R5*#0"}
rst -processor
dow C:/Users/shaza/Documents/Xilinx_ZCU102/fpga_demo/sdk_v2/fpga_ta/Debug/fpga_ta.elf
configparams force-mem-access 0
----------------End of Script----------------

15:16:18 INFO  : Context for processor 'psu_cortexa53_0' is selected.
15:16:18 INFO  : 'con' command is executed.
15:16:18 INFO  : Context for processor 'psu_cortexr5_0' is selected.
15:16:18 INFO  : 'con' command is executed.
15:16:18 INFO  : ----------------XSDB Script (After Launch)----------------
targets -set -nocase -filter {name =~ "*A53*#0"}
con
targets -set -nocase -filter {name =~ "*R5*#0"}
con
----------------End of Script----------------

15:16:18 INFO  : Launch script is exported to file 'C:\Users\shaza\Documents\Xilinx_ZCU102\fpga_demo\sdk_v2\appx_system\_ide\scripts\debugger_appx-default_1.tcl'
15:18:05 INFO  : Disconnected from the channel tcfchan#11.
15:18:06 INFO  : Connected to target on host '127.0.0.1' and port '3121'.
15:18:07 INFO  : Jtag cable 'Digilent JTAG-SMT2NC 210308B3B53D' is selected.
15:18:07 INFO  : 'jtag frequency' command is executed.
15:18:07 INFO  : Sourcing of 'C:/Xilinx/Vitis/2023.1/scripts/vitis/util/zynqmp_utils.tcl' is done.
15:18:07 INFO  : Context for 'APU' is selected.
15:18:07 INFO  : System reset is completed.
15:18:10 INFO  : 'after 3000' command is executed.
15:18:10 INFO  : 'targets -set -filter {jtag_cable_name =~ "Digilent JTAG-SMT2NC 210308B3B53D" && level==0 && jtag_device_ctx=="jsn-JTAG-SMT2NC-210308B3B53D-24738093-0"}' command is executed.
15:18:26 INFO  : Device configured successfully with "C:/Users/shaza/Documents/Xilinx_ZCU102/fpga_demo/project_shell_v2/bitstreams/top3.bit"
15:18:26 INFO  : Context for 'APU' is selected.
15:18:26 INFO  : Hardware design and registers information is loaded from 'C:/Users/shaza/Documents/Xilinx_ZCU102/fpga_demo/sdk_v2/FPGA_Demo/export/FPGA_Demo/hw/top_wrapper.xsa'.
15:18:26 INFO  : 'configparams force-mem-access 1' command is executed.
15:18:26 INFO  : Context for 'APU' is selected.
15:18:26 INFO  : Boot mode is read from the target.
15:18:26 INFO  : Context for processor 'psu_cortexr5_0' is selected.
15:18:26 INFO  : Processor reset is completed for 'psu_cortexr5_0'.
15:18:26 INFO  : The application 'C:/Users/shaza/Documents/Xilinx_ZCU102/fpga_demo/sdk_v2/FPGA_Demo/export/FPGA_Demo/sw/FPGA_Demo/boot/fsbl.elf' is downloaded to processor 'psu_cortexr5_0'.
15:18:26 INFO  : 'set bp_18_26_fsbl_bp [bpadd -addr &XFsbl_Exit]' command is executed.
15:18:27 INFO  : 'con -block -timeout 60' command is executed.
15:18:27 INFO  : 'bpremove $bp_18_26_fsbl_bp' command is executed.
15:18:27 INFO  : Context for processor 'psu_cortexa53_0' is selected.
15:18:27 INFO  : Processor reset is completed for 'psu_cortexa53_0'.
15:18:33 INFO  : 'dow -data C:/Users/shaza/Documents/Xilinx_ZCU102/fpga_demo/project_shell_v2/bitstreams/vfpga1_shift_left_partial_icap_bs.bin 0x20000000' command is executed.
15:18:34 INFO  : The application 'C:/Users/shaza/Documents/Xilinx_ZCU102/fpga_demo/sdk_v2/appx/Debug/appx.elf' is downloaded to processor 'psu_cortexa53_0'.
15:18:34 INFO  : Context for processor 'psu_cortexr5_0' is selected.
15:18:34 INFO  : Processor reset is completed for 'psu_cortexr5_0'.
15:18:35 INFO  : The application 'C:/Users/shaza/Documents/Xilinx_ZCU102/fpga_demo/sdk_v2/fpga_ta/Debug/fpga_ta.elf' is downloaded to processor 'psu_cortexr5_0'.
15:18:35 INFO  : 'configparams force-mem-access 0' command is executed.
15:18:35 INFO  : ----------------XSDB Script----------------
connect -url tcp:127.0.0.1:3121
source C:/Xilinx/Vitis/2023.1/scripts/vitis/util/zynqmp_utils.tcl
targets -set -nocase -filter {name =~"APU*"}
rst -system
after 3000
targets -set -filter {jtag_cable_name =~ "Digilent JTAG-SMT2NC 210308B3B53D" && level==0 && jtag_device_ctx=="jsn-JTAG-SMT2NC-210308B3B53D-24738093-0"}
fpga -file C:/Users/shaza/Documents/Xilinx_ZCU102/fpga_demo/project_shell_v2/bitstreams/top3.bit
targets -set -nocase -filter {name =~"APU*"}
loadhw -hw C:/Users/shaza/Documents/Xilinx_ZCU102/fpga_demo/sdk_v2/FPGA_Demo/export/FPGA_Demo/hw/top_wrapper.xsa -mem-ranges [list {0x80000000 0xbfffffff} {0x400000000 0x5ffffffff} {0x1000000000 0x7fffffffff}] -regs
configparams force-mem-access 1
targets -set -nocase -filter {name =~"APU*"}
set mode [expr [mrd -value 0xFF5E0200] & 0xf]
targets -set -nocase -filter {name =~ "*R5*#0"}
rst -processor
dow C:/Users/shaza/Documents/Xilinx_ZCU102/fpga_demo/sdk_v2/FPGA_Demo/export/FPGA_Demo/sw/FPGA_Demo/boot/fsbl.elf
set bp_18_26_fsbl_bp [bpadd -addr &XFsbl_Exit]
con -block -timeout 60
bpremove $bp_18_26_fsbl_bp
targets -set -nocase -filter {name =~ "*A53*#0"}
rst -processor
dow -data C:/Users/shaza/Documents/Xilinx_ZCU102/fpga_demo/project_shell_v2/bitstreams/vfpga1_shift_left_partial_icap_bs.bin 0x20000000
dow C:/Users/shaza/Documents/Xilinx_ZCU102/fpga_demo/sdk_v2/appx/Debug/appx.elf
targets -set -nocase -filter {name =~ "*R5*#0"}
rst -processor
dow C:/Users/shaza/Documents/Xilinx_ZCU102/fpga_demo/sdk_v2/fpga_ta/Debug/fpga_ta.elf
configparams force-mem-access 0
----------------End of Script----------------

15:18:35 INFO  : Context for processor 'psu_cortexa53_0' is selected.
15:18:35 INFO  : 'con' command is executed.
15:18:35 INFO  : Context for processor 'psu_cortexr5_0' is selected.
15:18:35 INFO  : 'con' command is executed.
15:18:35 INFO  : ----------------XSDB Script (After Launch)----------------
targets -set -nocase -filter {name =~ "*A53*#0"}
con
targets -set -nocase -filter {name =~ "*R5*#0"}
con
----------------End of Script----------------

15:18:35 INFO  : Launch script is exported to file 'C:\Users\shaza\Documents\Xilinx_ZCU102\fpga_demo\sdk_v2\appx_system\_ide\scripts\debugger_appx-default_1.tcl'
15:23:12 INFO  : Result from executing command 'removePlatformRepo': 
15:26:02 INFO  : Disconnected from the channel tcfchan#12.
15:26:02 INFO  : Result from executing command 'getProjects': FPGA_Demo
15:26:02 INFO  : Result from executing command 'getPlatforms': xilinx_vck190_base_202310_1|C:/Xilinx/Vitis/2023.1/base_platforms/xilinx_vck190_base_202310_1/xilinx_vck190_base_202310_1.xpfm;xilinx_vck190_base_dfx_202310_1|C:/Xilinx/Vitis/2023.1/base_platforms/xilinx_vck190_base_dfx_202310_1/xilinx_vck190_base_dfx_202310_1.xpfm;xilinx_vek280_es1_base_202310_1|C:/Xilinx/Vitis/2023.1/base_platforms/xilinx_vek280_es1_base_202310_1/xilinx_vek280_es1_base_202310_1.xpfm;xilinx_vmk180_base_202310_1|C:/Xilinx/Vitis/2023.1/base_platforms/xilinx_vmk180_base_202310_1/xilinx_vmk180_base_202310_1.xpfm;xilinx_zcu102_base_202310_1|C:/Xilinx/Vitis/2023.1/base_platforms/xilinx_zcu102_base_202310_1/xilinx_zcu102_base_202310_1.xpfm;xilinx_zcu102_base_dfx_202310_1|C:/Xilinx/Vitis/2023.1/base_platforms/xilinx_zcu102_base_dfx_202310_1/xilinx_zcu102_base_dfx_202310_1.xpfm;xilinx_zcu104_base_202310_1|C:/Xilinx/Vitis/2023.1/base_platforms/xilinx_zcu104_base_202310_1/xilinx_zcu104_base_202310_1.xpfm
15:26:05 INFO  : Checking for BSP changes to sync application flags for project 'appx'...
15:26:19 INFO  : Checking for BSP changes to sync application flags for project 'fpga_ta'...
15:32:11 INFO  : Result from executing command 'removePlatformRepo': 
15:34:22 INFO  : Checking for BSP changes to sync application flags for project 'appx'...
15:34:22 ERROR : Failed to get platform details for the project 'appx'. Cannot sync application flags.
15:34:23 INFO  : Checking for BSP changes to sync application flags for project 'fpga_ta'...
15:34:23 ERROR : Failed to get platform details for the project 'fpga_ta'. Cannot sync application flags.
15:37:33 INFO  : No changes in MSS file content so sources will not be generated.
15:37:42 INFO  : Result from executing command 'removePlatformRepo': 
15:39:58 INFO  : Result from executing command 'getProjects': FPGA_Demo
15:39:58 INFO  : Result from executing command 'getPlatforms': xilinx_vck190_base_202310_1|C:/Xilinx/Vitis/2023.1/base_platforms/xilinx_vck190_base_202310_1/xilinx_vck190_base_202310_1.xpfm;xilinx_vck190_base_dfx_202310_1|C:/Xilinx/Vitis/2023.1/base_platforms/xilinx_vck190_base_dfx_202310_1/xilinx_vck190_base_dfx_202310_1.xpfm;xilinx_vek280_es1_base_202310_1|C:/Xilinx/Vitis/2023.1/base_platforms/xilinx_vek280_es1_base_202310_1/xilinx_vek280_es1_base_202310_1.xpfm;xilinx_vmk180_base_202310_1|C:/Xilinx/Vitis/2023.1/base_platforms/xilinx_vmk180_base_202310_1/xilinx_vmk180_base_202310_1.xpfm;xilinx_zcu102_base_202310_1|C:/Xilinx/Vitis/2023.1/base_platforms/xilinx_zcu102_base_202310_1/xilinx_zcu102_base_202310_1.xpfm;xilinx_zcu102_base_dfx_202310_1|C:/Xilinx/Vitis/2023.1/base_platforms/xilinx_zcu102_base_dfx_202310_1/xilinx_zcu102_base_dfx_202310_1.xpfm;xilinx_zcu104_base_202310_1|C:/Xilinx/Vitis/2023.1/base_platforms/xilinx_zcu104_base_202310_1/xilinx_zcu104_base_202310_1.xpfm
15:40:01 INFO  : Checking for BSP changes to sync application flags for project 'appx'...
15:40:13 INFO  : Checking for BSP changes to sync application flags for project 'fpga_ta'...
15:41:15 INFO  : Checking for BSP changes to sync application flags for project 'appx'...
15:41:26 INFO  : Checking for BSP changes to sync application flags for project 'appx'...
15:42:36 INFO  : Checking for BSP changes to sync application flags for project 'fpga_ta'...
15:43:45 INFO  : Checking for BSP changes to sync application flags for project 'appx'...
15:45:17 INFO  : No changes in MSS file content so sources will not be generated.
15:45:40 INFO  : No changes in MSS file content so sources will not be generated.
15:45:54 INFO  : Result from executing command 'removePlatformRepo': 
15:48:41 INFO  : Result from executing command 'getProjects': FPGA_Demo
15:48:41 INFO  : Result from executing command 'getPlatforms': xilinx_vck190_base_202310_1|C:/Xilinx/Vitis/2023.1/base_platforms/xilinx_vck190_base_202310_1/xilinx_vck190_base_202310_1.xpfm;xilinx_vck190_base_dfx_202310_1|C:/Xilinx/Vitis/2023.1/base_platforms/xilinx_vck190_base_dfx_202310_1/xilinx_vck190_base_dfx_202310_1.xpfm;xilinx_vek280_es1_base_202310_1|C:/Xilinx/Vitis/2023.1/base_platforms/xilinx_vek280_es1_base_202310_1/xilinx_vek280_es1_base_202310_1.xpfm;xilinx_vmk180_base_202310_1|C:/Xilinx/Vitis/2023.1/base_platforms/xilinx_vmk180_base_202310_1/xilinx_vmk180_base_202310_1.xpfm;xilinx_zcu102_base_202310_1|C:/Xilinx/Vitis/2023.1/base_platforms/xilinx_zcu102_base_202310_1/xilinx_zcu102_base_202310_1.xpfm;xilinx_zcu102_base_dfx_202310_1|C:/Xilinx/Vitis/2023.1/base_platforms/xilinx_zcu102_base_dfx_202310_1/xilinx_zcu102_base_dfx_202310_1.xpfm;xilinx_zcu104_base_202310_1|C:/Xilinx/Vitis/2023.1/base_platforms/xilinx_zcu104_base_202310_1/xilinx_zcu104_base_202310_1.xpfm
15:48:44 INFO  : Checking for BSP changes to sync application flags for project 'appx'...
15:48:49 INFO  : Checking for BSP changes to sync application flags for project 'fpga_ta'...
15:49:43 INFO  : Connected to target on host '127.0.0.1' and port '3121'.
15:49:44 INFO  : Jtag cable 'Digilent JTAG-SMT2NC 210308B3B53D' is selected.
15:49:44 INFO  : 'jtag frequency' command is executed.
15:49:44 INFO  : Sourcing of 'C:/Xilinx/Vitis/2023.1/scripts/vitis/util/zynqmp_utils.tcl' is done.
15:49:44 INFO  : Context for 'APU' is selected.
15:49:44 INFO  : System reset is completed.
15:49:47 INFO  : 'after 3000' command is executed.
15:49:47 INFO  : 'targets -set -filter {jtag_cable_name =~ "Digilent JTAG-SMT2NC 210308B3B53D" && level==0 && jtag_device_ctx=="jsn-JTAG-SMT2NC-210308B3B53D-24738093-0"}' command is executed.
15:50:03 INFO  : Device configured successfully with "C:/Users/shaza/Documents/Xilinx_ZCU102/fpga_demo/project_shell_v2/bitstreams/top3.bit"
15:50:03 INFO  : Context for 'APU' is selected.
15:50:03 INFO  : Hardware design and registers information is loaded from 'C:/Users/shaza/Documents/Xilinx_ZCU102/fpga_demo/sdk_v2/FPGA_Demo/export/FPGA_Demo/hw/top_wrapper.xsa'.
15:50:03 INFO  : 'configparams force-mem-access 1' command is executed.
15:50:03 INFO  : Context for 'APU' is selected.
15:50:03 INFO  : Boot mode is read from the target.
15:50:03 INFO  : Context for processor 'psu_cortexr5_0' is selected.
15:50:03 INFO  : Processor reset is completed for 'psu_cortexr5_0'.
15:50:03 INFO  : The application 'C:/Users/shaza/Documents/Xilinx_ZCU102/fpga_demo/sdk_v2/FPGA_Demo/export/FPGA_Demo/sw/FPGA_Demo/boot/fsbl.elf' is downloaded to processor 'psu_cortexr5_0'.
15:50:03 INFO  : 'set bp_50_3_fsbl_bp [bpadd -addr &XFsbl_Exit]' command is executed.
15:51:04 WARN  : Exit breakpoint of FSBL (XFsbl_Exit) is not hit within allocated wait time of '60' seconds.
Note: To wait for a fixed amount of time specify the FSBL function as empty in launch configuration. Use 'IDE_FSBL_BP_HIT_WAIT_TIME' environment variable in launch configuration to modify the wait time (seconds).
Reason: timeout: target has not halted
15:51:04 INFO  : 'bpremove $bp_50_3_fsbl_bp' command is executed.
15:51:46 INFO  : ----------------XSDB Script----------------
connect -url tcp:127.0.0.1:3121
source C:/Xilinx/Vitis/2023.1/scripts/vitis/util/zynqmp_utils.tcl
targets -set -nocase -filter {name =~"APU*"}
rst -system
after 3000
targets -set -filter {jtag_cable_name =~ "Digilent JTAG-SMT2NC 210308B3B53D" && level==0 && jtag_device_ctx=="jsn-JTAG-SMT2NC-210308B3B53D-24738093-0"}
fpga -file C:/Users/shaza/Documents/Xilinx_ZCU102/fpga_demo/project_shell_v2/bitstreams/top3.bit
targets -set -nocase -filter {name =~"APU*"}
loadhw -hw C:/Users/shaza/Documents/Xilinx_ZCU102/fpga_demo/sdk_v2/FPGA_Demo/export/FPGA_Demo/hw/top_wrapper.xsa -mem-ranges [list {0x80000000 0xbfffffff} {0x400000000 0x5ffffffff} {0x1000000000 0x7fffffffff}] -regs
configparams force-mem-access 1
targets -set -nocase -filter {name =~"APU*"}
set mode [expr [mrd -value 0xFF5E0200] & 0xf]
targets -set -nocase -filter {name =~ "*R5*#0"}
rst -processor
dow C:/Users/shaza/Documents/Xilinx_ZCU102/fpga_demo/sdk_v2/FPGA_Demo/export/FPGA_Demo/sw/FPGA_Demo/boot/fsbl.elf
set bp_50_3_fsbl_bp [bpadd -addr &XFsbl_Exit]
con -block -timeout 60
bpremove $bp_50_3_fsbl_bp
----------------End of Script----------------

15:51:52 INFO  : Connected to target on host '127.0.0.1' and port '3121'.
15:51:52 INFO  : Jtag cable 'Digilent JTAG-SMT2NC 210308B3B53D' is selected.
15:51:52 INFO  : 'jtag frequency' command is executed.
15:51:52 INFO  : Sourcing of 'C:/Xilinx/Vitis/2023.1/scripts/vitis/util/zynqmp_utils.tcl' is done.
15:51:52 INFO  : Context for 'APU' is selected.
15:51:53 INFO  : System reset is completed.
15:51:56 INFO  : 'after 3000' command is executed.
15:51:56 INFO  : 'targets -set -filter {jtag_cable_name =~ "Digilent JTAG-SMT2NC 210308B3B53D" && level==0 && jtag_device_ctx=="jsn-JTAG-SMT2NC-210308B3B53D-24738093-0"}' command is executed.
15:52:11 INFO  : Device configured successfully with "C:/Users/shaza/Documents/Xilinx_ZCU102/fpga_demo/project_shell_v2/bitstreams/top3.bit"
15:52:11 INFO  : Context for 'APU' is selected.
15:52:11 INFO  : Hardware design and registers information is loaded from 'C:/Users/shaza/Documents/Xilinx_ZCU102/fpga_demo/sdk_v2/FPGA_Demo/export/FPGA_Demo/hw/top_wrapper.xsa'.
15:52:11 INFO  : 'configparams force-mem-access 1' command is executed.
15:52:11 INFO  : Context for 'APU' is selected.
15:52:11 INFO  : Boot mode is read from the target.
15:52:11 INFO  : Context for processor 'psu_cortexr5_0' is selected.
15:52:11 INFO  : Processor reset is completed for 'psu_cortexr5_0'.
15:52:12 INFO  : The application 'C:/Users/shaza/Documents/Xilinx_ZCU102/fpga_demo/sdk_v2/FPGA_Demo/export/FPGA_Demo/sw/FPGA_Demo/boot/fsbl.elf' is downloaded to processor 'psu_cortexr5_0'.
15:52:12 INFO  : 'set bp_52_12_fsbl_bp [bpadd -addr &XFsbl_Exit]' command is executed.
15:53:12 WARN  : Exit breakpoint of FSBL (XFsbl_Exit) is not hit within allocated wait time of '60' seconds.
Note: To wait for a fixed amount of time specify the FSBL function as empty in launch configuration. Use 'IDE_FSBL_BP_HIT_WAIT_TIME' environment variable in launch configuration to modify the wait time (seconds).
Reason: timeout: target has not halted
15:53:12 INFO  : 'bpremove $bp_52_12_fsbl_bp' command is executed.
15:53:16 INFO  : ----------------XSDB Script----------------
connect -url tcp:127.0.0.1:3121
source C:/Xilinx/Vitis/2023.1/scripts/vitis/util/zynqmp_utils.tcl
targets -set -nocase -filter {name =~"APU*"}
rst -system
after 3000
targets -set -filter {jtag_cable_name =~ "Digilent JTAG-SMT2NC 210308B3B53D" && level==0 && jtag_device_ctx=="jsn-JTAG-SMT2NC-210308B3B53D-24738093-0"}
fpga -file C:/Users/shaza/Documents/Xilinx_ZCU102/fpga_demo/project_shell_v2/bitstreams/top3.bit
targets -set -nocase -filter {name =~"APU*"}
loadhw -hw C:/Users/shaza/Documents/Xilinx_ZCU102/fpga_demo/sdk_v2/FPGA_Demo/export/FPGA_Demo/hw/top_wrapper.xsa -mem-ranges [list {0x80000000 0xbfffffff} {0x400000000 0x5ffffffff} {0x1000000000 0x7fffffffff}] -regs
configparams force-mem-access 1
targets -set -nocase -filter {name =~"APU*"}
set mode [expr [mrd -value 0xFF5E0200] & 0xf]
targets -set -nocase -filter {name =~ "*R5*#0"}
rst -processor
dow C:/Users/shaza/Documents/Xilinx_ZCU102/fpga_demo/sdk_v2/FPGA_Demo/export/FPGA_Demo/sw/FPGA_Demo/boot/fsbl.elf
set bp_52_12_fsbl_bp [bpadd -addr &XFsbl_Exit]
con -block -timeout 60
bpremove $bp_52_12_fsbl_bp
----------------End of Script----------------

15:54:14 INFO  : Connected to target on host '127.0.0.1' and port '3121'.
15:54:14 INFO  : Jtag cable 'Digilent JTAG-SMT2NC 210308B3B53D' is selected.
15:54:14 INFO  : 'jtag frequency' command is executed.
15:54:14 INFO  : Sourcing of 'C:/Xilinx/Vitis/2023.1/scripts/vitis/util/zynqmp_utils.tcl' is done.
15:54:14 INFO  : Context for 'APU' is selected.
15:54:15 INFO  : System reset is completed.
15:54:18 INFO  : 'after 3000' command is executed.
15:54:18 INFO  : 'targets -set -filter {jtag_cable_name =~ "Digilent JTAG-SMT2NC 210308B3B53D" && level==0 && jtag_device_ctx=="jsn-JTAG-SMT2NC-210308B3B53D-24738093-0"}' command is executed.
15:54:33 INFO  : Device configured successfully with "C:/Users/shaza/Documents/Xilinx_ZCU102/fpga_demo/project_shell_v2/bitstreams/top3.bit"
15:54:33 INFO  : Context for 'PSU' is selected.
15:54:33 INFO  : 'catch {disable_pmu_gate}' command is executed.
15:54:33 INFO  : Context for 'APU' is selected.
15:54:33 INFO  : Hardware design and registers information is loaded from 'C:/Users/shaza/Documents/Xilinx_ZCU102/fpga_demo/sdk_v2/FPGA_Demo/export/FPGA_Demo/hw/top_wrapper.xsa'.
15:54:33 INFO  : 'configparams force-mem-access 1' command is executed.
15:54:33 INFO  : Context for 'APU' is selected.
15:54:33 INFO  : Boot mode is read from the target.
15:54:33 INFO  : Context for processor 'psu_cortexr5_0' is selected.
15:54:33 INFO  : Processor reset is completed for 'psu_cortexr5_0'.
15:54:34 INFO  : The application 'C:/Users/shaza/Documents/Xilinx_ZCU102/fpga_demo/sdk_v2/FPGA_Demo/export/FPGA_Demo/sw/FPGA_Demo/boot/fsbl.elf' is downloaded to processor 'psu_cortexr5_0'.
15:54:34 INFO  : 'set bp_54_34_fsbl_bp [bpadd -addr &XFsbl_Exit]' command is executed.
15:55:08 WARN  : Exit breakpoint of FSBL (XFsbl_Exit) is not hit within allocated wait time of '60' seconds.
Note: To wait for a fixed amount of time specify the FSBL function as empty in launch configuration. Use 'IDE_FSBL_BP_HIT_WAIT_TIME' environment variable in launch configuration to modify the wait time (seconds).
Reason: 'con -block -timeout 60' is cancelled.
15:55:08 INFO  : ----------------XSDB Script----------------
connect -url tcp:127.0.0.1:3121
source C:/Xilinx/Vitis/2023.1/scripts/vitis/util/zynqmp_utils.tcl
targets -set -nocase -filter {name =~"APU*"}
rst -system
after 3000
targets -set -filter {jtag_cable_name =~ "Digilent JTAG-SMT2NC 210308B3B53D" && level==0 && jtag_device_ctx=="jsn-JTAG-SMT2NC-210308B3B53D-24738093-0"}
fpga -file C:/Users/shaza/Documents/Xilinx_ZCU102/fpga_demo/project_shell_v2/bitstreams/top3.bit
targets -set -nocase -filter {name =~"PSU*"}
catch {disable_pmu_gate}
targets -set -nocase -filter {name =~"APU*"}
loadhw -hw C:/Users/shaza/Documents/Xilinx_ZCU102/fpga_demo/sdk_v2/FPGA_Demo/export/FPGA_Demo/hw/top_wrapper.xsa -mem-ranges [list {0x80000000 0xbfffffff} {0x400000000 0x5ffffffff} {0x1000000000 0x7fffffffff}] -regs
configparams force-mem-access 1
targets -set -nocase -filter {name =~"APU*"}
set mode [expr [mrd -value 0xFF5E0200] & 0xf]
targets -set -nocase -filter {name =~ "*R5*#0"}
rst -processor
dow C:/Users/shaza/Documents/Xilinx_ZCU102/fpga_demo/sdk_v2/FPGA_Demo/export/FPGA_Demo/sw/FPGA_Demo/boot/fsbl.elf
set bp_54_34_fsbl_bp [bpadd -addr &XFsbl_Exit]
con -block -timeout 60
bpremove $bp_54_34_fsbl_bp
----------------End of Script----------------

15:55:34 INFO  : Connected to target on host '127.0.0.1' and port '3121'.
15:55:35 INFO  : Jtag cable 'Digilent JTAG-SMT2NC 210308B3B53D' is selected.
15:55:35 INFO  : 'jtag frequency' command is executed.
15:55:35 INFO  : Sourcing of 'C:/Xilinx/Vitis/2023.1/scripts/vitis/util/zynqmp_utils.tcl' is done.
15:55:35 INFO  : Context for 'APU' is selected.
15:55:35 INFO  : System reset is completed.
15:55:38 INFO  : 'after 3000' command is executed.
15:55:38 INFO  : 'targets -set -filter {jtag_cable_name =~ "Digilent JTAG-SMT2NC 210308B3B53D" && level==0 && jtag_device_ctx=="jsn-JTAG-SMT2NC-210308B3B53D-24738093-0"}' command is executed.
15:55:53 INFO  : Device configured successfully with "C:/Users/shaza/Documents/Xilinx_ZCU102/fpga_demo/project_shell_v2/bitstreams/top3.bit"
15:55:53 INFO  : Context for 'PSU' is selected.
15:55:53 INFO  : 'catch {disable_pmu_gate}' command is executed.
15:55:53 INFO  : Context for 'APU' is selected.
15:55:53 INFO  : Hardware design and registers information is loaded from 'C:/Users/shaza/Documents/Xilinx_ZCU102/fpga_demo/sdk_v2/FPGA_Demo/export/FPGA_Demo/hw/top_wrapper.xsa'.
15:55:53 INFO  : 'configparams force-mem-access 1' command is executed.
15:55:53 INFO  : Context for 'APU' is selected.
15:55:53 INFO  : Boot mode is read from the target.
15:55:53 INFO  : Context for processor 'psu_cortexr5_0' is selected.
15:55:54 INFO  : Processor reset is completed for 'psu_cortexr5_0'.
15:55:54 INFO  : The application 'C:/Users/shaza/Documents/Xilinx_ZCU102/fpga_demo/sdk_v2/FPGA_Demo/export/FPGA_Demo/sw/FPGA_Demo/boot/fsbl.elf' is downloaded to processor 'psu_cortexr5_0'.
15:55:54 INFO  : 'set bp_55_54_fsbl_bp [bpadd -addr &XFsbl_Exit]' command is executed.
15:56:55 WARN  : Exit breakpoint of FSBL (XFsbl_Exit) is not hit within allocated wait time of '60' seconds.
Note: To wait for a fixed amount of time specify the FSBL function as empty in launch configuration. Use 'IDE_FSBL_BP_HIT_WAIT_TIME' environment variable in launch configuration to modify the wait time (seconds).
Reason: timeout: target has not halted
15:56:55 INFO  : 'bpremove $bp_55_54_fsbl_bp' command is executed.
15:57:54 INFO  : Context for processor 'psu_cortexa53_0' is selected.
15:57:54 ERROR : Cannot reset Cortex-A53 #0. APB AP transaction error, DAP status 0xF0000021
15:57:54 INFO  : ----------------XSDB Script----------------
connect -url tcp:127.0.0.1:3121
source C:/Xilinx/Vitis/2023.1/scripts/vitis/util/zynqmp_utils.tcl
targets -set -nocase -filter {name =~"APU*"}
rst -system
after 3000
targets -set -filter {jtag_cable_name =~ "Digilent JTAG-SMT2NC 210308B3B53D" && level==0 && jtag_device_ctx=="jsn-JTAG-SMT2NC-210308B3B53D-24738093-0"}
fpga -file C:/Users/shaza/Documents/Xilinx_ZCU102/fpga_demo/project_shell_v2/bitstreams/top3.bit
targets -set -nocase -filter {name =~"PSU*"}
catch {disable_pmu_gate}
targets -set -nocase -filter {name =~"APU*"}
loadhw -hw C:/Users/shaza/Documents/Xilinx_ZCU102/fpga_demo/sdk_v2/FPGA_Demo/export/FPGA_Demo/hw/top_wrapper.xsa -mem-ranges [list {0x80000000 0xbfffffff} {0x400000000 0x5ffffffff} {0x1000000000 0x7fffffffff}] -regs
configparams force-mem-access 1
targets -set -nocase -filter {name =~"APU*"}
set mode [expr [mrd -value 0xFF5E0200] & 0xf]
targets -set -nocase -filter {name =~ "*R5*#0"}
rst -processor
dow C:/Users/shaza/Documents/Xilinx_ZCU102/fpga_demo/sdk_v2/FPGA_Demo/export/FPGA_Demo/sw/FPGA_Demo/boot/fsbl.elf
set bp_55_54_fsbl_bp [bpadd -addr &XFsbl_Exit]
con -block -timeout 60
bpremove $bp_55_54_fsbl_bp
targets -set -nocase -filter {name =~ "*A53*#0"}
rst -processor
----------------End of Script----------------

15:57:54 ERROR : Cannot reset Cortex-A53 #0. APB AP transaction error, DAP status 0xF0000021
15:59:33 INFO  : Connected to target on host '127.0.0.1' and port '3121'.
15:59:33 INFO  : Jtag cable 'Digilent JTAG-SMT2NC 210308B3B53D' is selected.
15:59:33 INFO  : 'jtag frequency' command is executed.
15:59:33 INFO  : Sourcing of 'C:/Xilinx/Vitis/2023.1/scripts/vitis/util/zynqmp_utils.tcl' is done.
15:59:33 INFO  : Context for 'APU' is selected.
15:59:33 INFO  : System reset is completed.
15:59:36 INFO  : 'after 3000' command is executed.
15:59:37 INFO  : 'targets -set -filter {jtag_cable_name =~ "Digilent JTAG-SMT2NC 210308B3B53D" && level==0 && jtag_device_ctx=="jsn-JTAG-SMT2NC-210308B3B53D-24738093-0"}' command is executed.
15:59:52 INFO  : Device configured successfully with "C:/Users/shaza/Documents/Xilinx_ZCU102/fpga_demo/project_shell_v2/bitstreams/top3.bit"
15:59:52 INFO  : Context for 'PSU' is selected.
15:59:52 INFO  : 'catch {disable_pmu_gate}' command is executed.
15:59:52 INFO  : Context for 'APU' is selected.
15:59:52 INFO  : Hardware design and registers information is loaded from 'C:/Users/shaza/Documents/Xilinx_ZCU102/fpga_demo/sdk_v2/FPGA_Demo/export/FPGA_Demo/hw/top_wrapper.xsa'.
15:59:52 INFO  : 'configparams force-mem-access 1' command is executed.
15:59:52 INFO  : Context for 'APU' is selected.
15:59:52 INFO  : Boot mode is read from the target.
15:59:52 INFO  : Context for processor 'psu_cortexr5_0' is selected.
15:59:52 INFO  : Processor reset is completed for 'psu_cortexr5_0'.
15:59:52 INFO  : The application 'C:/Users/shaza/Documents/Xilinx_ZCU102/fpga_demo/sdk_v2/FPGA_Demo/export/FPGA_Demo/sw/FPGA_Demo/boot/fsbl.elf' is downloaded to processor 'psu_cortexr5_0'.
15:59:52 INFO  : 'set bp_59_52_fsbl_bp [bpadd -addr &XFsbl_Exit]' command is executed.
16:00:53 WARN  : Exit breakpoint of FSBL (XFsbl_Exit) is not hit within allocated wait time of '60' seconds.
Note: To wait for a fixed amount of time specify the FSBL function as empty in launch configuration. Use 'IDE_FSBL_BP_HIT_WAIT_TIME' environment variable in launch configuration to modify the wait time (seconds).
Reason: timeout: target has not halted
16:00:53 INFO  : 'bpremove $bp_59_52_fsbl_bp' command is executed.
16:01:30 INFO  : ----------------XSDB Script----------------
connect -url tcp:127.0.0.1:3121
source C:/Xilinx/Vitis/2023.1/scripts/vitis/util/zynqmp_utils.tcl
targets -set -nocase -filter {name =~"APU*"}
rst -system
after 3000
targets -set -filter {jtag_cable_name =~ "Digilent JTAG-SMT2NC 210308B3B53D" && level==0 && jtag_device_ctx=="jsn-JTAG-SMT2NC-210308B3B53D-24738093-0"}
fpga -file C:/Users/shaza/Documents/Xilinx_ZCU102/fpga_demo/project_shell_v2/bitstreams/top3.bit
targets -set -nocase -filter {name =~"PSU*"}
catch {disable_pmu_gate}
targets -set -nocase -filter {name =~"APU*"}
loadhw -hw C:/Users/shaza/Documents/Xilinx_ZCU102/fpga_demo/sdk_v2/FPGA_Demo/export/FPGA_Demo/hw/top_wrapper.xsa -mem-ranges [list {0x80000000 0xbfffffff} {0x400000000 0x5ffffffff} {0x1000000000 0x7fffffffff}] -regs
configparams force-mem-access 1
targets -set -nocase -filter {name =~"APU*"}
set mode [expr [mrd -value 0xFF5E0200] & 0xf]
targets -set -nocase -filter {name =~ "*R5*#0"}
rst -processor
dow C:/Users/shaza/Documents/Xilinx_ZCU102/fpga_demo/sdk_v2/FPGA_Demo/export/FPGA_Demo/sw/FPGA_Demo/boot/fsbl.elf
set bp_59_52_fsbl_bp [bpadd -addr &XFsbl_Exit]
con -block -timeout 60
bpremove $bp_59_52_fsbl_bp
----------------End of Script----------------

16:13:18 INFO  : Invoking Bootgen: bootgen -image output.bif -arch zynqmp -o C:/Users/shaza/Documents/Xilinx_ZCU102/fpga_demo/sdk_v2/BOOT.bin
16:13:18 INFO  : Creating new bif file C:\Users\shaza\Documents\Xilinx_ZCU102\fpga_demo\sdk_v2\output.bif
16:13:21 INFO  : Bootgen command execution is done.
16:14:48 INFO  : Invoking Bootgen: bootgen -image output.bif -arch zynqmp -o C:/Users/shaza/Documents/Xilinx_ZCU102/fpga_demo/sdk_v2/BOOT.bin -w on
16:14:48 INFO  : Overwriting existing bif file C:\Users\shaza\Documents\Xilinx_ZCU102\fpga_demo\sdk_v2\output.bif
16:14:50 INFO  : Bootgen command execution is done.
16:20:19 INFO  : Checking for BSP changes to sync application flags for project 'fpga_ta'...
16:20:33 INFO  : Result from executing command 'removePlatformRepo': 
16:23:09 INFO  : Result from executing command 'getProjects': FPGA_Demo
16:23:09 INFO  : Result from executing command 'getPlatforms': xilinx_vck190_base_202310_1|C:/Xilinx/Vitis/2023.1/base_platforms/xilinx_vck190_base_202310_1/xilinx_vck190_base_202310_1.xpfm;xilinx_vck190_base_dfx_202310_1|C:/Xilinx/Vitis/2023.1/base_platforms/xilinx_vck190_base_dfx_202310_1/xilinx_vck190_base_dfx_202310_1.xpfm;xilinx_vek280_es1_base_202310_1|C:/Xilinx/Vitis/2023.1/base_platforms/xilinx_vek280_es1_base_202310_1/xilinx_vek280_es1_base_202310_1.xpfm;xilinx_vmk180_base_202310_1|C:/Xilinx/Vitis/2023.1/base_platforms/xilinx_vmk180_base_202310_1/xilinx_vmk180_base_202310_1.xpfm;xilinx_zcu102_base_202310_1|C:/Xilinx/Vitis/2023.1/base_platforms/xilinx_zcu102_base_202310_1/xilinx_zcu102_base_202310_1.xpfm;xilinx_zcu102_base_dfx_202310_1|C:/Xilinx/Vitis/2023.1/base_platforms/xilinx_zcu102_base_dfx_202310_1/xilinx_zcu102_base_dfx_202310_1.xpfm;xilinx_zcu104_base_202310_1|C:/Xilinx/Vitis/2023.1/base_platforms/xilinx_zcu104_base_202310_1/xilinx_zcu104_base_202310_1.xpfm
16:23:12 INFO  : Checking for BSP changes to sync application flags for project 'appx'...
16:23:16 INFO  : Checking for BSP changes to sync application flags for project 'fpga_ta'...
16:24:13 INFO  : Connected to target on host '127.0.0.1' and port '3121'.
16:24:13 INFO  : Jtag cable 'Digilent JTAG-SMT2NC 210308B3B53D' is selected.
16:24:13 INFO  : 'jtag frequency' command is executed.
16:24:13 INFO  : Sourcing of 'C:/Xilinx/Vitis/2023.1/scripts/vitis/util/zynqmp_utils.tcl' is done.
16:24:13 INFO  : Context for 'APU' is selected.
16:24:14 INFO  : System reset is completed.
16:24:17 INFO  : 'after 3000' command is executed.
16:24:17 INFO  : 'targets -set -filter {jtag_cable_name =~ "Digilent JTAG-SMT2NC 210308B3B53D" && level==0 && jtag_device_ctx=="jsn-JTAG-SMT2NC-210308B3B53D-24738093-0"}' command is executed.
16:24:32 INFO  : Device configured successfully with "C:/Users/shaza/Documents/Xilinx_ZCU102/fpga_demo/project_shell_v2/bitstreams/top3.bit"
16:24:32 INFO  : Context for 'PSU' is selected.
16:24:32 INFO  : 'catch {disable_pmu_gate}' command is executed.
16:24:32 INFO  : Context for 'APU' is selected.
16:24:32 INFO  : Hardware design and registers information is loaded from 'C:/Users/shaza/Documents/Xilinx_ZCU102/fpga_demo/sdk_v2/FPGA_Demo/export/FPGA_Demo/hw/top_wrapper.xsa'.
16:24:32 INFO  : 'configparams force-mem-access 1' command is executed.
16:24:32 INFO  : Context for 'APU' is selected.
16:24:32 INFO  : Boot mode is read from the target.
16:24:32 INFO  : Context for processor 'psu_cortexr5_0' is selected.
16:24:33 INFO  : Processor reset is completed for 'psu_cortexr5_0'.
16:24:33 INFO  : The application 'C:/Users/shaza/Documents/Xilinx_ZCU102/fpga_demo/sdk_v2/FPGA_Demo/export/FPGA_Demo/sw/FPGA_Demo/boot/fsbl.elf' is downloaded to processor 'psu_cortexr5_0'.
16:24:33 INFO  : 'set bp_24_33_fsbl_bp [bpadd -addr &XFsbl_Exit]' command is executed.
16:24:34 INFO  : 'con -block -timeout 60' command is executed.
16:24:34 INFO  : 'bpremove $bp_24_33_fsbl_bp' command is executed.
16:24:34 INFO  : Context for processor 'psu_cortexa53_0' is selected.
16:24:34 INFO  : Processor reset is completed for 'psu_cortexa53_0'.
16:24:40 INFO  : 'dow -data C:/Users/shaza/Documents/Xilinx_ZCU102/fpga_demo/project_shell_v2/bitstreams/vfpga1_shift_left_partial_icap_bs.bin 0x20000000' command is executed.
16:24:41 INFO  : The application 'C:/Users/shaza/Documents/Xilinx_ZCU102/fpga_demo/sdk_v2/appx/Debug/appx.elf' is downloaded to processor 'psu_cortexa53_0'.
16:24:41 INFO  : Context for processor 'psu_cortexr5_0' is selected.
16:24:41 INFO  : Processor reset is completed for 'psu_cortexr5_0'.
16:24:42 INFO  : The application 'C:/Users/shaza/Documents/Xilinx_ZCU102/fpga_demo/sdk_v2/fpga_ta/Debug/fpga_ta.elf' is downloaded to processor 'psu_cortexr5_0'.
16:24:42 INFO  : Context for processor 'psu_pmu_0' is selected.
16:24:42 INFO  : 'catch {stop}' command is executed.
16:24:42 INFO  : Processor reset is completed for 'psu_pmu_0'.
16:24:43 INFO  : The application 'C:/Users/shaza/Documents/Xilinx_ZCU102/fpga_demo/sdk_v2/FPGA_Demo/export/FPGA_Demo/sw/FPGA_Demo/boot/pmufw.elf' is downloaded to processor 'psu_pmu_0'.
16:24:43 INFO  : 'configparams force-mem-access 0' command is executed.
16:24:43 INFO  : ----------------XSDB Script----------------
connect -url tcp:127.0.0.1:3121
source C:/Xilinx/Vitis/2023.1/scripts/vitis/util/zynqmp_utils.tcl
targets -set -nocase -filter {name =~"APU*"}
rst -system
after 3000
targets -set -filter {jtag_cable_name =~ "Digilent JTAG-SMT2NC 210308B3B53D" && level==0 && jtag_device_ctx=="jsn-JTAG-SMT2NC-210308B3B53D-24738093-0"}
fpga -file C:/Users/shaza/Documents/Xilinx_ZCU102/fpga_demo/project_shell_v2/bitstreams/top3.bit
targets -set -nocase -filter {name =~"PSU*"}
catch {disable_pmu_gate}
targets -set -nocase -filter {name =~"APU*"}
loadhw -hw C:/Users/shaza/Documents/Xilinx_ZCU102/fpga_demo/sdk_v2/FPGA_Demo/export/FPGA_Demo/hw/top_wrapper.xsa -mem-ranges [list {0x80000000 0xbfffffff} {0x400000000 0x5ffffffff} {0x1000000000 0x7fffffffff}] -regs
configparams force-mem-access 1
targets -set -nocase -filter {name =~"APU*"}
set mode [expr [mrd -value 0xFF5E0200] & 0xf]
targets -set -nocase -filter {name =~ "*R5*#0"}
rst -processor
dow C:/Users/shaza/Documents/Xilinx_ZCU102/fpga_demo/sdk_v2/FPGA_Demo/export/FPGA_Demo/sw/FPGA_Demo/boot/fsbl.elf
set bp_24_33_fsbl_bp [bpadd -addr &XFsbl_Exit]
con -block -timeout 60
bpremove $bp_24_33_fsbl_bp
targets -set -nocase -filter {name =~ "*A53*#0"}
rst -processor
dow -data C:/Users/shaza/Documents/Xilinx_ZCU102/fpga_demo/project_shell_v2/bitstreams/vfpga1_shift_left_partial_icap_bs.bin 0x20000000
dow C:/Users/shaza/Documents/Xilinx_ZCU102/fpga_demo/sdk_v2/appx/Debug/appx.elf
targets -set -nocase -filter {name =~ "*R5*#0"}
rst -processor
dow C:/Users/shaza/Documents/Xilinx_ZCU102/fpga_demo/sdk_v2/fpga_ta/Debug/fpga_ta.elf
targets -set -nocase -filter {name =~ "MicroBlaze*PMU*"}
catch {stop}
rst -processor
dow C:/Users/shaza/Documents/Xilinx_ZCU102/fpga_demo/sdk_v2/FPGA_Demo/export/FPGA_Demo/sw/FPGA_Demo/boot/pmufw.elf
configparams force-mem-access 0
----------------End of Script----------------

16:24:43 INFO  : Context for processor 'psu_cortexa53_0' is selected.
16:24:43 INFO  : 'con' command is executed.
16:24:43 INFO  : Context for processor 'psu_cortexr5_0' is selected.
16:24:43 INFO  : 'con' command is executed.
16:24:43 INFO  : Context for processor 'psu_pmu_0' is selected.
16:24:43 INFO  : 'con' command is executed.
16:24:43 INFO  : ----------------XSDB Script (After Launch)----------------
targets -set -nocase -filter {name =~ "*A53*#0"}
con
targets -set -nocase -filter {name =~ "*R5*#0"}
con
targets -set -nocase -filter {name =~ "MicroBlaze*PMU*"}
con
----------------End of Script----------------

16:24:43 INFO  : Launch script is exported to file 'C:\Users\shaza\Documents\Xilinx_ZCU102\fpga_demo\sdk_v2\appx_system\_ide\scripts\debugger_appx-default_1.tcl'
09:38:06 INFO  : Disconnected from the channel tcfchan#27.
09:38:07 INFO  : Connected to target on host '127.0.0.1' and port '3121'.
09:38:16 INFO  : ----------------XSDB Script----------------
connect -url tcp:127.0.0.1:3121
----------------End of Script----------------

09:38:16 ERROR : Could not find ARM device on the board for connection 'Local'.
Check if the target is in:
1. Split JTAG - No operations are possible with ARM DAP.
2. Non JTAG bootmode - Bootrom may need time to enable DAP.
Please try again.


Troubleshooting hints:
1. Check whether board is connected to system properly.
2. In case of zynq board, check whether Digilent/Xilinx cable switch settings are correct.
3. If you are using Xilinx Platform Cable USB, ensure that status LED is green.
09:38:20 INFO  : Connected to target on host '127.0.0.1' and port '3121'.
09:38:21 INFO  : Jtag cable 'Digilent JTAG-SMT2NC 210308B3B53D' is selected.
09:38:21 INFO  : 'jtag frequency' command is executed.
09:38:21 INFO  : Sourcing of 'C:/Xilinx/Vitis/2023.1/scripts/vitis/util/zynqmp_utils.tcl' is done.
09:38:21 INFO  : Context for 'APU' is selected.
09:38:21 INFO  : System reset is completed.
09:38:24 INFO  : 'after 3000' command is executed.
09:38:24 INFO  : 'targets -set -filter {jtag_cable_name =~ "Digilent JTAG-SMT2NC 210308B3B53D" && level==0 && jtag_device_ctx=="jsn-JTAG-SMT2NC-210308B3B53D-24738093-0"}' command is executed.
09:38:39 INFO  : Device configured successfully with "C:/Users/shaza/Documents/Xilinx_ZCU102/fpga_demo/project_shell_v2/bitstreams/top3.bit"
09:38:39 INFO  : Context for 'PSU' is selected.
09:38:39 INFO  : 'catch {disable_pmu_gate}' command is executed.
09:38:39 INFO  : Context for 'APU' is selected.
09:38:39 INFO  : Hardware design and registers information is loaded from 'C:/Users/shaza/Documents/Xilinx_ZCU102/fpga_demo/sdk_v2/FPGA_Demo/export/FPGA_Demo/hw/top_wrapper.xsa'.
09:38:39 INFO  : 'configparams force-mem-access 1' command is executed.
09:38:39 INFO  : Context for 'APU' is selected.
09:38:39 INFO  : Boot mode is read from the target.
09:38:39 INFO  : Context for processor 'psu_cortexr5_0' is selected.
09:38:40 INFO  : Processor reset is completed for 'psu_cortexr5_0'.
09:38:40 INFO  : The application 'C:/Users/shaza/Documents/Xilinx_ZCU102/fpga_demo/sdk_v2/FPGA_Demo/export/FPGA_Demo/sw/FPGA_Demo/boot/fsbl.elf' is downloaded to processor 'psu_cortexr5_0'.
09:38:40 INFO  : 'set bp_38_40_fsbl_bp [bpadd -addr &XFsbl_Exit]' command is executed.
09:38:41 INFO  : 'con -block -timeout 60' command is executed.
09:38:41 INFO  : 'bpremove $bp_38_40_fsbl_bp' command is executed.
09:38:41 INFO  : Context for processor 'psu_cortexa53_0' is selected.
09:38:41 INFO  : Processor reset is completed for 'psu_cortexa53_0'.
09:38:47 INFO  : 'dow -data C:/Users/shaza/Documents/Xilinx_ZCU102/fpga_demo/project_shell_v2/bitstreams/vfpga1_shift_left_partial_icap_bs.bin 0x20000000' command is executed.
09:38:48 INFO  : The application 'C:/Users/shaza/Documents/Xilinx_ZCU102/fpga_demo/sdk_v2/appx/Debug/appx.elf' is downloaded to processor 'psu_cortexa53_0'.
09:38:48 INFO  : Context for processor 'psu_cortexr5_0' is selected.
09:38:48 INFO  : Processor reset is completed for 'psu_cortexr5_0'.
09:38:49 INFO  : The application 'C:/Users/shaza/Documents/Xilinx_ZCU102/fpga_demo/sdk_v2/fpga_ta/Debug/fpga_ta.elf' is downloaded to processor 'psu_cortexr5_0'.
09:38:49 INFO  : Context for processor 'psu_pmu_0' is selected.
09:38:49 INFO  : 'catch {stop}' command is executed.
09:38:49 INFO  : Processor reset is completed for 'psu_pmu_0'.
09:38:50 INFO  : The application 'C:/Users/shaza/Documents/Xilinx_ZCU102/fpga_demo/sdk_v2/FPGA_Demo/export/FPGA_Demo/sw/FPGA_Demo/boot/pmufw.elf' is downloaded to processor 'psu_pmu_0'.
09:38:50 INFO  : 'configparams force-mem-access 0' command is executed.
09:38:50 INFO  : ----------------XSDB Script----------------
connect -url tcp:127.0.0.1:3121
source C:/Xilinx/Vitis/2023.1/scripts/vitis/util/zynqmp_utils.tcl
targets -set -nocase -filter {name =~"APU*"}
rst -system
after 3000
targets -set -filter {jtag_cable_name =~ "Digilent JTAG-SMT2NC 210308B3B53D" && level==0 && jtag_device_ctx=="jsn-JTAG-SMT2NC-210308B3B53D-24738093-0"}
fpga -file C:/Users/shaza/Documents/Xilinx_ZCU102/fpga_demo/project_shell_v2/bitstreams/top3.bit
targets -set -nocase -filter {name =~"PSU*"}
catch {disable_pmu_gate}
targets -set -nocase -filter {name =~"APU*"}
loadhw -hw C:/Users/shaza/Documents/Xilinx_ZCU102/fpga_demo/sdk_v2/FPGA_Demo/export/FPGA_Demo/hw/top_wrapper.xsa -mem-ranges [list {0x80000000 0xbfffffff} {0x400000000 0x5ffffffff} {0x1000000000 0x7fffffffff}] -regs
configparams force-mem-access 1
targets -set -nocase -filter {name =~"APU*"}
set mode [expr [mrd -value 0xFF5E0200] & 0xf]
targets -set -nocase -filter {name =~ "*R5*#0"}
rst -processor
dow C:/Users/shaza/Documents/Xilinx_ZCU102/fpga_demo/sdk_v2/FPGA_Demo/export/FPGA_Demo/sw/FPGA_Demo/boot/fsbl.elf
set bp_38_40_fsbl_bp [bpadd -addr &XFsbl_Exit]
con -block -timeout 60
bpremove $bp_38_40_fsbl_bp
targets -set -nocase -filter {name =~ "*A53*#0"}
rst -processor
dow -data C:/Users/shaza/Documents/Xilinx_ZCU102/fpga_demo/project_shell_v2/bitstreams/vfpga1_shift_left_partial_icap_bs.bin 0x20000000
dow C:/Users/shaza/Documents/Xilinx_ZCU102/fpga_demo/sdk_v2/appx/Debug/appx.elf
targets -set -nocase -filter {name =~ "*R5*#0"}
rst -processor
dow C:/Users/shaza/Documents/Xilinx_ZCU102/fpga_demo/sdk_v2/fpga_ta/Debug/fpga_ta.elf
targets -set -nocase -filter {name =~ "MicroBlaze*PMU*"}
catch {stop}
rst -processor
dow C:/Users/shaza/Documents/Xilinx_ZCU102/fpga_demo/sdk_v2/FPGA_Demo/export/FPGA_Demo/sw/FPGA_Demo/boot/pmufw.elf
configparams force-mem-access 0
----------------End of Script----------------

09:38:50 INFO  : Context for processor 'psu_cortexa53_0' is selected.
09:38:50 INFO  : 'con' command is executed.
09:38:50 INFO  : Context for processor 'psu_cortexr5_0' is selected.
09:38:50 INFO  : 'con' command is executed.
09:38:50 INFO  : Context for processor 'psu_pmu_0' is selected.
09:38:50 INFO  : 'con' command is executed.
09:38:50 INFO  : ----------------XSDB Script (After Launch)----------------
targets -set -nocase -filter {name =~ "*A53*#0"}
con
targets -set -nocase -filter {name =~ "*R5*#0"}
con
targets -set -nocase -filter {name =~ "MicroBlaze*PMU*"}
con
----------------End of Script----------------

09:38:50 INFO  : Launch script is exported to file 'C:\Users\shaza\Documents\Xilinx_ZCU102\fpga_demo\sdk_v2\appx_system\_ide\scripts\debugger_appx-default_1.tcl'
18:18:05 INFO  : Disconnected from the channel tcfchan#30.
18:18:06 INFO  : Connected to target on host '127.0.0.1' and port '3121'.
18:18:24 INFO  : ----------------XSDB Script----------------
connect -url tcp:127.0.0.1:3121
----------------End of Script----------------

18:18:24 ERROR : Could not find ARM device on the board for connection 'Local'.
Check if the target is in:
1. Split JTAG - No operations are possible with ARM DAP.
2. Non JTAG bootmode - Bootrom may need time to enable DAP.
Please try again.


Troubleshooting hints:
1. Check whether board is connected to system properly.
2. In case of zynq board, check whether Digilent/Xilinx cable switch settings are correct.
3. If you are using Xilinx Platform Cable USB, ensure that status LED is green.
18:18:31 INFO  : Connected to target on host '127.0.0.1' and port '3121'.
18:18:32 INFO  : Jtag cable 'Digilent JTAG-SMT2NC 210308B3B53D' is selected.
18:18:32 INFO  : 'jtag frequency' command is executed.
18:18:32 INFO  : Sourcing of 'C:/Xilinx/Vitis/2023.1/scripts/vitis/util/zynqmp_utils.tcl' is done.
18:18:33 INFO  : Context for 'APU' is selected.
18:18:33 INFO  : System reset is completed.
18:18:36 INFO  : 'after 3000' command is executed.
18:18:36 INFO  : 'targets -set -filter {jtag_cable_name =~ "Digilent JTAG-SMT2NC 210308B3B53D" && level==0 && jtag_device_ctx=="jsn-JTAG-SMT2NC-210308B3B53D-24738093-0"}' command is executed.
18:18:52 INFO  : Device configured successfully with "C:/Users/shaza/Documents/Xilinx_ZCU102/fpga_demo/project_shell_v2/bitstreams/top3.bit"
18:18:52 INFO  : Context for 'PSU' is selected.
18:18:52 INFO  : 'catch {disable_pmu_gate}' command is executed.
18:18:52 INFO  : Context for 'APU' is selected.
18:18:52 INFO  : Hardware design and registers information is loaded from 'C:/Users/shaza/Documents/Xilinx_ZCU102/fpga_demo/sdk_v2/FPGA_Demo/export/FPGA_Demo/hw/top_wrapper.xsa'.
18:18:52 INFO  : 'configparams force-mem-access 1' command is executed.
18:18:52 INFO  : Context for 'APU' is selected.
18:18:52 INFO  : Boot mode is read from the target.
18:18:52 INFO  : Context for processor 'psu_cortexr5_0' is selected.
18:18:52 INFO  : Processor reset is completed for 'psu_cortexr5_0'.
18:18:53 INFO  : The application 'C:/Users/shaza/Documents/Xilinx_ZCU102/fpga_demo/sdk_v2/FPGA_Demo/export/FPGA_Demo/sw/FPGA_Demo/boot/fsbl.elf' is downloaded to processor 'psu_cortexr5_0'.
18:18:53 INFO  : 'set bp_18_53_fsbl_bp [bpadd -addr &XFsbl_Exit]' command is executed.
18:18:54 INFO  : 'con -block -timeout 60' command is executed.
18:18:54 INFO  : 'bpremove $bp_18_53_fsbl_bp' command is executed.
18:18:54 INFO  : Context for processor 'psu_cortexa53_0' is selected.
18:18:54 INFO  : Processor reset is completed for 'psu_cortexa53_0'.
18:19:02 INFO  : 'dow -data C:/Users/shaza/Documents/Xilinx_ZCU102/fpga_demo/project_shell_v2/bitstreams/vfpga1_shift_left_partial_icap_bs.bin 0x20000000' command is executed.
18:19:04 INFO  : The application 'C:/Users/shaza/Documents/Xilinx_ZCU102/fpga_demo/sdk_v2/appx/Debug/appx.elf' is downloaded to processor 'psu_cortexa53_0'.
18:19:04 INFO  : Context for processor 'psu_cortexr5_0' is selected.
18:19:05 INFO  : Processor reset is completed for 'psu_cortexr5_0'.
18:19:06 INFO  : The application 'C:/Users/shaza/Documents/Xilinx_ZCU102/fpga_demo/sdk_v2/fpga_ta/Debug/fpga_ta.elf' is downloaded to processor 'psu_cortexr5_0'.
18:19:06 INFO  : Context for processor 'psu_pmu_0' is selected.
18:19:06 INFO  : 'catch {stop}' command is executed.
18:19:06 INFO  : Processor reset is completed for 'psu_pmu_0'.
18:19:07 INFO  : The application 'C:/Users/shaza/Documents/Xilinx_ZCU102/fpga_demo/sdk_v2/FPGA_Demo/export/FPGA_Demo/sw/FPGA_Demo/boot/pmufw.elf' is downloaded to processor 'psu_pmu_0'.
18:19:07 INFO  : 'configparams force-mem-access 0' command is executed.
18:19:07 INFO  : ----------------XSDB Script----------------
connect -url tcp:127.0.0.1:3121
source C:/Xilinx/Vitis/2023.1/scripts/vitis/util/zynqmp_utils.tcl
targets -set -nocase -filter {name =~"APU*"}
rst -system
after 3000
targets -set -filter {jtag_cable_name =~ "Digilent JTAG-SMT2NC 210308B3B53D" && level==0 && jtag_device_ctx=="jsn-JTAG-SMT2NC-210308B3B53D-24738093-0"}
fpga -file C:/Users/shaza/Documents/Xilinx_ZCU102/fpga_demo/project_shell_v2/bitstreams/top3.bit
targets -set -nocase -filter {name =~"PSU*"}
catch {disable_pmu_gate}
targets -set -nocase -filter {name =~"APU*"}
loadhw -hw C:/Users/shaza/Documents/Xilinx_ZCU102/fpga_demo/sdk_v2/FPGA_Demo/export/FPGA_Demo/hw/top_wrapper.xsa -mem-ranges [list {0x80000000 0xbfffffff} {0x400000000 0x5ffffffff} {0x1000000000 0x7fffffffff}] -regs
configparams force-mem-access 1
targets -set -nocase -filter {name =~"APU*"}
set mode [expr [mrd -value 0xFF5E0200] & 0xf]
targets -set -nocase -filter {name =~ "*R5*#0"}
rst -processor
dow C:/Users/shaza/Documents/Xilinx_ZCU102/fpga_demo/sdk_v2/FPGA_Demo/export/FPGA_Demo/sw/FPGA_Demo/boot/fsbl.elf
set bp_18_53_fsbl_bp [bpadd -addr &XFsbl_Exit]
con -block -timeout 60
bpremove $bp_18_53_fsbl_bp
targets -set -nocase -filter {name =~ "*A53*#0"}
rst -processor
dow -data C:/Users/shaza/Documents/Xilinx_ZCU102/fpga_demo/project_shell_v2/bitstreams/vfpga1_shift_left_partial_icap_bs.bin 0x20000000
dow C:/Users/shaza/Documents/Xilinx_ZCU102/fpga_demo/sdk_v2/appx/Debug/appx.elf
targets -set -nocase -filter {name =~ "*R5*#0"}
rst -processor
dow C:/Users/shaza/Documents/Xilinx_ZCU102/fpga_demo/sdk_v2/fpga_ta/Debug/fpga_ta.elf
targets -set -nocase -filter {name =~ "MicroBlaze*PMU*"}
catch {stop}
rst -processor
dow C:/Users/shaza/Documents/Xilinx_ZCU102/fpga_demo/sdk_v2/FPGA_Demo/export/FPGA_Demo/sw/FPGA_Demo/boot/pmufw.elf
configparams force-mem-access 0
----------------End of Script----------------

18:19:07 INFO  : Context for processor 'psu_cortexa53_0' is selected.
18:19:07 INFO  : 'con' command is executed.
18:19:07 INFO  : Context for processor 'psu_cortexr5_0' is selected.
18:19:07 INFO  : 'con' command is executed.
18:19:07 INFO  : Context for processor 'psu_pmu_0' is selected.
18:19:07 INFO  : 'con' command is executed.
18:19:07 INFO  : ----------------XSDB Script (After Launch)----------------
targets -set -nocase -filter {name =~ "*A53*#0"}
con
targets -set -nocase -filter {name =~ "*R5*#0"}
con
targets -set -nocase -filter {name =~ "MicroBlaze*PMU*"}
con
----------------End of Script----------------

18:19:07 INFO  : Launch script is exported to file 'C:\Users\shaza\Documents\Xilinx_ZCU102\fpga_demo\sdk_v2\appx_system\_ide\scripts\debugger_appx-default_1.tcl'
09:49:54 INFO  : Invoking Bootgen: bootgen -image output.bif -arch zynqmp -o C:/Users/shaza/Documents/Xilinx_ZCU102/fpga_demo/sdk_v2/BOOT.bin -w on
09:49:54 INFO  : Overwriting existing bif file C:\Users\shaza\Documents\Xilinx_ZCU102\fpga_demo\sdk_v2\output.bif
09:50:00 INFO  : Bootgen command execution is done.
10:54:33 INFO  : Disconnected from the channel tcfchan#31.
13:53:29 DEBUG : Logs will be stored at 'C:/Users/shaza/Documents/Xilinx_ZCU102/fpga_demo/sdk_v2/IDE.log'.
13:53:29 INFO  : Launching XSCT server: xsct.bat -n  -interactive C:\Users\shaza\Documents\Xilinx_ZCU102\fpga_demo\sdk_v2\temp_xsdb_launch_script.tcl
13:53:33 INFO  : XSCT server has started successfully.
13:53:33 INFO  : plnx-install-location is set to ''
13:53:33 INFO  : Successfully done setting XSCT server connection channel  
13:53:33 INFO  : Successfully done setting workspace for the tool. 
13:53:34 INFO  : Platform repository initialization has completed.
13:56:26 INFO  : Registering command handlers for Vitis TCF services
13:56:30 INFO  : Successfully done query RDI_DATADIR 
14:07:21 INFO  : Checking for BSP changes to sync application flags for project 'appx'...
14:07:46 INFO  : Checking for BSP changes to sync application flags for project 'fpga_ta'...
14:09:10 INFO  : Connected to target on host '127.0.0.1' and port '3121'.
14:09:11 INFO  : Jtag cable 'Digilent JTAG-SMT2NC 210308B3B53D' is selected.
14:09:11 INFO  : 'jtag frequency' command is executed.
14:09:11 INFO  : Sourcing of 'C:/Xilinx/Vitis/2023.1/scripts/vitis/util/zynqmp_utils.tcl' is done.
14:09:11 INFO  : Context for 'APU' is selected.
14:09:11 INFO  : System reset is completed.
14:09:14 INFO  : 'after 3000' command is executed.
14:09:14 INFO  : 'targets -set -filter {jtag_cable_name =~ "Digilent JTAG-SMT2NC 210308B3B53D" && level==0 && jtag_device_ctx=="jsn-JTAG-SMT2NC-210308B3B53D-24738093-0"}' command is executed.
14:09:30 INFO  : Device configured successfully with "C:/Users/shaza/Documents/Xilinx_ZCU102/fpga_demo/project_shell_v2/bitstreams/top3.bit"
14:09:30 INFO  : Context for 'PSU' is selected.
14:09:30 INFO  : 'catch {disable_pmu_gate}' command is executed.
14:09:30 INFO  : Context for 'APU' is selected.
14:09:30 INFO  : Hardware design and registers information is loaded from 'C:/Users/shaza/Documents/Xilinx_ZCU102/fpga_demo/sdk_v2/FPGA_Demo/export/FPGA_Demo/hw/top_wrapper.xsa'.
14:09:30 INFO  : 'configparams force-mem-access 1' command is executed.
14:09:30 INFO  : Context for 'APU' is selected.
14:09:30 INFO  : Boot mode is read from the target.
14:09:30 INFO  : Context for processor 'psu_cortexr5_0' is selected.
14:09:30 INFO  : Processor reset is completed for 'psu_cortexr5_0'.
14:09:30 INFO  : The application 'C:/Users/shaza/Documents/Xilinx_ZCU102/fpga_demo/sdk_v2/FPGA_Demo/export/FPGA_Demo/sw/FPGA_Demo/boot/fsbl.elf' is downloaded to processor 'psu_cortexr5_0'.
14:09:30 INFO  : 'set bp_9_30_fsbl_bp [bpadd -addr &XFsbl_Exit]' command is executed.
14:09:32 INFO  : 'con -block -timeout 60' command is executed.
14:09:32 INFO  : 'bpremove $bp_9_30_fsbl_bp' command is executed.
14:09:32 INFO  : Context for processor 'psu_cortexa53_0' is selected.
14:09:32 INFO  : Processor reset is completed for 'psu_cortexa53_0'.
14:09:37 INFO  : 'dow -data C:/Users/shaza/Documents/Xilinx_ZCU102/fpga_demo/project_shell_v2/bitstreams/vfpga1_shift_left_partial_icap_bs.bin 0x20000000' command is executed.
14:09:38 INFO  : The application 'C:/Users/shaza/Documents/Xilinx_ZCU102/fpga_demo/sdk_v2/appx/Debug/appx.elf' is downloaded to processor 'psu_cortexa53_0'.
14:09:38 INFO  : Context for processor 'psu_cortexr5_0' is selected.
14:09:38 INFO  : Processor reset is completed for 'psu_cortexr5_0'.
14:09:38 INFO  : The application 'C:/Users/shaza/Documents/Xilinx_ZCU102/fpga_demo/sdk_v2/fpga_ta/Debug/fpga_ta.elf' is downloaded to processor 'psu_cortexr5_0'.
14:09:39 INFO  : Context for processor 'psu_pmu_0' is selected.
14:09:39 INFO  : 'catch {stop}' command is executed.
14:09:39 INFO  : Processor reset is completed for 'psu_pmu_0'.
14:09:39 INFO  : The application 'C:/Users/shaza/Documents/Xilinx_ZCU102/fpga_demo/sdk_v2/FPGA_Demo/export/FPGA_Demo/sw/FPGA_Demo/boot/pmufw.elf' is downloaded to processor 'psu_pmu_0'.
14:09:39 INFO  : 'configparams force-mem-access 0' command is executed.
14:09:39 INFO  : ----------------XSDB Script----------------
connect -url tcp:127.0.0.1:3121
source C:/Xilinx/Vitis/2023.1/scripts/vitis/util/zynqmp_utils.tcl
targets -set -nocase -filter {name =~"APU*"}
rst -system
after 3000
targets -set -filter {jtag_cable_name =~ "Digilent JTAG-SMT2NC 210308B3B53D" && level==0 && jtag_device_ctx=="jsn-JTAG-SMT2NC-210308B3B53D-24738093-0"}
fpga -file C:/Users/shaza/Documents/Xilinx_ZCU102/fpga_demo/project_shell_v2/bitstreams/top3.bit
targets -set -nocase -filter {name =~"PSU*"}
catch {disable_pmu_gate}
targets -set -nocase -filter {name =~"APU*"}
loadhw -hw C:/Users/shaza/Documents/Xilinx_ZCU102/fpga_demo/sdk_v2/FPGA_Demo/export/FPGA_Demo/hw/top_wrapper.xsa -mem-ranges [list {0x80000000 0xbfffffff} {0x400000000 0x5ffffffff} {0x1000000000 0x7fffffffff}] -regs
configparams force-mem-access 1
targets -set -nocase -filter {name =~"APU*"}
set mode [expr [mrd -value 0xFF5E0200] & 0xf]
targets -set -nocase -filter {name =~ "*R5*#0"}
rst -processor
dow C:/Users/shaza/Documents/Xilinx_ZCU102/fpga_demo/sdk_v2/FPGA_Demo/export/FPGA_Demo/sw/FPGA_Demo/boot/fsbl.elf
set bp_9_30_fsbl_bp [bpadd -addr &XFsbl_Exit]
con -block -timeout 60
bpremove $bp_9_30_fsbl_bp
targets -set -nocase -filter {name =~ "*A53*#0"}
rst -processor
dow -data C:/Users/shaza/Documents/Xilinx_ZCU102/fpga_demo/project_shell_v2/bitstreams/vfpga1_shift_left_partial_icap_bs.bin 0x20000000
dow C:/Users/shaza/Documents/Xilinx_ZCU102/fpga_demo/sdk_v2/appx/Debug/appx.elf
targets -set -nocase -filter {name =~ "*R5*#0"}
rst -processor
dow C:/Users/shaza/Documents/Xilinx_ZCU102/fpga_demo/sdk_v2/fpga_ta/Debug/fpga_ta.elf
targets -set -nocase -filter {name =~ "MicroBlaze*PMU*"}
catch {stop}
rst -processor
dow C:/Users/shaza/Documents/Xilinx_ZCU102/fpga_demo/sdk_v2/FPGA_Demo/export/FPGA_Demo/sw/FPGA_Demo/boot/pmufw.elf
configparams force-mem-access 0
----------------End of Script----------------

14:09:39 INFO  : Context for processor 'psu_cortexa53_0' is selected.
14:09:39 INFO  : 'con' command is executed.
14:09:39 INFO  : Context for processor 'psu_cortexr5_0' is selected.
14:09:39 INFO  : 'con' command is executed.
14:09:39 INFO  : Context for processor 'psu_pmu_0' is selected.
14:09:39 INFO  : 'con' command is executed.
14:09:39 INFO  : ----------------XSDB Script (After Launch)----------------
targets -set -nocase -filter {name =~ "*A53*#0"}
con
targets -set -nocase -filter {name =~ "*R5*#0"}
con
targets -set -nocase -filter {name =~ "MicroBlaze*PMU*"}
con
----------------End of Script----------------

14:09:39 INFO  : Launch script is exported to file 'C:\Users\shaza\Documents\Xilinx_ZCU102\fpga_demo\sdk_v2\appx_system\_ide\scripts\debugger_appx-default_1.tcl'
14:19:13 INFO  : Checking for BSP changes to sync application flags for project 'appx'...
14:20:24 INFO  : Checking for BSP changes to sync application flags for project 'fpga_ta'...
14:21:33 INFO  : Disconnected from the channel tcfchan#1.
14:22:00 INFO  : Connected to target on host '127.0.0.1' and port '3121'.
14:22:00 INFO  : Jtag cable 'Digilent JTAG-SMT2NC 210308B3B53D' is selected.
14:22:00 INFO  : 'jtag frequency' command is executed.
14:22:00 INFO  : Sourcing of 'C:/Xilinx/Vitis/2023.1/scripts/vitis/util/zynqmp_utils.tcl' is done.
14:22:00 INFO  : Context for 'APU' is selected.
14:22:01 INFO  : System reset is completed.
14:22:04 INFO  : 'after 3000' command is executed.
14:22:04 INFO  : 'targets -set -filter {jtag_cable_name =~ "Digilent JTAG-SMT2NC 210308B3B53D" && level==0 && jtag_device_ctx=="jsn-JTAG-SMT2NC-210308B3B53D-24738093-0"}' command is executed.
14:22:19 INFO  : Device configured successfully with "C:/Users/shaza/Documents/Xilinx_ZCU102/fpga_demo/project_shell_v2/bitstreams/top3.bit"
14:22:19 INFO  : Context for 'PSU' is selected.
14:22:19 INFO  : 'catch {disable_pmu_gate}' command is executed.
14:22:19 INFO  : Context for 'APU' is selected.
14:22:29 INFO  : Hardware design and registers information is loaded from 'C:/Users/shaza/Documents/Xilinx_ZCU102/fpga_demo/sdk_v2/FPGA_Demo/export/FPGA_Demo/hw/top_wrapper.xsa'.
14:22:29 INFO  : 'configparams force-mem-access 1' command is executed.
14:22:29 INFO  : Context for 'APU' is selected.
14:22:29 INFO  : Boot mode is read from the target.
14:22:29 INFO  : Context for processor 'psu_cortexr5_0' is selected.
14:22:29 INFO  : Processor reset is completed for 'psu_cortexr5_0'.
14:22:29 INFO  : The application 'C:/Users/shaza/Documents/Xilinx_ZCU102/fpga_demo/sdk_v2/FPGA_Demo/export/FPGA_Demo/sw/FPGA_Demo/boot/fsbl.elf' is downloaded to processor 'psu_cortexr5_0'.
14:22:29 INFO  : 'set bp_22_29_fsbl_bp [bpadd -addr &XFsbl_Exit]' command is executed.
14:22:30 INFO  : 'con -block -timeout 60' command is executed.
14:22:30 INFO  : 'bpremove $bp_22_29_fsbl_bp' command is executed.
14:22:30 INFO  : Context for processor 'psu_cortexa53_0' is selected.
14:22:30 INFO  : Processor reset is completed for 'psu_cortexa53_0'.
14:22:35 INFO  : 'dow -data C:/Users/shaza/Documents/Xilinx_ZCU102/fpga_demo/project_shell_v2/bitstreams/vfpga1_shift_left_partial_icap_bs.bin 0x20000000' command is executed.
14:22:36 INFO  : The application 'C:/Users/shaza/Documents/Xilinx_ZCU102/fpga_demo/sdk_v2/appx/Debug/appx.elf' is downloaded to processor 'psu_cortexa53_0'.
14:22:36 INFO  : Context for processor 'psu_cortexr5_0' is selected.
14:22:36 INFO  : Processor reset is completed for 'psu_cortexr5_0'.
14:22:37 INFO  : The application 'C:/Users/shaza/Documents/Xilinx_ZCU102/fpga_demo/sdk_v2/fpga_ta/Debug/fpga_ta.elf' is downloaded to processor 'psu_cortexr5_0'.
14:22:37 INFO  : Context for processor 'psu_pmu_0' is selected.
14:22:37 INFO  : 'catch {stop}' command is executed.
14:22:37 INFO  : Processor reset is completed for 'psu_pmu_0'.
14:22:38 INFO  : The application 'C:/Users/shaza/Documents/Xilinx_ZCU102/fpga_demo/sdk_v2/FPGA_Demo/export/FPGA_Demo/sw/FPGA_Demo/boot/pmufw.elf' is downloaded to processor 'psu_pmu_0'.
14:22:38 INFO  : 'configparams force-mem-access 0' command is executed.
14:22:38 INFO  : ----------------XSDB Script----------------
connect -url tcp:127.0.0.1:3121
source C:/Xilinx/Vitis/2023.1/scripts/vitis/util/zynqmp_utils.tcl
targets -set -nocase -filter {name =~"APU*"}
rst -system
after 3000
targets -set -filter {jtag_cable_name =~ "Digilent JTAG-SMT2NC 210308B3B53D" && level==0 && jtag_device_ctx=="jsn-JTAG-SMT2NC-210308B3B53D-24738093-0"}
fpga -file C:/Users/shaza/Documents/Xilinx_ZCU102/fpga_demo/project_shell_v2/bitstreams/top3.bit
targets -set -nocase -filter {name =~"PSU*"}
catch {disable_pmu_gate}
targets -set -nocase -filter {name =~"APU*"}
loadhw -hw C:/Users/shaza/Documents/Xilinx_ZCU102/fpga_demo/sdk_v2/FPGA_Demo/export/FPGA_Demo/hw/top_wrapper.xsa -mem-ranges [list {0x80000000 0xbfffffff} {0x400000000 0x5ffffffff} {0x1000000000 0x7fffffffff}] -regs
configparams force-mem-access 1
targets -set -nocase -filter {name =~"APU*"}
set mode [expr [mrd -value 0xFF5E0200] & 0xf]
targets -set -nocase -filter {name =~ "*R5*#0"}
rst -processor
dow C:/Users/shaza/Documents/Xilinx_ZCU102/fpga_demo/sdk_v2/FPGA_Demo/export/FPGA_Demo/sw/FPGA_Demo/boot/fsbl.elf
set bp_22_29_fsbl_bp [bpadd -addr &XFsbl_Exit]
con -block -timeout 60
bpremove $bp_22_29_fsbl_bp
targets -set -nocase -filter {name =~ "*A53*#0"}
rst -processor
dow -data C:/Users/shaza/Documents/Xilinx_ZCU102/fpga_demo/project_shell_v2/bitstreams/vfpga1_shift_left_partial_icap_bs.bin 0x20000000
dow C:/Users/shaza/Documents/Xilinx_ZCU102/fpga_demo/sdk_v2/appx/Debug/appx.elf
targets -set -nocase -filter {name =~ "*R5*#0"}
rst -processor
dow C:/Users/shaza/Documents/Xilinx_ZCU102/fpga_demo/sdk_v2/fpga_ta/Debug/fpga_ta.elf
targets -set -nocase -filter {name =~ "MicroBlaze*PMU*"}
catch {stop}
rst -processor
dow C:/Users/shaza/Documents/Xilinx_ZCU102/fpga_demo/sdk_v2/FPGA_Demo/export/FPGA_Demo/sw/FPGA_Demo/boot/pmufw.elf
configparams force-mem-access 0
----------------End of Script----------------

14:22:38 INFO  : Context for processor 'psu_cortexa53_0' is selected.
14:22:38 INFO  : 'con' command is executed.
14:22:38 INFO  : Context for processor 'psu_cortexr5_0' is selected.
14:22:38 INFO  : 'con' command is executed.
14:22:38 INFO  : Context for processor 'psu_pmu_0' is selected.
14:22:38 INFO  : 'con' command is executed.
14:22:38 INFO  : ----------------XSDB Script (After Launch)----------------
targets -set -nocase -filter {name =~ "*A53*#0"}
con
targets -set -nocase -filter {name =~ "*R5*#0"}
con
targets -set -nocase -filter {name =~ "MicroBlaze*PMU*"}
con
----------------End of Script----------------

14:22:38 INFO  : Launch script is exported to file 'C:\Users\shaza\Documents\Xilinx_ZCU102\fpga_demo\sdk_v2\appx_system\_ide\scripts\debugger_appx-default_1.tcl'
14:23:31 INFO  : Disconnected from the channel tcfchan#2.
14:23:44 INFO  : Connected to target on host '127.0.0.1' and port '3121'.
14:23:44 INFO  : Jtag cable 'Digilent JTAG-SMT2NC 210308B3B53D' is selected.
14:23:44 INFO  : 'jtag frequency' command is executed.
14:23:44 INFO  : Sourcing of 'C:/Xilinx/Vitis/2023.1/scripts/vitis/util/zynqmp_utils.tcl' is done.
14:23:44 INFO  : Context for 'APU' is selected.
14:23:45 INFO  : System reset is completed.
14:23:48 INFO  : 'after 3000' command is executed.
14:23:48 INFO  : 'targets -set -filter {jtag_cable_name =~ "Digilent JTAG-SMT2NC 210308B3B53D" && level==0 && jtag_device_ctx=="jsn-JTAG-SMT2NC-210308B3B53D-24738093-0"}' command is executed.
14:24:03 INFO  : Device configured successfully with "C:/Users/shaza/Documents/Xilinx_ZCU102/fpga_demo/project_shell_v2/bitstreams/top3.bit"
14:24:03 INFO  : Context for 'PSU' is selected.
14:24:03 INFO  : 'catch {disable_pmu_gate}' command is executed.
14:24:03 INFO  : Context for 'APU' is selected.
14:24:14 INFO  : Hardware design and registers information is loaded from 'C:/Users/shaza/Documents/Xilinx_ZCU102/fpga_demo/sdk_v2/FPGA_Demo/export/FPGA_Demo/hw/top_wrapper.xsa'.
14:24:14 INFO  : 'configparams force-mem-access 1' command is executed.
14:24:14 INFO  : Context for 'APU' is selected.
14:24:14 INFO  : Boot mode is read from the target.
14:24:14 INFO  : Context for processor 'psu_cortexr5_0' is selected.
14:24:14 INFO  : Processor reset is completed for 'psu_cortexr5_0'.
14:24:15 INFO  : The application 'C:/Users/shaza/Documents/Xilinx_ZCU102/fpga_demo/sdk_v2/FPGA_Demo/export/FPGA_Demo/sw/FPGA_Demo/boot/fsbl.elf' is downloaded to processor 'psu_cortexr5_0'.
14:24:15 INFO  : 'set bp_24_15_fsbl_bp [bpadd -addr &XFsbl_Exit]' command is executed.
14:24:16 INFO  : 'con -block -timeout 60' command is executed.
14:24:16 INFO  : 'bpremove $bp_24_15_fsbl_bp' command is executed.
14:24:16 INFO  : Context for processor 'psu_cortexa53_0' is selected.
14:24:16 INFO  : Processor reset is completed for 'psu_cortexa53_0'.
14:24:21 INFO  : 'dow -data C:/Users/shaza/Documents/Xilinx_ZCU102/fpga_demo/project_shell_v2/bitstreams/vfpga1_shift_left_partial_icap_bs.bin 0x20000000' command is executed.
14:24:22 INFO  : The application 'C:/Users/shaza/Documents/Xilinx_ZCU102/fpga_demo/sdk_v2/appx/Debug/appx.elf' is downloaded to processor 'psu_cortexa53_0'.
14:24:22 INFO  : Context for processor 'psu_cortexr5_0' is selected.
14:24:22 INFO  : Processor reset is completed for 'psu_cortexr5_0'.
14:24:23 INFO  : The application 'C:/Users/shaza/Documents/Xilinx_ZCU102/fpga_demo/sdk_v2/fpga_ta/Debug/fpga_ta.elf' is downloaded to processor 'psu_cortexr5_0'.
14:24:23 INFO  : Context for processor 'psu_pmu_0' is selected.
14:24:23 INFO  : 'catch {stop}' command is executed.
14:24:23 INFO  : Processor reset is completed for 'psu_pmu_0'.
14:24:23 INFO  : The application 'C:/Users/shaza/Documents/Xilinx_ZCU102/fpga_demo/sdk_v2/FPGA_Demo/export/FPGA_Demo/sw/FPGA_Demo/boot/pmufw.elf' is downloaded to processor 'psu_pmu_0'.
14:24:23 INFO  : 'configparams force-mem-access 0' command is executed.
14:24:23 INFO  : ----------------XSDB Script----------------
connect -url tcp:127.0.0.1:3121
source C:/Xilinx/Vitis/2023.1/scripts/vitis/util/zynqmp_utils.tcl
targets -set -nocase -filter {name =~"APU*"}
rst -system
after 3000
targets -set -filter {jtag_cable_name =~ "Digilent JTAG-SMT2NC 210308B3B53D" && level==0 && jtag_device_ctx=="jsn-JTAG-SMT2NC-210308B3B53D-24738093-0"}
fpga -file C:/Users/shaza/Documents/Xilinx_ZCU102/fpga_demo/project_shell_v2/bitstreams/top3.bit
targets -set -nocase -filter {name =~"PSU*"}
catch {disable_pmu_gate}
targets -set -nocase -filter {name =~"APU*"}
loadhw -hw C:/Users/shaza/Documents/Xilinx_ZCU102/fpga_demo/sdk_v2/FPGA_Demo/export/FPGA_Demo/hw/top_wrapper.xsa -mem-ranges [list {0x80000000 0xbfffffff} {0x400000000 0x5ffffffff} {0x1000000000 0x7fffffffff}] -regs
configparams force-mem-access 1
targets -set -nocase -filter {name =~"APU*"}
set mode [expr [mrd -value 0xFF5E0200] & 0xf]
targets -set -nocase -filter {name =~ "*R5*#0"}
rst -processor
dow C:/Users/shaza/Documents/Xilinx_ZCU102/fpga_demo/sdk_v2/FPGA_Demo/export/FPGA_Demo/sw/FPGA_Demo/boot/fsbl.elf
set bp_24_15_fsbl_bp [bpadd -addr &XFsbl_Exit]
con -block -timeout 60
bpremove $bp_24_15_fsbl_bp
targets -set -nocase -filter {name =~ "*A53*#0"}
rst -processor
dow -data C:/Users/shaza/Documents/Xilinx_ZCU102/fpga_demo/project_shell_v2/bitstreams/vfpga1_shift_left_partial_icap_bs.bin 0x20000000
dow C:/Users/shaza/Documents/Xilinx_ZCU102/fpga_demo/sdk_v2/appx/Debug/appx.elf
targets -set -nocase -filter {name =~ "*R5*#0"}
rst -processor
dow C:/Users/shaza/Documents/Xilinx_ZCU102/fpga_demo/sdk_v2/fpga_ta/Debug/fpga_ta.elf
targets -set -nocase -filter {name =~ "MicroBlaze*PMU*"}
catch {stop}
rst -processor
dow C:/Users/shaza/Documents/Xilinx_ZCU102/fpga_demo/sdk_v2/FPGA_Demo/export/FPGA_Demo/sw/FPGA_Demo/boot/pmufw.elf
configparams force-mem-access 0
----------------End of Script----------------

14:24:23 INFO  : Context for processor 'psu_cortexa53_0' is selected.
14:24:23 INFO  : 'con' command is executed.
14:24:23 INFO  : Context for processor 'psu_cortexr5_0' is selected.
14:24:23 INFO  : 'con' command is executed.
14:24:24 INFO  : Context for processor 'psu_pmu_0' is selected.
14:24:24 INFO  : 'con' command is executed.
14:24:24 INFO  : ----------------XSDB Script (After Launch)----------------
targets -set -nocase -filter {name =~ "*A53*#0"}
con
targets -set -nocase -filter {name =~ "*R5*#0"}
con
targets -set -nocase -filter {name =~ "MicroBlaze*PMU*"}
con
----------------End of Script----------------

14:24:24 INFO  : Launch script is exported to file 'C:\Users\shaza\Documents\Xilinx_ZCU102\fpga_demo\sdk_v2\appx_system\_ide\scripts\debugger_appx-default_1.tcl'
14:24:49 INFO  : Disconnected from the channel tcfchan#3.
14:24:50 INFO  : Connected to target on host '127.0.0.1' and port '3121'.
14:24:59 INFO  : ----------------XSDB Script----------------
connect -url tcp:127.0.0.1:3121
----------------End of Script----------------

14:24:59 ERROR : Could not find ARM device on the board for connection 'Local'.
Check if the target is in:
1. Split JTAG - No operations are possible with ARM DAP.
2. Non JTAG bootmode - Bootrom may need time to enable DAP.
Please try again.


Troubleshooting hints:
1. Check whether board is connected to system properly.
2. In case of zynq board, check whether Digilent/Xilinx cable switch settings are correct.
3. If you are using Xilinx Platform Cable USB, ensure that status LED is green.
14:25:06 INFO  : Connected to target on host '127.0.0.1' and port '3121'.
14:25:06 INFO  : Jtag cable 'Digilent JTAG-SMT2NC 210308B3B53D' is selected.
14:25:06 INFO  : 'jtag frequency' command is executed.
14:25:06 INFO  : Sourcing of 'C:/Xilinx/Vitis/2023.1/scripts/vitis/util/zynqmp_utils.tcl' is done.
14:25:06 INFO  : Context for 'APU' is selected.
14:25:07 INFO  : System reset is completed.
14:25:10 INFO  : 'after 3000' command is executed.
14:25:10 INFO  : 'targets -set -filter {jtag_cable_name =~ "Digilent JTAG-SMT2NC 210308B3B53D" && level==0 && jtag_device_ctx=="jsn-JTAG-SMT2NC-210308B3B53D-24738093-0"}' command is executed.
14:25:25 INFO  : Device configured successfully with "C:/Users/shaza/Documents/Xilinx_ZCU102/fpga_demo/project_shell_v2/bitstreams/top3.bit"
14:25:25 INFO  : Context for 'PSU' is selected.
14:25:25 INFO  : 'catch {disable_pmu_gate}' command is executed.
14:25:25 INFO  : Context for 'APU' is selected.
14:25:36 INFO  : Hardware design and registers information is loaded from 'C:/Users/shaza/Documents/Xilinx_ZCU102/fpga_demo/sdk_v2/FPGA_Demo/export/FPGA_Demo/hw/top_wrapper.xsa'.
14:25:36 INFO  : 'configparams force-mem-access 1' command is executed.
14:25:36 INFO  : Context for 'APU' is selected.
14:25:36 INFO  : Boot mode is read from the target.
14:25:36 INFO  : Context for processor 'psu_cortexr5_0' is selected.
14:25:36 INFO  : Processor reset is completed for 'psu_cortexr5_0'.
14:25:36 INFO  : The application 'C:/Users/shaza/Documents/Xilinx_ZCU102/fpga_demo/sdk_v2/FPGA_Demo/export/FPGA_Demo/sw/FPGA_Demo/boot/fsbl.elf' is downloaded to processor 'psu_cortexr5_0'.
14:25:36 INFO  : 'set bp_25_36_fsbl_bp [bpadd -addr &XFsbl_Exit]' command is executed.
14:25:37 INFO  : 'con -block -timeout 60' command is executed.
14:25:37 INFO  : 'bpremove $bp_25_36_fsbl_bp' command is executed.
14:25:37 INFO  : Context for processor 'psu_cortexa53_0' is selected.
14:25:37 INFO  : Processor reset is completed for 'psu_cortexa53_0'.
14:25:42 INFO  : 'dow -data C:/Users/shaza/Documents/Xilinx_ZCU102/fpga_demo/project_shell_v2/bitstreams/vfpga1_shift_left_partial_icap_bs.bin 0x20000000' command is executed.
14:25:43 INFO  : The application 'C:/Users/shaza/Documents/Xilinx_ZCU102/fpga_demo/sdk_v2/appx/Debug/appx.elf' is downloaded to processor 'psu_cortexa53_0'.
14:25:43 INFO  : Context for processor 'psu_cortexr5_0' is selected.
14:25:44 INFO  : Processor reset is completed for 'psu_cortexr5_0'.
14:25:44 INFO  : The application 'C:/Users/shaza/Documents/Xilinx_ZCU102/fpga_demo/sdk_v2/fpga_ta/Debug/fpga_ta.elf' is downloaded to processor 'psu_cortexr5_0'.
14:25:44 INFO  : Context for processor 'psu_pmu_0' is selected.
14:25:44 INFO  : 'catch {stop}' command is executed.
14:25:44 INFO  : Processor reset is completed for 'psu_pmu_0'.
14:25:45 INFO  : The application 'C:/Users/shaza/Documents/Xilinx_ZCU102/fpga_demo/sdk_v2/FPGA_Demo/export/FPGA_Demo/sw/FPGA_Demo/boot/pmufw.elf' is downloaded to processor 'psu_pmu_0'.
14:25:45 INFO  : 'configparams force-mem-access 0' command is executed.
14:25:45 INFO  : ----------------XSDB Script----------------
connect -url tcp:127.0.0.1:3121
source C:/Xilinx/Vitis/2023.1/scripts/vitis/util/zynqmp_utils.tcl
targets -set -nocase -filter {name =~"APU*"}
rst -system
after 3000
targets -set -filter {jtag_cable_name =~ "Digilent JTAG-SMT2NC 210308B3B53D" && level==0 && jtag_device_ctx=="jsn-JTAG-SMT2NC-210308B3B53D-24738093-0"}
fpga -file C:/Users/shaza/Documents/Xilinx_ZCU102/fpga_demo/project_shell_v2/bitstreams/top3.bit
targets -set -nocase -filter {name =~"PSU*"}
catch {disable_pmu_gate}
targets -set -nocase -filter {name =~"APU*"}
loadhw -hw C:/Users/shaza/Documents/Xilinx_ZCU102/fpga_demo/sdk_v2/FPGA_Demo/export/FPGA_Demo/hw/top_wrapper.xsa -mem-ranges [list {0x80000000 0xbfffffff} {0x400000000 0x5ffffffff} {0x1000000000 0x7fffffffff}] -regs
configparams force-mem-access 1
targets -set -nocase -filter {name =~"APU*"}
set mode [expr [mrd -value 0xFF5E0200] & 0xf]
targets -set -nocase -filter {name =~ "*R5*#0"}
rst -processor
dow C:/Users/shaza/Documents/Xilinx_ZCU102/fpga_demo/sdk_v2/FPGA_Demo/export/FPGA_Demo/sw/FPGA_Demo/boot/fsbl.elf
set bp_25_36_fsbl_bp [bpadd -addr &XFsbl_Exit]
con -block -timeout 60
bpremove $bp_25_36_fsbl_bp
targets -set -nocase -filter {name =~ "*A53*#0"}
rst -processor
dow -data C:/Users/shaza/Documents/Xilinx_ZCU102/fpga_demo/project_shell_v2/bitstreams/vfpga1_shift_left_partial_icap_bs.bin 0x20000000
dow C:/Users/shaza/Documents/Xilinx_ZCU102/fpga_demo/sdk_v2/appx/Debug/appx.elf
targets -set -nocase -filter {name =~ "*R5*#0"}
rst -processor
dow C:/Users/shaza/Documents/Xilinx_ZCU102/fpga_demo/sdk_v2/fpga_ta/Debug/fpga_ta.elf
targets -set -nocase -filter {name =~ "MicroBlaze*PMU*"}
catch {stop}
rst -processor
dow C:/Users/shaza/Documents/Xilinx_ZCU102/fpga_demo/sdk_v2/FPGA_Demo/export/FPGA_Demo/sw/FPGA_Demo/boot/pmufw.elf
configparams force-mem-access 0
----------------End of Script----------------

14:25:45 INFO  : Context for processor 'psu_cortexa53_0' is selected.
14:25:45 INFO  : 'con' command is executed.
14:25:45 INFO  : Context for processor 'psu_cortexr5_0' is selected.
14:25:45 INFO  : 'con' command is executed.
14:25:45 INFO  : Context for processor 'psu_pmu_0' is selected.
14:25:45 INFO  : 'con' command is executed.
14:25:45 INFO  : ----------------XSDB Script (After Launch)----------------
targets -set -nocase -filter {name =~ "*A53*#0"}
con
targets -set -nocase -filter {name =~ "*R5*#0"}
con
targets -set -nocase -filter {name =~ "MicroBlaze*PMU*"}
con
----------------End of Script----------------

14:25:45 INFO  : Launch script is exported to file 'C:\Users\shaza\Documents\Xilinx_ZCU102\fpga_demo\sdk_v2\appx_system\_ide\scripts\debugger_appx-default_1.tcl'
14:27:31 INFO  : Checking for BSP changes to sync application flags for project 'appx'...
14:27:38 INFO  : Disconnected from the channel tcfchan#4.
14:27:39 INFO  : Connected to target on host '127.0.0.1' and port '3121'.
14:27:48 INFO  : ----------------XSDB Script----------------
connect -url tcp:127.0.0.1:3121
----------------End of Script----------------

14:27:48 ERROR : Could not find ARM device on the board for connection 'Local'.
Check if the target is in:
1. Split JTAG - No operations are possible with ARM DAP.
2. Non JTAG bootmode - Bootrom may need time to enable DAP.
Please try again.


Troubleshooting hints:
1. Check whether board is connected to system properly.
2. In case of zynq board, check whether Digilent/Xilinx cable switch settings are correct.
3. If you are using Xilinx Platform Cable USB, ensure that status LED is green.
14:27:54 INFO  : Connected to target on host '127.0.0.1' and port '3121'.
14:27:54 INFO  : Jtag cable 'Digilent JTAG-SMT2NC 210308B3B53D' is selected.
14:27:54 INFO  : 'jtag frequency' command is executed.
14:27:54 INFO  : Sourcing of 'C:/Xilinx/Vitis/2023.1/scripts/vitis/util/zynqmp_utils.tcl' is done.
14:27:54 INFO  : Context for 'APU' is selected.
14:27:54 INFO  : System reset is completed.
14:27:57 INFO  : 'after 3000' command is executed.
14:27:57 INFO  : 'targets -set -filter {jtag_cable_name =~ "Digilent JTAG-SMT2NC 210308B3B53D" && level==0 && jtag_device_ctx=="jsn-JTAG-SMT2NC-210308B3B53D-24738093-0"}' command is executed.
14:28:12 INFO  : Device configured successfully with "C:/Users/shaza/Documents/Xilinx_ZCU102/fpga_demo/project_shell_v2/bitstreams/top3.bit"
14:28:12 INFO  : Context for 'PSU' is selected.
14:28:12 INFO  : 'catch {disable_pmu_gate}' command is executed.
14:28:12 INFO  : Context for 'APU' is selected.
14:28:23 INFO  : Hardware design and registers information is loaded from 'C:/Users/shaza/Documents/Xilinx_ZCU102/fpga_demo/sdk_v2/FPGA_Demo/export/FPGA_Demo/hw/top_wrapper.xsa'.
14:28:23 INFO  : 'configparams force-mem-access 1' command is executed.
14:28:23 INFO  : Context for 'APU' is selected.
14:28:23 INFO  : Boot mode is read from the target.
14:28:23 INFO  : Context for processor 'psu_cortexr5_0' is selected.
14:28:23 INFO  : Processor reset is completed for 'psu_cortexr5_0'.
14:28:23 INFO  : The application 'C:/Users/shaza/Documents/Xilinx_ZCU102/fpga_demo/sdk_v2/FPGA_Demo/export/FPGA_Demo/sw/FPGA_Demo/boot/fsbl.elf' is downloaded to processor 'psu_cortexr5_0'.
14:28:23 INFO  : 'set bp_28_23_fsbl_bp [bpadd -addr &XFsbl_Exit]' command is executed.
14:28:24 INFO  : 'con -block -timeout 60' command is executed.
14:28:24 INFO  : 'bpremove $bp_28_23_fsbl_bp' command is executed.
14:28:24 INFO  : Context for processor 'psu_cortexa53_0' is selected.
14:28:24 INFO  : Processor reset is completed for 'psu_cortexa53_0'.
14:28:30 INFO  : 'dow -data C:/Users/shaza/Documents/Xilinx_ZCU102/fpga_demo/project_shell_v2/bitstreams/vfpga1_shift_left_partial_icap_bs.bin 0x20000000' command is executed.
14:28:31 INFO  : The application 'C:/Users/shaza/Documents/Xilinx_ZCU102/fpga_demo/sdk_v2/appx/Debug/appx.elf' is downloaded to processor 'psu_cortexa53_0'.
14:28:31 INFO  : Context for processor 'psu_cortexr5_0' is selected.
14:28:31 INFO  : Processor reset is completed for 'psu_cortexr5_0'.
14:28:31 INFO  : The application 'C:/Users/shaza/Documents/Xilinx_ZCU102/fpga_demo/sdk_v2/fpga_ta/Debug/fpga_ta.elf' is downloaded to processor 'psu_cortexr5_0'.
14:28:31 INFO  : Context for processor 'psu_pmu_0' is selected.
14:28:32 INFO  : 'catch {stop}' command is executed.
14:28:32 INFO  : Processor reset is completed for 'psu_pmu_0'.
14:28:32 INFO  : The application 'C:/Users/shaza/Documents/Xilinx_ZCU102/fpga_demo/sdk_v2/FPGA_Demo/export/FPGA_Demo/sw/FPGA_Demo/boot/pmufw.elf' is downloaded to processor 'psu_pmu_0'.
14:28:32 INFO  : 'configparams force-mem-access 0' command is executed.
14:28:32 INFO  : ----------------XSDB Script----------------
connect -url tcp:127.0.0.1:3121
source C:/Xilinx/Vitis/2023.1/scripts/vitis/util/zynqmp_utils.tcl
targets -set -nocase -filter {name =~"APU*"}
rst -system
after 3000
targets -set -filter {jtag_cable_name =~ "Digilent JTAG-SMT2NC 210308B3B53D" && level==0 && jtag_device_ctx=="jsn-JTAG-SMT2NC-210308B3B53D-24738093-0"}
fpga -file C:/Users/shaza/Documents/Xilinx_ZCU102/fpga_demo/project_shell_v2/bitstreams/top3.bit
targets -set -nocase -filter {name =~"PSU*"}
catch {disable_pmu_gate}
targets -set -nocase -filter {name =~"APU*"}
loadhw -hw C:/Users/shaza/Documents/Xilinx_ZCU102/fpga_demo/sdk_v2/FPGA_Demo/export/FPGA_Demo/hw/top_wrapper.xsa -mem-ranges [list {0x80000000 0xbfffffff} {0x400000000 0x5ffffffff} {0x1000000000 0x7fffffffff}] -regs
configparams force-mem-access 1
targets -set -nocase -filter {name =~"APU*"}
set mode [expr [mrd -value 0xFF5E0200] & 0xf]
targets -set -nocase -filter {name =~ "*R5*#0"}
rst -processor
dow C:/Users/shaza/Documents/Xilinx_ZCU102/fpga_demo/sdk_v2/FPGA_Demo/export/FPGA_Demo/sw/FPGA_Demo/boot/fsbl.elf
set bp_28_23_fsbl_bp [bpadd -addr &XFsbl_Exit]
con -block -timeout 60
bpremove $bp_28_23_fsbl_bp
targets -set -nocase -filter {name =~ "*A53*#0"}
rst -processor
dow -data C:/Users/shaza/Documents/Xilinx_ZCU102/fpga_demo/project_shell_v2/bitstreams/vfpga1_shift_left_partial_icap_bs.bin 0x20000000
dow C:/Users/shaza/Documents/Xilinx_ZCU102/fpga_demo/sdk_v2/appx/Debug/appx.elf
targets -set -nocase -filter {name =~ "*R5*#0"}
rst -processor
dow C:/Users/shaza/Documents/Xilinx_ZCU102/fpga_demo/sdk_v2/fpga_ta/Debug/fpga_ta.elf
targets -set -nocase -filter {name =~ "MicroBlaze*PMU*"}
catch {stop}
rst -processor
dow C:/Users/shaza/Documents/Xilinx_ZCU102/fpga_demo/sdk_v2/FPGA_Demo/export/FPGA_Demo/sw/FPGA_Demo/boot/pmufw.elf
configparams force-mem-access 0
----------------End of Script----------------

14:28:32 INFO  : Context for processor 'psu_cortexa53_0' is selected.
14:28:32 INFO  : 'con' command is executed.
14:28:32 INFO  : Context for processor 'psu_cortexr5_0' is selected.
14:28:32 INFO  : 'con' command is executed.
14:28:32 INFO  : Context for processor 'psu_pmu_0' is selected.
14:28:32 INFO  : 'con' command is executed.
14:28:32 INFO  : ----------------XSDB Script (After Launch)----------------
targets -set -nocase -filter {name =~ "*A53*#0"}
con
targets -set -nocase -filter {name =~ "*R5*#0"}
con
targets -set -nocase -filter {name =~ "MicroBlaze*PMU*"}
con
----------------End of Script----------------

14:28:32 INFO  : Launch script is exported to file 'C:\Users\shaza\Documents\Xilinx_ZCU102\fpga_demo\sdk_v2\appx_system\_ide\scripts\debugger_appx-default_1.tcl'
14:28:45 INFO  : Disconnected from the channel tcfchan#5.
14:28:46 INFO  : Connected to target on host '127.0.0.1' and port '3121'.
14:28:55 INFO  : ----------------XSDB Script----------------
connect -url tcp:127.0.0.1:3121
----------------End of Script----------------

14:28:55 ERROR : Could not find ARM device on the board for connection 'Local'.
Check if the target is in:
1. Split JTAG - No operations are possible with ARM DAP.
2. Non JTAG bootmode - Bootrom may need time to enable DAP.
Please try again.


Troubleshooting hints:
1. Check whether board is connected to system properly.
2. In case of zynq board, check whether Digilent/Xilinx cable switch settings are correct.
3. If you are using Xilinx Platform Cable USB, ensure that status LED is green.
14:29:21 INFO  : Connected to target on host '127.0.0.1' and port '3121'.
14:29:22 INFO  : Jtag cable 'Digilent JTAG-SMT2NC 210308B3B53D' is selected.
14:29:22 INFO  : 'jtag frequency' command is executed.
14:29:22 INFO  : Sourcing of 'C:/Xilinx/Vitis/2023.1/scripts/vitis/util/zynqmp_utils.tcl' is done.
14:29:22 INFO  : Context for 'APU' is selected.
14:29:22 INFO  : System reset is completed.
14:29:25 INFO  : 'after 3000' command is executed.
14:29:25 INFO  : 'targets -set -filter {jtag_cable_name =~ "Digilent JTAG-SMT2NC 210308B3B53D" && level==0 && jtag_device_ctx=="jsn-JTAG-SMT2NC-210308B3B53D-24738093-0"}' command is executed.
14:29:40 INFO  : Device configured successfully with "C:/Users/shaza/Documents/Xilinx_ZCU102/fpga_demo/project_shell_v2/bitstreams/top3.bit"
14:29:41 INFO  : Context for 'PSU' is selected.
14:29:41 INFO  : 'catch {disable_pmu_gate}' command is executed.
14:29:41 INFO  : Context for 'APU' is selected.
14:29:50 INFO  : Hardware design and registers information is loaded from 'C:/Users/shaza/Documents/Xilinx_ZCU102/fpga_demo/sdk_v2/FPGA_Demo/export/FPGA_Demo/hw/top_wrapper.xsa'.
14:29:50 INFO  : 'configparams force-mem-access 1' command is executed.
14:29:50 INFO  : Context for 'APU' is selected.
14:29:50 INFO  : Boot mode is read from the target.
14:29:50 INFO  : Context for processor 'psu_cortexr5_0' is selected.
14:29:50 INFO  : Processor reset is completed for 'psu_cortexr5_0'.
14:29:50 INFO  : The application 'C:/Users/shaza/Documents/Xilinx_ZCU102/fpga_demo/sdk_v2/FPGA_Demo/export/FPGA_Demo/sw/FPGA_Demo/boot/fsbl.elf' is downloaded to processor 'psu_cortexr5_0'.
14:29:51 INFO  : 'set bp_29_50_fsbl_bp [bpadd -addr &XFsbl_Exit]' command is executed.
14:29:52 INFO  : 'con -block -timeout 60' command is executed.
14:29:52 INFO  : 'bpremove $bp_29_50_fsbl_bp' command is executed.
14:29:52 INFO  : Context for processor 'psu_cortexa53_0' is selected.
14:29:52 INFO  : Processor reset is completed for 'psu_cortexa53_0'.
14:29:57 INFO  : 'dow -data C:/Users/shaza/Documents/Xilinx_ZCU102/fpga_demo/project_shell_v2/bitstreams/vfpga1_shift_left_partial_icap_bs.bin 0x20000000' command is executed.
14:29:58 INFO  : The application 'C:/Users/shaza/Documents/Xilinx_ZCU102/fpga_demo/sdk_v2/appx/Debug/appx.elf' is downloaded to processor 'psu_cortexa53_0'.
14:29:58 INFO  : Context for processor 'psu_cortexr5_0' is selected.
14:29:58 INFO  : Processor reset is completed for 'psu_cortexr5_0'.
14:29:59 INFO  : The application 'C:/Users/shaza/Documents/Xilinx_ZCU102/fpga_demo/sdk_v2/fpga_ta/Debug/fpga_ta.elf' is downloaded to processor 'psu_cortexr5_0'.
14:29:59 INFO  : Context for processor 'psu_pmu_0' is selected.
14:29:59 INFO  : 'catch {stop}' command is executed.
14:29:59 INFO  : Processor reset is completed for 'psu_pmu_0'.
14:29:59 INFO  : The application 'C:/Users/shaza/Documents/Xilinx_ZCU102/fpga_demo/sdk_v2/FPGA_Demo/export/FPGA_Demo/sw/FPGA_Demo/boot/pmufw.elf' is downloaded to processor 'psu_pmu_0'.
14:29:59 INFO  : 'configparams force-mem-access 0' command is executed.
14:29:59 INFO  : ----------------XSDB Script----------------
connect -url tcp:127.0.0.1:3121
source C:/Xilinx/Vitis/2023.1/scripts/vitis/util/zynqmp_utils.tcl
targets -set -nocase -filter {name =~"APU*"}
rst -system
after 3000
targets -set -filter {jtag_cable_name =~ "Digilent JTAG-SMT2NC 210308B3B53D" && level==0 && jtag_device_ctx=="jsn-JTAG-SMT2NC-210308B3B53D-24738093-0"}
fpga -file C:/Users/shaza/Documents/Xilinx_ZCU102/fpga_demo/project_shell_v2/bitstreams/top3.bit
targets -set -nocase -filter {name =~"PSU*"}
catch {disable_pmu_gate}
targets -set -nocase -filter {name =~"APU*"}
loadhw -hw C:/Users/shaza/Documents/Xilinx_ZCU102/fpga_demo/sdk_v2/FPGA_Demo/export/FPGA_Demo/hw/top_wrapper.xsa -mem-ranges [list {0x80000000 0xbfffffff} {0x400000000 0x5ffffffff} {0x1000000000 0x7fffffffff}] -regs
configparams force-mem-access 1
targets -set -nocase -filter {name =~"APU*"}
set mode [expr [mrd -value 0xFF5E0200] & 0xf]
targets -set -nocase -filter {name =~ "*R5*#0"}
rst -processor
dow C:/Users/shaza/Documents/Xilinx_ZCU102/fpga_demo/sdk_v2/FPGA_Demo/export/FPGA_Demo/sw/FPGA_Demo/boot/fsbl.elf
set bp_29_50_fsbl_bp [bpadd -addr &XFsbl_Exit]
con -block -timeout 60
bpremove $bp_29_50_fsbl_bp
targets -set -nocase -filter {name =~ "*A53*#0"}
rst -processor
dow -data C:/Users/shaza/Documents/Xilinx_ZCU102/fpga_demo/project_shell_v2/bitstreams/vfpga1_shift_left_partial_icap_bs.bin 0x20000000
dow C:/Users/shaza/Documents/Xilinx_ZCU102/fpga_demo/sdk_v2/appx/Debug/appx.elf
targets -set -nocase -filter {name =~ "*R5*#0"}
rst -processor
dow C:/Users/shaza/Documents/Xilinx_ZCU102/fpga_demo/sdk_v2/fpga_ta/Debug/fpga_ta.elf
targets -set -nocase -filter {name =~ "MicroBlaze*PMU*"}
catch {stop}
rst -processor
dow C:/Users/shaza/Documents/Xilinx_ZCU102/fpga_demo/sdk_v2/FPGA_Demo/export/FPGA_Demo/sw/FPGA_Demo/boot/pmufw.elf
configparams force-mem-access 0
----------------End of Script----------------

14:30:00 INFO  : Context for processor 'psu_cortexa53_0' is selected.
14:30:00 INFO  : 'con' command is executed.
14:30:00 INFO  : Context for processor 'psu_cortexr5_0' is selected.
14:30:00 INFO  : 'con' command is executed.
14:30:00 INFO  : Context for processor 'psu_pmu_0' is selected.
14:30:00 INFO  : 'con' command is executed.
14:30:00 INFO  : ----------------XSDB Script (After Launch)----------------
targets -set -nocase -filter {name =~ "*A53*#0"}
con
targets -set -nocase -filter {name =~ "*R5*#0"}
con
targets -set -nocase -filter {name =~ "MicroBlaze*PMU*"}
con
----------------End of Script----------------

14:30:00 INFO  : Launch script is exported to file 'C:\Users\shaza\Documents\Xilinx_ZCU102\fpga_demo\sdk_v2\appx_system\_ide\scripts\debugger_appx-default_1.tcl'
14:31:51 INFO  : Checking for BSP changes to sync application flags for project 'appx'...
14:32:56 INFO  : Disconnected from the channel tcfchan#6.
14:32:57 INFO  : Connected to target on host '127.0.0.1' and port '3121'.
14:32:57 INFO  : Jtag cable 'Digilent JTAG-SMT2NC 210308B3B53D' is selected.
14:32:57 INFO  : 'jtag frequency' command is executed.
14:32:57 INFO  : Sourcing of 'C:/Xilinx/Vitis/2023.1/scripts/vitis/util/zynqmp_utils.tcl' is done.
14:32:57 INFO  : Context for 'APU' is selected.
14:32:57 INFO  : System reset is completed.
14:33:00 INFO  : 'after 3000' command is executed.
14:33:00 INFO  : 'targets -set -filter {jtag_cable_name =~ "Digilent JTAG-SMT2NC 210308B3B53D" && level==0 && jtag_device_ctx=="jsn-JTAG-SMT2NC-210308B3B53D-24738093-0"}' command is executed.
14:33:16 INFO  : Device configured successfully with "C:/Users/shaza/Documents/Xilinx_ZCU102/fpga_demo/project_shell_v2/bitstreams/top3.bit"
14:33:16 INFO  : Context for 'PSU' is selected.
14:33:16 INFO  : 'catch {disable_pmu_gate}' command is executed.
14:33:16 INFO  : Context for 'APU' is selected.
14:33:25 INFO  : Hardware design and registers information is loaded from 'C:/Users/shaza/Documents/Xilinx_ZCU102/fpga_demo/sdk_v2/FPGA_Demo/export/FPGA_Demo/hw/top_wrapper.xsa'.
14:33:25 INFO  : 'configparams force-mem-access 1' command is executed.
14:33:25 INFO  : Context for 'APU' is selected.
14:33:25 INFO  : Boot mode is read from the target.
14:33:25 INFO  : Context for processor 'psu_cortexr5_0' is selected.
14:33:25 INFO  : Processor reset is completed for 'psu_cortexr5_0'.
14:33:25 INFO  : The application 'C:/Users/shaza/Documents/Xilinx_ZCU102/fpga_demo/sdk_v2/FPGA_Demo/export/FPGA_Demo/sw/FPGA_Demo/boot/fsbl.elf' is downloaded to processor 'psu_cortexr5_0'.
14:33:25 INFO  : 'set bp_33_25_fsbl_bp [bpadd -addr &XFsbl_Exit]' command is executed.
14:33:26 INFO  : 'con -block -timeout 60' command is executed.
14:33:26 INFO  : 'bpremove $bp_33_25_fsbl_bp' command is executed.
14:33:26 INFO  : Context for processor 'psu_cortexa53_0' is selected.
14:33:27 INFO  : Processor reset is completed for 'psu_cortexa53_0'.
14:33:32 INFO  : 'dow -data C:/Users/shaza/Documents/Xilinx_ZCU102/fpga_demo/project_shell_v2/bitstreams/vfpga1_shift_left_partial_icap_bs.bin 0x20000000' command is executed.
14:33:33 INFO  : The application 'C:/Users/shaza/Documents/Xilinx_ZCU102/fpga_demo/sdk_v2/appx/Debug/appx.elf' is downloaded to processor 'psu_cortexa53_0'.
14:33:33 INFO  : Context for processor 'psu_cortexr5_0' is selected.
14:33:33 INFO  : Processor reset is completed for 'psu_cortexr5_0'.
14:33:33 INFO  : The application 'C:/Users/shaza/Documents/Xilinx_ZCU102/fpga_demo/sdk_v2/fpga_ta/Debug/fpga_ta.elf' is downloaded to processor 'psu_cortexr5_0'.
14:33:33 INFO  : Context for processor 'psu_pmu_0' is selected.
14:33:33 INFO  : 'catch {stop}' command is executed.
14:33:34 INFO  : Processor reset is completed for 'psu_pmu_0'.
14:33:34 INFO  : The application 'C:/Users/shaza/Documents/Xilinx_ZCU102/fpga_demo/sdk_v2/FPGA_Demo/export/FPGA_Demo/sw/FPGA_Demo/boot/pmufw.elf' is downloaded to processor 'psu_pmu_0'.
14:33:34 INFO  : 'configparams force-mem-access 0' command is executed.
14:33:34 INFO  : ----------------XSDB Script----------------
connect -url tcp:127.0.0.1:3121
source C:/Xilinx/Vitis/2023.1/scripts/vitis/util/zynqmp_utils.tcl
targets -set -nocase -filter {name =~"APU*"}
rst -system
after 3000
targets -set -filter {jtag_cable_name =~ "Digilent JTAG-SMT2NC 210308B3B53D" && level==0 && jtag_device_ctx=="jsn-JTAG-SMT2NC-210308B3B53D-24738093-0"}
fpga -file C:/Users/shaza/Documents/Xilinx_ZCU102/fpga_demo/project_shell_v2/bitstreams/top3.bit
targets -set -nocase -filter {name =~"PSU*"}
catch {disable_pmu_gate}
targets -set -nocase -filter {name =~"APU*"}
loadhw -hw C:/Users/shaza/Documents/Xilinx_ZCU102/fpga_demo/sdk_v2/FPGA_Demo/export/FPGA_Demo/hw/top_wrapper.xsa -mem-ranges [list {0x80000000 0xbfffffff} {0x400000000 0x5ffffffff} {0x1000000000 0x7fffffffff}] -regs
configparams force-mem-access 1
targets -set -nocase -filter {name =~"APU*"}
set mode [expr [mrd -value 0xFF5E0200] & 0xf]
targets -set -nocase -filter {name =~ "*R5*#0"}
rst -processor
dow C:/Users/shaza/Documents/Xilinx_ZCU102/fpga_demo/sdk_v2/FPGA_Demo/export/FPGA_Demo/sw/FPGA_Demo/boot/fsbl.elf
set bp_33_25_fsbl_bp [bpadd -addr &XFsbl_Exit]
con -block -timeout 60
bpremove $bp_33_25_fsbl_bp
targets -set -nocase -filter {name =~ "*A53*#0"}
rst -processor
dow -data C:/Users/shaza/Documents/Xilinx_ZCU102/fpga_demo/project_shell_v2/bitstreams/vfpga1_shift_left_partial_icap_bs.bin 0x20000000
dow C:/Users/shaza/Documents/Xilinx_ZCU102/fpga_demo/sdk_v2/appx/Debug/appx.elf
targets -set -nocase -filter {name =~ "*R5*#0"}
rst -processor
dow C:/Users/shaza/Documents/Xilinx_ZCU102/fpga_demo/sdk_v2/fpga_ta/Debug/fpga_ta.elf
targets -set -nocase -filter {name =~ "MicroBlaze*PMU*"}
catch {stop}
rst -processor
dow C:/Users/shaza/Documents/Xilinx_ZCU102/fpga_demo/sdk_v2/FPGA_Demo/export/FPGA_Demo/sw/FPGA_Demo/boot/pmufw.elf
configparams force-mem-access 0
----------------End of Script----------------

14:33:34 INFO  : Context for processor 'psu_cortexa53_0' is selected.
14:33:34 INFO  : 'con' command is executed.
14:33:34 INFO  : Context for processor 'psu_cortexr5_0' is selected.
14:33:34 INFO  : 'con' command is executed.
14:33:34 INFO  : Context for processor 'psu_pmu_0' is selected.
14:33:34 INFO  : 'con' command is executed.
14:33:34 INFO  : ----------------XSDB Script (After Launch)----------------
targets -set -nocase -filter {name =~ "*A53*#0"}
con
targets -set -nocase -filter {name =~ "*R5*#0"}
con
targets -set -nocase -filter {name =~ "MicroBlaze*PMU*"}
con
----------------End of Script----------------

14:33:34 INFO  : Launch script is exported to file 'C:\Users\shaza\Documents\Xilinx_ZCU102\fpga_demo\sdk_v2\appx_system\_ide\scripts\debugger_appx-default_1.tcl'
14:37:31 INFO  : Checking for BSP changes to sync application flags for project 'fpga_ta'...
14:37:38 INFO  : Checking for BSP changes to sync application flags for project 'appx'...
14:38:16 INFO  : Disconnected from the channel tcfchan#7.
14:38:17 INFO  : Connected to target on host '127.0.0.1' and port '3121'.
14:38:17 INFO  : Jtag cable 'Digilent JTAG-SMT2NC 210308B3B53D' is selected.
14:38:17 INFO  : 'jtag frequency' command is executed.
14:38:17 INFO  : Sourcing of 'C:/Xilinx/Vitis/2023.1/scripts/vitis/util/zynqmp_utils.tcl' is done.
14:38:17 INFO  : Context for 'APU' is selected.
14:38:18 INFO  : System reset is completed.
14:38:21 INFO  : 'after 3000' command is executed.
14:38:21 INFO  : 'targets -set -filter {jtag_cable_name =~ "Digilent JTAG-SMT2NC 210308B3B53D" && level==0 && jtag_device_ctx=="jsn-JTAG-SMT2NC-210308B3B53D-24738093-0"}' command is executed.
14:38:36 INFO  : Device configured successfully with "C:/Users/shaza/Documents/Xilinx_ZCU102/fpga_demo/project_shell_v2/bitstreams/top3.bit"
14:38:36 INFO  : Context for 'PSU' is selected.
14:38:36 INFO  : 'catch {disable_pmu_gate}' command is executed.
14:38:36 INFO  : Context for 'APU' is selected.
14:38:46 INFO  : Hardware design and registers information is loaded from 'C:/Users/shaza/Documents/Xilinx_ZCU102/fpga_demo/sdk_v2/FPGA_Demo/export/FPGA_Demo/hw/top_wrapper.xsa'.
14:38:46 INFO  : 'configparams force-mem-access 1' command is executed.
14:38:46 INFO  : Context for 'APU' is selected.
14:38:46 INFO  : Boot mode is read from the target.
14:38:46 INFO  : Context for processor 'psu_cortexr5_0' is selected.
14:38:46 INFO  : Processor reset is completed for 'psu_cortexr5_0'.
14:38:46 INFO  : The application 'C:/Users/shaza/Documents/Xilinx_ZCU102/fpga_demo/sdk_v2/FPGA_Demo/export/FPGA_Demo/sw/FPGA_Demo/boot/fsbl.elf' is downloaded to processor 'psu_cortexr5_0'.
14:38:46 INFO  : 'set bp_38_46_fsbl_bp [bpadd -addr &XFsbl_Exit]' command is executed.
14:38:47 INFO  : 'con -block -timeout 60' command is executed.
14:38:47 INFO  : 'bpremove $bp_38_46_fsbl_bp' command is executed.
14:38:47 INFO  : Context for processor 'psu_cortexa53_0' is selected.
14:38:47 INFO  : Processor reset is completed for 'psu_cortexa53_0'.
14:38:53 INFO  : 'dow -data C:/Users/shaza/Documents/Xilinx_ZCU102/fpga_demo/project_shell_v2/bitstreams/vfpga1_shift_left_partial_icap_bs.bin 0x20000000' command is executed.
14:38:54 INFO  : The application 'C:/Users/shaza/Documents/Xilinx_ZCU102/fpga_demo/sdk_v2/appx/Debug/appx.elf' is downloaded to processor 'psu_cortexa53_0'.
14:38:54 INFO  : Context for processor 'psu_cortexr5_0' is selected.
14:38:54 INFO  : Processor reset is completed for 'psu_cortexr5_0'.
14:38:54 INFO  : The application 'C:/Users/shaza/Documents/Xilinx_ZCU102/fpga_demo/sdk_v2/fpga_ta/Debug/fpga_ta.elf' is downloaded to processor 'psu_cortexr5_0'.
14:38:54 INFO  : Context for processor 'psu_pmu_0' is selected.
14:38:54 INFO  : 'catch {stop}' command is executed.
14:38:55 INFO  : Processor reset is completed for 'psu_pmu_0'.
14:38:55 INFO  : The application 'C:/Users/shaza/Documents/Xilinx_ZCU102/fpga_demo/sdk_v2/FPGA_Demo/export/FPGA_Demo/sw/FPGA_Demo/boot/pmufw.elf' is downloaded to processor 'psu_pmu_0'.
14:38:55 INFO  : 'configparams force-mem-access 0' command is executed.
14:38:55 INFO  : ----------------XSDB Script----------------
connect -url tcp:127.0.0.1:3121
source C:/Xilinx/Vitis/2023.1/scripts/vitis/util/zynqmp_utils.tcl
targets -set -nocase -filter {name =~"APU*"}
rst -system
after 3000
targets -set -filter {jtag_cable_name =~ "Digilent JTAG-SMT2NC 210308B3B53D" && level==0 && jtag_device_ctx=="jsn-JTAG-SMT2NC-210308B3B53D-24738093-0"}
fpga -file C:/Users/shaza/Documents/Xilinx_ZCU102/fpga_demo/project_shell_v2/bitstreams/top3.bit
targets -set -nocase -filter {name =~"PSU*"}
catch {disable_pmu_gate}
targets -set -nocase -filter {name =~"APU*"}
loadhw -hw C:/Users/shaza/Documents/Xilinx_ZCU102/fpga_demo/sdk_v2/FPGA_Demo/export/FPGA_Demo/hw/top_wrapper.xsa -mem-ranges [list {0x80000000 0xbfffffff} {0x400000000 0x5ffffffff} {0x1000000000 0x7fffffffff}] -regs
configparams force-mem-access 1
targets -set -nocase -filter {name =~"APU*"}
set mode [expr [mrd -value 0xFF5E0200] & 0xf]
targets -set -nocase -filter {name =~ "*R5*#0"}
rst -processor
dow C:/Users/shaza/Documents/Xilinx_ZCU102/fpga_demo/sdk_v2/FPGA_Demo/export/FPGA_Demo/sw/FPGA_Demo/boot/fsbl.elf
set bp_38_46_fsbl_bp [bpadd -addr &XFsbl_Exit]
con -block -timeout 60
bpremove $bp_38_46_fsbl_bp
targets -set -nocase -filter {name =~ "*A53*#0"}
rst -processor
dow -data C:/Users/shaza/Documents/Xilinx_ZCU102/fpga_demo/project_shell_v2/bitstreams/vfpga1_shift_left_partial_icap_bs.bin 0x20000000
dow C:/Users/shaza/Documents/Xilinx_ZCU102/fpga_demo/sdk_v2/appx/Debug/appx.elf
targets -set -nocase -filter {name =~ "*R5*#0"}
rst -processor
dow C:/Users/shaza/Documents/Xilinx_ZCU102/fpga_demo/sdk_v2/fpga_ta/Debug/fpga_ta.elf
targets -set -nocase -filter {name =~ "MicroBlaze*PMU*"}
catch {stop}
rst -processor
dow C:/Users/shaza/Documents/Xilinx_ZCU102/fpga_demo/sdk_v2/FPGA_Demo/export/FPGA_Demo/sw/FPGA_Demo/boot/pmufw.elf
configparams force-mem-access 0
----------------End of Script----------------

14:38:55 INFO  : Context for processor 'psu_cortexa53_0' is selected.
14:38:55 INFO  : 'con' command is executed.
14:38:55 INFO  : Context for processor 'psu_cortexr5_0' is selected.
14:38:55 INFO  : 'con' command is executed.
14:38:55 INFO  : Context for processor 'psu_pmu_0' is selected.
14:38:55 INFO  : 'con' command is executed.
14:38:55 INFO  : ----------------XSDB Script (After Launch)----------------
targets -set -nocase -filter {name =~ "*A53*#0"}
con
targets -set -nocase -filter {name =~ "*R5*#0"}
con
targets -set -nocase -filter {name =~ "MicroBlaze*PMU*"}
con
----------------End of Script----------------

14:38:55 INFO  : Launch script is exported to file 'C:\Users\shaza\Documents\Xilinx_ZCU102\fpga_demo\sdk_v2\appx_system\_ide\scripts\debugger_appx-default_1.tcl'
14:39:35 INFO  : Disconnected from the channel tcfchan#8.
14:39:36 INFO  : Connected to target on host '127.0.0.1' and port '3121'.
14:39:45 INFO  : ----------------XSDB Script----------------
connect -url tcp:127.0.0.1:3121
----------------End of Script----------------

14:39:45 ERROR : Could not find ARM device on the board for connection 'Local'.
Check if the target is in:
1. Split JTAG - No operations are possible with ARM DAP.
2. Non JTAG bootmode - Bootrom may need time to enable DAP.
Please try again.


Troubleshooting hints:
1. Check whether board is connected to system properly.
2. In case of zynq board, check whether Digilent/Xilinx cable switch settings are correct.
3. If you are using Xilinx Platform Cable USB, ensure that status LED is green.
14:40:04 INFO  : Connected to target on host '127.0.0.1' and port '3121'.
14:40:05 INFO  : Jtag cable 'Digilent JTAG-SMT2NC 210308B3B53D' is selected.
14:40:05 INFO  : 'jtag frequency' command is executed.
14:40:05 INFO  : Sourcing of 'C:/Xilinx/Vitis/2023.1/scripts/vitis/util/zynqmp_utils.tcl' is done.
14:40:05 INFO  : Context for 'APU' is selected.
14:40:05 INFO  : System reset is completed.
14:40:08 INFO  : 'after 3000' command is executed.
14:40:08 INFO  : 'targets -set -filter {jtag_cable_name =~ "Digilent JTAG-SMT2NC 210308B3B53D" && level==0 && jtag_device_ctx=="jsn-JTAG-SMT2NC-210308B3B53D-24738093-0"}' command is executed.
14:40:23 INFO  : Device configured successfully with "C:/Users/shaza/Documents/Xilinx_ZCU102/fpga_demo/project_shell_v2/bitstreams/top3.bit"
14:40:23 INFO  : Context for 'PSU' is selected.
14:40:23 INFO  : 'catch {disable_pmu_gate}' command is executed.
14:40:23 INFO  : Context for 'APU' is selected.
14:40:33 INFO  : Hardware design and registers information is loaded from 'C:/Users/shaza/Documents/Xilinx_ZCU102/fpga_demo/sdk_v2/FPGA_Demo/export/FPGA_Demo/hw/top_wrapper.xsa'.
14:40:33 INFO  : 'configparams force-mem-access 1' command is executed.
14:40:33 INFO  : Context for 'APU' is selected.
14:40:33 INFO  : Boot mode is read from the target.
14:40:33 INFO  : Context for processor 'psu_cortexr5_0' is selected.
14:40:33 INFO  : Processor reset is completed for 'psu_cortexr5_0'.
14:40:34 INFO  : The application 'C:/Users/shaza/Documents/Xilinx_ZCU102/fpga_demo/sdk_v2/FPGA_Demo/export/FPGA_Demo/sw/FPGA_Demo/boot/fsbl.elf' is downloaded to processor 'psu_cortexr5_0'.
14:40:34 INFO  : 'set bp_40_34_fsbl_bp [bpadd -addr &XFsbl_Exit]' command is executed.
14:40:35 INFO  : 'con -block -timeout 60' command is executed.
14:40:35 INFO  : 'bpremove $bp_40_34_fsbl_bp' command is executed.
14:40:35 INFO  : Context for processor 'psu_cortexa53_0' is selected.
14:40:35 INFO  : Processor reset is completed for 'psu_cortexa53_0'.
14:40:40 INFO  : 'dow -data C:/Users/shaza/Documents/Xilinx_ZCU102/fpga_demo/project_shell_v2/bitstreams/vfpga1_shift_left_partial_icap_bs.bin 0x20000000' command is executed.
14:40:41 INFO  : The application 'C:/Users/shaza/Documents/Xilinx_ZCU102/fpga_demo/sdk_v2/appx/Debug/appx.elf' is downloaded to processor 'psu_cortexa53_0'.
14:40:41 INFO  : Context for processor 'psu_cortexr5_0' is selected.
14:40:41 INFO  : Processor reset is completed for 'psu_cortexr5_0'.
14:40:42 INFO  : The application 'C:/Users/shaza/Documents/Xilinx_ZCU102/fpga_demo/sdk_v2/fpga_ta/Debug/fpga_ta.elf' is downloaded to processor 'psu_cortexr5_0'.
14:40:42 INFO  : Context for processor 'psu_pmu_0' is selected.
14:40:42 INFO  : 'catch {stop}' command is executed.
14:40:42 INFO  : Processor reset is completed for 'psu_pmu_0'.
14:40:42 INFO  : The application 'C:/Users/shaza/Documents/Xilinx_ZCU102/fpga_demo/sdk_v2/FPGA_Demo/export/FPGA_Demo/sw/FPGA_Demo/boot/pmufw.elf' is downloaded to processor 'psu_pmu_0'.
14:40:42 INFO  : 'configparams force-mem-access 0' command is executed.
14:40:42 INFO  : ----------------XSDB Script----------------
connect -url tcp:127.0.0.1:3121
source C:/Xilinx/Vitis/2023.1/scripts/vitis/util/zynqmp_utils.tcl
targets -set -nocase -filter {name =~"APU*"}
rst -system
after 3000
targets -set -filter {jtag_cable_name =~ "Digilent JTAG-SMT2NC 210308B3B53D" && level==0 && jtag_device_ctx=="jsn-JTAG-SMT2NC-210308B3B53D-24738093-0"}
fpga -file C:/Users/shaza/Documents/Xilinx_ZCU102/fpga_demo/project_shell_v2/bitstreams/top3.bit
targets -set -nocase -filter {name =~"PSU*"}
catch {disable_pmu_gate}
targets -set -nocase -filter {name =~"APU*"}
loadhw -hw C:/Users/shaza/Documents/Xilinx_ZCU102/fpga_demo/sdk_v2/FPGA_Demo/export/FPGA_Demo/hw/top_wrapper.xsa -mem-ranges [list {0x80000000 0xbfffffff} {0x400000000 0x5ffffffff} {0x1000000000 0x7fffffffff}] -regs
configparams force-mem-access 1
targets -set -nocase -filter {name =~"APU*"}
set mode [expr [mrd -value 0xFF5E0200] & 0xf]
targets -set -nocase -filter {name =~ "*R5*#0"}
rst -processor
dow C:/Users/shaza/Documents/Xilinx_ZCU102/fpga_demo/sdk_v2/FPGA_Demo/export/FPGA_Demo/sw/FPGA_Demo/boot/fsbl.elf
set bp_40_34_fsbl_bp [bpadd -addr &XFsbl_Exit]
con -block -timeout 60
bpremove $bp_40_34_fsbl_bp
targets -set -nocase -filter {name =~ "*A53*#0"}
rst -processor
dow -data C:/Users/shaza/Documents/Xilinx_ZCU102/fpga_demo/project_shell_v2/bitstreams/vfpga1_shift_left_partial_icap_bs.bin 0x20000000
dow C:/Users/shaza/Documents/Xilinx_ZCU102/fpga_demo/sdk_v2/appx/Debug/appx.elf
targets -set -nocase -filter {name =~ "*R5*#0"}
rst -processor
dow C:/Users/shaza/Documents/Xilinx_ZCU102/fpga_demo/sdk_v2/fpga_ta/Debug/fpga_ta.elf
targets -set -nocase -filter {name =~ "MicroBlaze*PMU*"}
catch {stop}
rst -processor
dow C:/Users/shaza/Documents/Xilinx_ZCU102/fpga_demo/sdk_v2/FPGA_Demo/export/FPGA_Demo/sw/FPGA_Demo/boot/pmufw.elf
configparams force-mem-access 0
----------------End of Script----------------

14:40:43 INFO  : Context for processor 'psu_cortexa53_0' is selected.
14:40:43 INFO  : 'con' command is executed.
14:40:43 INFO  : Context for processor 'psu_cortexr5_0' is selected.
14:40:43 INFO  : 'con' command is executed.
14:40:43 INFO  : Context for processor 'psu_pmu_0' is selected.
14:40:43 INFO  : 'con' command is executed.
14:40:43 INFO  : ----------------XSDB Script (After Launch)----------------
targets -set -nocase -filter {name =~ "*A53*#0"}
con
targets -set -nocase -filter {name =~ "*R5*#0"}
con
targets -set -nocase -filter {name =~ "MicroBlaze*PMU*"}
con
----------------End of Script----------------

14:40:43 INFO  : Launch script is exported to file 'C:\Users\shaza\Documents\Xilinx_ZCU102\fpga_demo\sdk_v2\appx_system\_ide\scripts\debugger_appx-default_1.tcl'
14:41:15 INFO  : Disconnected from the channel tcfchan#9.
14:41:16 INFO  : Connected to target on host '127.0.0.1' and port '3121'.
14:41:17 INFO  : Jtag cable 'Digilent JTAG-SMT2NC 210308B3B53D' is selected.
14:41:17 INFO  : 'jtag frequency' command is executed.
14:41:17 INFO  : Sourcing of 'C:/Xilinx/Vitis/2023.1/scripts/vitis/util/zynqmp_utils.tcl' is done.
14:41:17 INFO  : Context for 'APU' is selected.
14:41:17 INFO  : System reset is completed.
14:41:20 INFO  : 'after 3000' command is executed.
14:41:20 INFO  : 'targets -set -filter {jtag_cable_name =~ "Digilent JTAG-SMT2NC 210308B3B53D" && level==0 && jtag_device_ctx=="jsn-JTAG-SMT2NC-210308B3B53D-24738093-0"}' command is executed.
14:41:35 INFO  : Device configured successfully with "C:/Users/shaza/Documents/Xilinx_ZCU102/fpga_demo/project_shell_v2/bitstreams/top3.bit"
14:41:35 INFO  : Context for 'PSU' is selected.
14:41:35 INFO  : 'catch {disable_pmu_gate}' command is executed.
14:41:35 INFO  : Context for 'APU' is selected.
14:41:45 INFO  : Hardware design and registers information is loaded from 'C:/Users/shaza/Documents/Xilinx_ZCU102/fpga_demo/sdk_v2/FPGA_Demo/export/FPGA_Demo/hw/top_wrapper.xsa'.
14:41:45 INFO  : 'configparams force-mem-access 1' command is executed.
14:41:45 INFO  : Context for 'APU' is selected.
14:41:45 INFO  : Boot mode is read from the target.
14:41:45 INFO  : Context for processor 'psu_cortexr5_0' is selected.
14:41:45 INFO  : Processor reset is completed for 'psu_cortexr5_0'.
14:41:46 INFO  : The application 'C:/Users/shaza/Documents/Xilinx_ZCU102/fpga_demo/sdk_v2/FPGA_Demo/export/FPGA_Demo/sw/FPGA_Demo/boot/fsbl.elf' is downloaded to processor 'psu_cortexr5_0'.
14:41:46 INFO  : 'set bp_41_46_fsbl_bp [bpadd -addr &XFsbl_Exit]' command is executed.
14:41:47 INFO  : 'con -block -timeout 60' command is executed.
14:41:47 INFO  : 'bpremove $bp_41_46_fsbl_bp' command is executed.
14:41:47 INFO  : Context for processor 'psu_cortexa53_0' is selected.
14:41:47 INFO  : Processor reset is completed for 'psu_cortexa53_0'.
14:41:52 INFO  : 'dow -data C:/Users/shaza/Documents/Xilinx_ZCU102/fpga_demo/project_shell_v2/bitstreams/vfpga1_shift_left_partial_icap_bs.bin 0x20000000' command is executed.
14:41:53 INFO  : The application 'C:/Users/shaza/Documents/Xilinx_ZCU102/fpga_demo/sdk_v2/appx/Debug/appx.elf' is downloaded to processor 'psu_cortexa53_0'.
14:41:53 INFO  : Context for processor 'psu_cortexr5_0' is selected.
14:41:53 INFO  : Processor reset is completed for 'psu_cortexr5_0'.
14:41:54 INFO  : The application 'C:/Users/shaza/Documents/Xilinx_ZCU102/fpga_demo/sdk_v2/fpga_ta/Debug/fpga_ta.elf' is downloaded to processor 'psu_cortexr5_0'.
14:41:54 INFO  : Context for processor 'psu_pmu_0' is selected.
14:41:54 INFO  : 'catch {stop}' command is executed.
14:41:54 INFO  : Processor reset is completed for 'psu_pmu_0'.
14:41:54 INFO  : The application 'C:/Users/shaza/Documents/Xilinx_ZCU102/fpga_demo/sdk_v2/FPGA_Demo/export/FPGA_Demo/sw/FPGA_Demo/boot/pmufw.elf' is downloaded to processor 'psu_pmu_0'.
14:41:54 INFO  : 'configparams force-mem-access 0' command is executed.
14:41:54 INFO  : ----------------XSDB Script----------------
connect -url tcp:127.0.0.1:3121
source C:/Xilinx/Vitis/2023.1/scripts/vitis/util/zynqmp_utils.tcl
targets -set -nocase -filter {name =~"APU*"}
rst -system
after 3000
targets -set -filter {jtag_cable_name =~ "Digilent JTAG-SMT2NC 210308B3B53D" && level==0 && jtag_device_ctx=="jsn-JTAG-SMT2NC-210308B3B53D-24738093-0"}
fpga -file C:/Users/shaza/Documents/Xilinx_ZCU102/fpga_demo/project_shell_v2/bitstreams/top3.bit
targets -set -nocase -filter {name =~"PSU*"}
catch {disable_pmu_gate}
targets -set -nocase -filter {name =~"APU*"}
loadhw -hw C:/Users/shaza/Documents/Xilinx_ZCU102/fpga_demo/sdk_v2/FPGA_Demo/export/FPGA_Demo/hw/top_wrapper.xsa -mem-ranges [list {0x80000000 0xbfffffff} {0x400000000 0x5ffffffff} {0x1000000000 0x7fffffffff}] -regs
configparams force-mem-access 1
targets -set -nocase -filter {name =~"APU*"}
set mode [expr [mrd -value 0xFF5E0200] & 0xf]
targets -set -nocase -filter {name =~ "*R5*#0"}
rst -processor
dow C:/Users/shaza/Documents/Xilinx_ZCU102/fpga_demo/sdk_v2/FPGA_Demo/export/FPGA_Demo/sw/FPGA_Demo/boot/fsbl.elf
set bp_41_46_fsbl_bp [bpadd -addr &XFsbl_Exit]
con -block -timeout 60
bpremove $bp_41_46_fsbl_bp
targets -set -nocase -filter {name =~ "*A53*#0"}
rst -processor
dow -data C:/Users/shaza/Documents/Xilinx_ZCU102/fpga_demo/project_shell_v2/bitstreams/vfpga1_shift_left_partial_icap_bs.bin 0x20000000
dow C:/Users/shaza/Documents/Xilinx_ZCU102/fpga_demo/sdk_v2/appx/Debug/appx.elf
targets -set -nocase -filter {name =~ "*R5*#0"}
rst -processor
dow C:/Users/shaza/Documents/Xilinx_ZCU102/fpga_demo/sdk_v2/fpga_ta/Debug/fpga_ta.elf
targets -set -nocase -filter {name =~ "MicroBlaze*PMU*"}
catch {stop}
rst -processor
dow C:/Users/shaza/Documents/Xilinx_ZCU102/fpga_demo/sdk_v2/FPGA_Demo/export/FPGA_Demo/sw/FPGA_Demo/boot/pmufw.elf
configparams force-mem-access 0
----------------End of Script----------------

14:41:54 INFO  : Context for processor 'psu_cortexa53_0' is selected.
14:41:54 INFO  : 'con' command is executed.
14:41:54 INFO  : Context for processor 'psu_cortexr5_0' is selected.
14:41:55 INFO  : 'con' command is executed.
14:41:55 INFO  : Context for processor 'psu_pmu_0' is selected.
14:41:55 INFO  : 'con' command is executed.
14:41:55 INFO  : ----------------XSDB Script (After Launch)----------------
targets -set -nocase -filter {name =~ "*A53*#0"}
con
targets -set -nocase -filter {name =~ "*R5*#0"}
con
targets -set -nocase -filter {name =~ "MicroBlaze*PMU*"}
con
----------------End of Script----------------

14:41:55 INFO  : Launch script is exported to file 'C:\Users\shaza\Documents\Xilinx_ZCU102\fpga_demo\sdk_v2\appx_system\_ide\scripts\debugger_appx-default_1.tcl'
14:43:22 INFO  : Checking for BSP changes to sync application flags for project 'appx'...
08:46:29 INFO  : Disconnected from the channel tcfchan#10.
08:46:30 INFO  : Connected to target on host '127.0.0.1' and port '3121'.
08:46:39 INFO  : ----------------XSDB Script----------------
connect -url tcp:127.0.0.1:3121
----------------End of Script----------------

08:46:39 ERROR : Could not find ARM device on the board for connection 'Local'.
Check if the target is in:
1. Split JTAG - No operations are possible with ARM DAP.
2. Non JTAG bootmode - Bootrom may need time to enable DAP.
Please try again.


Troubleshooting hints:
1. Check whether board is connected to system properly.
2. In case of zynq board, check whether Digilent/Xilinx cable switch settings are correct.
3. If you are using Xilinx Platform Cable USB, ensure that status LED is green.
08:46:52 INFO  : Connected to target on host '127.0.0.1' and port '3121'.
08:46:52 INFO  : Jtag cable 'Digilent JTAG-SMT2NC 210308B3B53D' is selected.
08:46:52 INFO  : 'jtag frequency' command is executed.
08:46:52 INFO  : Sourcing of 'C:/Xilinx/Vitis/2023.1/scripts/vitis/util/zynqmp_utils.tcl' is done.
08:46:52 INFO  : Context for 'APU' is selected.
08:46:52 INFO  : System reset is completed.
08:46:55 INFO  : 'after 3000' command is executed.
08:46:56 INFO  : 'targets -set -filter {jtag_cable_name =~ "Digilent JTAG-SMT2NC 210308B3B53D" && level==0 && jtag_device_ctx=="jsn-JTAG-SMT2NC-210308B3B53D-24738093-0"}' command is executed.
08:47:11 INFO  : Device configured successfully with "C:/Users/shaza/Documents/Xilinx_ZCU102/fpga_demo/project_shell_v2/bitstreams/top3.bit"
08:47:11 INFO  : Context for 'PSU' is selected.
08:47:11 INFO  : 'catch {disable_pmu_gate}' command is executed.
08:47:11 INFO  : Context for 'APU' is selected.
08:47:19 INFO  : Hardware design and registers information is loaded from 'C:/Users/shaza/Documents/Xilinx_ZCU102/fpga_demo/sdk_v2/FPGA_Demo/export/FPGA_Demo/hw/top_wrapper.xsa'.
08:47:19 INFO  : 'configparams force-mem-access 1' command is executed.
08:47:19 INFO  : Context for 'APU' is selected.
08:47:19 INFO  : Boot mode is read from the target.
08:47:19 INFO  : Context for processor 'psu_cortexr5_0' is selected.
08:47:19 INFO  : Processor reset is completed for 'psu_cortexr5_0'.
08:47:19 INFO  : The application 'C:/Users/shaza/Documents/Xilinx_ZCU102/fpga_demo/sdk_v2/FPGA_Demo/export/FPGA_Demo/sw/FPGA_Demo/boot/fsbl.elf' is downloaded to processor 'psu_cortexr5_0'.
08:47:19 INFO  : 'set bp_47_19_fsbl_bp [bpadd -addr &XFsbl_Exit]' command is executed.
08:47:20 INFO  : 'con -block -timeout 60' command is executed.
08:47:20 INFO  : 'bpremove $bp_47_19_fsbl_bp' command is executed.
08:47:20 INFO  : Context for processor 'psu_cortexa53_0' is selected.
08:47:20 INFO  : Processor reset is completed for 'psu_cortexa53_0'.
08:47:26 INFO  : 'dow -data C:/Users/shaza/Documents/Xilinx_ZCU102/fpga_demo/project_shell_v2/bitstreams/vfpga1_shift_left_partial_icap_bs.bin 0x20000000' command is executed.
08:47:27 INFO  : The application 'C:/Users/shaza/Documents/Xilinx_ZCU102/fpga_demo/sdk_v2/appx/Debug/appx.elf' is downloaded to processor 'psu_cortexa53_0'.
08:47:27 INFO  : Context for processor 'psu_cortexr5_0' is selected.
08:47:27 INFO  : Processor reset is completed for 'psu_cortexr5_0'.
08:47:27 INFO  : The application 'C:/Users/shaza/Documents/Xilinx_ZCU102/fpga_demo/sdk_v2/fpga_ta/Debug/fpga_ta.elf' is downloaded to processor 'psu_cortexr5_0'.
08:47:28 INFO  : Context for processor 'psu_pmu_0' is selected.
08:47:28 INFO  : 'catch {stop}' command is executed.
08:47:28 INFO  : Processor reset is completed for 'psu_pmu_0'.
08:47:28 INFO  : The application 'C:/Users/shaza/Documents/Xilinx_ZCU102/fpga_demo/sdk_v2/FPGA_Demo/export/FPGA_Demo/sw/FPGA_Demo/boot/pmufw.elf' is downloaded to processor 'psu_pmu_0'.
08:47:28 INFO  : 'configparams force-mem-access 0' command is executed.
08:47:28 INFO  : ----------------XSDB Script----------------
connect -url tcp:127.0.0.1:3121
source C:/Xilinx/Vitis/2023.1/scripts/vitis/util/zynqmp_utils.tcl
targets -set -nocase -filter {name =~"APU*"}
rst -system
after 3000
targets -set -filter {jtag_cable_name =~ "Digilent JTAG-SMT2NC 210308B3B53D" && level==0 && jtag_device_ctx=="jsn-JTAG-SMT2NC-210308B3B53D-24738093-0"}
fpga -file C:/Users/shaza/Documents/Xilinx_ZCU102/fpga_demo/project_shell_v2/bitstreams/top3.bit
targets -set -nocase -filter {name =~"PSU*"}
catch {disable_pmu_gate}
targets -set -nocase -filter {name =~"APU*"}
loadhw -hw C:/Users/shaza/Documents/Xilinx_ZCU102/fpga_demo/sdk_v2/FPGA_Demo/export/FPGA_Demo/hw/top_wrapper.xsa -mem-ranges [list {0x80000000 0xbfffffff} {0x400000000 0x5ffffffff} {0x1000000000 0x7fffffffff}] -regs
configparams force-mem-access 1
targets -set -nocase -filter {name =~"APU*"}
set mode [expr [mrd -value 0xFF5E0200] & 0xf]
targets -set -nocase -filter {name =~ "*R5*#0"}
rst -processor
dow C:/Users/shaza/Documents/Xilinx_ZCU102/fpga_demo/sdk_v2/FPGA_Demo/export/FPGA_Demo/sw/FPGA_Demo/boot/fsbl.elf
set bp_47_19_fsbl_bp [bpadd -addr &XFsbl_Exit]
con -block -timeout 60
bpremove $bp_47_19_fsbl_bp
targets -set -nocase -filter {name =~ "*A53*#0"}
rst -processor
dow -data C:/Users/shaza/Documents/Xilinx_ZCU102/fpga_demo/project_shell_v2/bitstreams/vfpga1_shift_left_partial_icap_bs.bin 0x20000000
dow C:/Users/shaza/Documents/Xilinx_ZCU102/fpga_demo/sdk_v2/appx/Debug/appx.elf
targets -set -nocase -filter {name =~ "*R5*#0"}
rst -processor
dow C:/Users/shaza/Documents/Xilinx_ZCU102/fpga_demo/sdk_v2/fpga_ta/Debug/fpga_ta.elf
targets -set -nocase -filter {name =~ "MicroBlaze*PMU*"}
catch {stop}
rst -processor
dow C:/Users/shaza/Documents/Xilinx_ZCU102/fpga_demo/sdk_v2/FPGA_Demo/export/FPGA_Demo/sw/FPGA_Demo/boot/pmufw.elf
configparams force-mem-access 0
----------------End of Script----------------

08:47:28 INFO  : Context for processor 'psu_cortexa53_0' is selected.
08:47:28 INFO  : 'con' command is executed.
08:47:28 INFO  : Context for processor 'psu_cortexr5_0' is selected.
08:47:28 INFO  : 'con' command is executed.
08:47:28 INFO  : Context for processor 'psu_pmu_0' is selected.
08:47:28 INFO  : 'con' command is executed.
08:47:28 INFO  : ----------------XSDB Script (After Launch)----------------
targets -set -nocase -filter {name =~ "*A53*#0"}
con
targets -set -nocase -filter {name =~ "*R5*#0"}
con
targets -set -nocase -filter {name =~ "MicroBlaze*PMU*"}
con
----------------End of Script----------------

08:47:28 INFO  : Launch script is exported to file 'C:\Users\shaza\Documents\Xilinx_ZCU102\fpga_demo\sdk_v2\appx_system\_ide\scripts\debugger_appx-default_1.tcl'
08:52:16 INFO  : Checking for BSP changes to sync application flags for project 'fpga_ta'...
14:09:23 INFO  : Disconnected from the channel tcfchan#11.
14:10:34 DEBUG : Logs will be stored at 'C:/Users/shaza/Documents/Xilinx_ZCU102/fpga_demo/sdk_v2/IDE.log'.
14:10:35 INFO  : Launching XSCT server: xsct.bat -n  -interactive C:\Users\shaza\Documents\Xilinx_ZCU102\fpga_demo\sdk_v2\temp_xsdb_launch_script.tcl
14:10:39 INFO  : Registering command handlers for Vitis TCF services
14:10:40 INFO  : XSCT server has started successfully.
14:10:40 INFO  : plnx-install-location is set to ''
14:10:40 INFO  : Platform repository initialization has completed.
14:10:45 INFO  : Successfully done setting XSCT server connection channel  
14:10:45 INFO  : Successfully done query RDI_DATADIR 
14:10:45 INFO  : Successfully done setting workspace for the tool. 
14:35:00 INFO  : Connected to target on host '127.0.0.1' and port '3121'.
14:35:00 INFO  : Connected to target on host '127.0.0.1' and port '3121'.
14:35:01 INFO  : Jtag cable 'Digilent JTAG-SMT2NC 210308B3B53D' is selected.
14:35:01 INFO  : 'jtag frequency' command is executed.
14:35:01 INFO  : Jtag cable 'Digilent JTAG-SMT2NC 210308B3B53D' is selected.
14:35:01 INFO  : Sourcing of 'C:/Xilinx/Vitis/2023.1/scripts/vitis/util/zynqmp_utils.tcl' is done.
14:35:01 INFO  : 'jtag frequency' command is executed.
14:35:01 INFO  : Context for 'APU' is selected.
14:35:01 INFO  : Sourcing of 'C:/Xilinx/Vitis/2023.1/scripts/vitis/util/zynqmp_utils.tcl' is done.
14:35:02 INFO  : System reset is completed.
14:35:02 INFO  : Context for 'APU' is selected.
14:35:05 INFO  : 'after 3000' command is executed.
14:35:05 INFO  : System reset is completed.
14:35:08 INFO  : 'after 3000' command is executed.
14:35:08 INFO  : 'targets -set -filter {jtag_cable_name =~ "Digilent JTAG-SMT2NC 210308B3B53D" && level==0 && jtag_device_ctx=="jsn-JTAG-SMT2NC-210308B3B53D-24738093-0"}' command is executed.
14:35:23 INFO  : Device configured successfully with "C:/Users/shaza/Documents/Xilinx_ZCU102/fpga_demo/project_shell_v2/bitstreams/top3.bit"
14:35:23 INFO  : 'targets -set -filter {jtag_cable_name =~ "Digilent JTAG-SMT2NC 210308B3B53D" && level==0 && jtag_device_ctx=="jsn-JTAG-SMT2NC-210308B3B53D-24738093-0"}' command is executed.
14:35:38 INFO  : Device configured successfully with "C:/Users/shaza/Documents/Xilinx_ZCU102/fpga_demo/project_shell_v2/bitstreams/top3.bit"
14:35:38 INFO  : Context for 'PSU' is selected.
14:35:38 INFO  : 'catch {disable_pmu_gate}' command is executed.
14:35:38 INFO  : Context for 'APU' is selected.
14:35:39 INFO  : Hardware design and registers information is loaded from 'C:/Users/shaza/Documents/Xilinx_ZCU102/fpga_demo/sdk_v2/FPGA_Demo/export/FPGA_Demo/hw/top_wrapper.xsa'.
14:35:39 INFO  : Context for 'PSU' is selected.
14:35:39 INFO  : 'configparams force-mem-access 1' command is executed.
14:35:39 INFO  : 'catch {disable_pmu_gate}' command is executed.
14:35:39 INFO  : Context for 'APU' is selected.
14:35:39 INFO  : Hardware design and registers information is loaded from 'C:/Users/shaza/Documents/Xilinx_ZCU102/fpga_demo/sdk_v2/FPGA_Demo/export/FPGA_Demo/hw/top_wrapper.xsa'.
14:35:39 INFO  : Context for 'APU' is selected.
14:35:39 INFO  : 'configparams force-mem-access 1' command is executed.
14:35:39 INFO  : Boot mode is read from the target.
14:35:39 INFO  : Context for processor 'psu_cortexr5_0' is selected.
14:35:39 INFO  : Processor reset is completed for 'psu_cortexr5_0'.
14:35:39 INFO  : Context for 'APU' is selected.
14:35:39 ERROR : Code 16 Time 1718282139433 Format {Invalid context}
14:35:39 INFO  : ----------------XSDB Script----------------
connect -url tcp:127.0.0.1:3121
source C:/Xilinx/Vitis/2023.1/scripts/vitis/util/zynqmp_utils.tcl
targets -set -nocase -filter {name =~"APU*"}
rst -system
after 3000
targets -set -filter {jtag_cable_name =~ "Digilent JTAG-SMT2NC 210308B3B53D" && level==0 && jtag_device_ctx=="jsn-JTAG-SMT2NC-210308B3B53D-24738093-0"}
fpga -file C:/Users/shaza/Documents/Xilinx_ZCU102/fpga_demo/project_shell_v2/bitstreams/top3.bit
targets -set -nocase -filter {name =~"PSU*"}
catch {disable_pmu_gate}
targets -set -nocase -filter {name =~"APU*"}
loadhw -hw C:/Users/shaza/Documents/Xilinx_ZCU102/fpga_demo/sdk_v2/FPGA_Demo/export/FPGA_Demo/hw/top_wrapper.xsa -mem-ranges [list {0x80000000 0xbfffffff} {0x400000000 0x5ffffffff} {0x1000000000 0x7fffffffff}] -regs
configparams force-mem-access 1
targets -set -nocase -filter {name =~"APU*"}
set mode [expr [mrd -value 0xFF5E0200] & 0xf]
targets -set -nocase -filter {name =~ "*R5*#0"}
rst -processor
dow C:/Users/shaza/Documents/Xilinx_ZCU102/fpga_demo/sdk_v2/FPGA_Demo/export/FPGA_Demo/sw/FPGA_Demo/boot/fsbl.elf
----------------End of Script----------------

14:35:39 ERROR : Code 16 Time 1718282139433 Format {Invalid context}
14:35:39 INFO  : Boot mode is read from the target.
14:35:39 INFO  : Context for processor 'psu_cortexr5_0' is selected.
14:35:40 INFO  : Processor reset is completed for 'psu_cortexr5_0'.
14:35:41 INFO  : The application 'C:/Users/shaza/Documents/Xilinx_ZCU102/fpga_demo/sdk_v2/FPGA_Demo/export/FPGA_Demo/sw/FPGA_Demo/boot/fsbl.elf' is downloaded to processor 'psu_cortexr5_0'.
14:35:42 INFO  : 'set bp_35_41_fsbl_bp [bpadd -addr &XFsbl_Exit]' command is executed.
14:35:43 INFO  : 'con -block -timeout 60' command is executed.
14:35:43 INFO  : 'bpremove $bp_35_41_fsbl_bp' command is executed.
14:35:43 INFO  : Context for processor 'psu_cortexa53_0' is selected.
14:35:44 INFO  : Processor reset is completed for 'psu_cortexa53_0'.
14:35:50 INFO  : 'dow -data C:/Users/shaza/Documents/Xilinx_ZCU102/fpga_demo/project_shell_v2/bitstreams/vfpga1_shift_left_partial_icap_bs.bin 0x20000000' command is executed.
14:35:51 INFO  : The application 'C:/Users/shaza/Documents/Xilinx_ZCU102/fpga_demo/sdk_v2/appx/Debug/appx.elf' is downloaded to processor 'psu_cortexa53_0'.
14:35:51 INFO  : Context for processor 'psu_cortexr5_0' is selected.
14:35:51 INFO  : Processor reset is completed for 'psu_cortexr5_0'.
14:35:51 INFO  : The application 'C:/Users/shaza/Documents/Xilinx_ZCU102/fpga_demo/sdk_v2/fpga_ta/Debug/fpga_ta.elf' is downloaded to processor 'psu_cortexr5_0'.
14:35:51 INFO  : Context for processor 'psu_pmu_0' is selected.
14:35:51 INFO  : 'catch {stop}' command is executed.
14:35:51 INFO  : Processor reset is completed for 'psu_pmu_0'.
14:35:52 INFO  : The application 'C:/Users/shaza/Documents/Xilinx_ZCU102/fpga_demo/sdk_v2/FPGA_Demo/export/FPGA_Demo/sw/FPGA_Demo/boot/pmufw.elf' is downloaded to processor 'psu_pmu_0'.
14:35:52 INFO  : 'configparams force-mem-access 0' command is executed.
14:35:52 INFO  : ----------------XSDB Script----------------
connect -url tcp:127.0.0.1:3121
source C:/Xilinx/Vitis/2023.1/scripts/vitis/util/zynqmp_utils.tcl
targets -set -nocase -filter {name =~"APU*"}
rst -system
after 3000
targets -set -filter {jtag_cable_name =~ "Digilent JTAG-SMT2NC 210308B3B53D" && level==0 && jtag_device_ctx=="jsn-JTAG-SMT2NC-210308B3B53D-24738093-0"}
fpga -file C:/Users/shaza/Documents/Xilinx_ZCU102/fpga_demo/project_shell_v2/bitstreams/top3.bit
targets -set -nocase -filter {name =~"PSU*"}
catch {disable_pmu_gate}
targets -set -nocase -filter {name =~"APU*"}
loadhw -hw C:/Users/shaza/Documents/Xilinx_ZCU102/fpga_demo/sdk_v2/FPGA_Demo/export/FPGA_Demo/hw/top_wrapper.xsa -mem-ranges [list {0x80000000 0xbfffffff} {0x400000000 0x5ffffffff} {0x1000000000 0x7fffffffff}] -regs
configparams force-mem-access 1
targets -set -nocase -filter {name =~"APU*"}
set mode [expr [mrd -value 0xFF5E0200] & 0xf]
targets -set -nocase -filter {name =~ "*R5*#0"}
rst -processor
dow C:/Users/shaza/Documents/Xilinx_ZCU102/fpga_demo/sdk_v2/FPGA_Demo/export/FPGA_Demo/sw/FPGA_Demo/boot/fsbl.elf
set bp_35_41_fsbl_bp [bpadd -addr &XFsbl_Exit]
con -block -timeout 60
bpremove $bp_35_41_fsbl_bp
targets -set -nocase -filter {name =~ "*A53*#0"}
rst -processor
dow -data C:/Users/shaza/Documents/Xilinx_ZCU102/fpga_demo/project_shell_v2/bitstreams/vfpga1_shift_left_partial_icap_bs.bin 0x20000000
dow C:/Users/shaza/Documents/Xilinx_ZCU102/fpga_demo/sdk_v2/appx/Debug/appx.elf
targets -set -nocase -filter {name =~ "*R5*#0"}
rst -processor
dow C:/Users/shaza/Documents/Xilinx_ZCU102/fpga_demo/sdk_v2/fpga_ta/Debug/fpga_ta.elf
targets -set -nocase -filter {name =~ "MicroBlaze*PMU*"}
catch {stop}
rst -processor
dow C:/Users/shaza/Documents/Xilinx_ZCU102/fpga_demo/sdk_v2/FPGA_Demo/export/FPGA_Demo/sw/FPGA_Demo/boot/pmufw.elf
configparams force-mem-access 0
----------------End of Script----------------

14:35:52 INFO  : Context for processor 'psu_cortexa53_0' is selected.
14:35:52 INFO  : 'con' command is executed.
14:35:52 INFO  : Context for processor 'psu_cortexr5_0' is selected.
14:35:52 INFO  : 'con' command is executed.
14:35:52 INFO  : Context for processor 'psu_pmu_0' is selected.
14:35:52 INFO  : 'con' command is executed.
14:35:52 INFO  : ----------------XSDB Script (After Launch)----------------
targets -set -nocase -filter {name =~ "*A53*#0"}
con
targets -set -nocase -filter {name =~ "*R5*#0"}
con
targets -set -nocase -filter {name =~ "MicroBlaze*PMU*"}
con
----------------End of Script----------------

14:35:52 INFO  : Launch script is exported to file 'C:\Users\shaza\Documents\Xilinx_ZCU102\fpga_demo\sdk_v2\appx_system\_ide\scripts\debugger_appx-default_1.tcl'
16:29:37 DEBUG : Logs will be stored at 'C:/Users/shaza/Documents/Xilinx_ZCU102/fpga_demo/sdk_v2/IDE.log'.
16:29:38 INFO  : Launching XSCT server: xsct.bat -n  -interactive C:\Users\shaza\Documents\Xilinx_ZCU102\fpga_demo\sdk_v2\temp_xsdb_launch_script.tcl
16:29:42 INFO  : XSCT server has started successfully.
16:29:42 INFO  : plnx-install-location is set to ''
16:29:42 INFO  : Successfully done setting XSCT server connection channel  
16:29:42 INFO  : Successfully done setting workspace for the tool. 
16:29:43 INFO  : Registering command handlers for Vitis TCF services
16:29:44 INFO  : Platform repository initialization has completed.
16:29:47 INFO  : Successfully done query RDI_DATADIR 
16:31:03 INFO  : Connected to target on host '127.0.0.1' and port '3121'.
16:31:04 INFO  : Jtag cable 'Digilent JTAG-SMT2NC 210308B3B53D' is selected.
16:31:04 INFO  : 'jtag frequency' command is executed.
16:31:04 INFO  : Sourcing of 'C:/Xilinx/Vitis/2023.1/scripts/vitis/util/zynqmp_utils.tcl' is done.
16:31:04 INFO  : Context for 'APU' is selected.
16:31:05 INFO  : System reset is completed.
16:31:08 INFO  : 'after 3000' command is executed.
16:31:08 INFO  : 'targets -set -filter {jtag_cable_name =~ "Digilent JTAG-SMT2NC 210308B3B53D" && level==0 && jtag_device_ctx=="jsn-JTAG-SMT2NC-210308B3B53D-24738093-0"}' command is executed.
16:31:23 INFO  : Device configured successfully with "C:/Users/shaza/Documents/Xilinx_ZCU102/fpga_demo/project_shell_v2/bitstreams/top3.bit"
16:31:23 INFO  : Context for 'PSU' is selected.
16:31:23 INFO  : 'catch {disable_pmu_gate}' command is executed.
16:31:23 INFO  : Context for 'APU' is selected.
16:31:24 INFO  : Hardware design and registers information is loaded from 'C:/Users/shaza/Documents/Xilinx_ZCU102/fpga_demo/sdk_v2/FPGA_Demo/export/FPGA_Demo/hw/top_wrapper.xsa'.
16:31:24 INFO  : 'configparams force-mem-access 1' command is executed.
16:31:24 INFO  : Context for 'APU' is selected.
16:31:24 INFO  : Boot mode is read from the target.
16:31:24 INFO  : Context for processor 'psu_cortexr5_0' is selected.
16:31:24 INFO  : Processor reset is completed for 'psu_cortexr5_0'.
16:31:24 INFO  : The application 'C:/Users/shaza/Documents/Xilinx_ZCU102/fpga_demo/sdk_v2/FPGA_Demo/export/FPGA_Demo/sw/FPGA_Demo/boot/fsbl.elf' is downloaded to processor 'psu_cortexr5_0'.
16:31:24 INFO  : 'set bp_31_24_fsbl_bp [bpadd -addr &XFsbl_Exit]' command is executed.
16:31:26 INFO  : 'con -block -timeout 60' command is executed.
16:31:26 INFO  : 'bpremove $bp_31_24_fsbl_bp' command is executed.
16:31:26 INFO  : Context for processor 'psu_cortexa53_0' is selected.
16:31:26 INFO  : Processor reset is completed for 'psu_cortexa53_0'.
16:31:33 INFO  : 'dow -data C:/Users/shaza/Documents/Xilinx_ZCU102/fpga_demo/project_shell_v2/bitstreams/vfpga1_shift_left_partial_icap_bs.bin 0x20000000' command is executed.
16:31:35 INFO  : The application 'C:/Users/shaza/Documents/Xilinx_ZCU102/fpga_demo/sdk_v2/appx/Debug/appx.elf' is downloaded to processor 'psu_cortexa53_0'.
16:31:35 INFO  : Context for processor 'psu_cortexr5_0' is selected.
16:31:35 INFO  : Processor reset is completed for 'psu_cortexr5_0'.
16:31:35 INFO  : The application 'C:/Users/shaza/Documents/Xilinx_ZCU102/fpga_demo/sdk_v2/fpga_ta/Debug/fpga_ta.elf' is downloaded to processor 'psu_cortexr5_0'.
16:31:36 INFO  : Context for processor 'psu_pmu_0' is selected.
16:31:36 INFO  : 'catch {stop}' command is executed.
16:31:36 INFO  : Processor reset is completed for 'psu_pmu_0'.
16:31:36 INFO  : The application 'C:/Users/shaza/Documents/Xilinx_ZCU102/fpga_demo/sdk_v2/FPGA_Demo/export/FPGA_Demo/sw/FPGA_Demo/boot/pmufw.elf' is downloaded to processor 'psu_pmu_0'.
16:31:36 INFO  : 'configparams force-mem-access 0' command is executed.
16:31:36 INFO  : ----------------XSDB Script----------------
connect -url tcp:127.0.0.1:3121
source C:/Xilinx/Vitis/2023.1/scripts/vitis/util/zynqmp_utils.tcl
targets -set -nocase -filter {name =~"APU*"}
rst -system
after 3000
targets -set -filter {jtag_cable_name =~ "Digilent JTAG-SMT2NC 210308B3B53D" && level==0 && jtag_device_ctx=="jsn-JTAG-SMT2NC-210308B3B53D-24738093-0"}
fpga -file C:/Users/shaza/Documents/Xilinx_ZCU102/fpga_demo/project_shell_v2/bitstreams/top3.bit
targets -set -nocase -filter {name =~"PSU*"}
catch {disable_pmu_gate}
targets -set -nocase -filter {name =~"APU*"}
loadhw -hw C:/Users/shaza/Documents/Xilinx_ZCU102/fpga_demo/sdk_v2/FPGA_Demo/export/FPGA_Demo/hw/top_wrapper.xsa -mem-ranges [list {0x80000000 0xbfffffff} {0x400000000 0x5ffffffff} {0x1000000000 0x7fffffffff}] -regs
configparams force-mem-access 1
targets -set -nocase -filter {name =~"APU*"}
set mode [expr [mrd -value 0xFF5E0200] & 0xf]
targets -set -nocase -filter {name =~ "*R5*#0"}
rst -processor
dow C:/Users/shaza/Documents/Xilinx_ZCU102/fpga_demo/sdk_v2/FPGA_Demo/export/FPGA_Demo/sw/FPGA_Demo/boot/fsbl.elf
set bp_31_24_fsbl_bp [bpadd -addr &XFsbl_Exit]
con -block -timeout 60
bpremove $bp_31_24_fsbl_bp
targets -set -nocase -filter {name =~ "*A53*#0"}
rst -processor
dow -data C:/Users/shaza/Documents/Xilinx_ZCU102/fpga_demo/project_shell_v2/bitstreams/vfpga1_shift_left_partial_icap_bs.bin 0x20000000
dow C:/Users/shaza/Documents/Xilinx_ZCU102/fpga_demo/sdk_v2/appx/Debug/appx.elf
targets -set -nocase -filter {name =~ "*R5*#0"}
rst -processor
dow C:/Users/shaza/Documents/Xilinx_ZCU102/fpga_demo/sdk_v2/fpga_ta/Debug/fpga_ta.elf
targets -set -nocase -filter {name =~ "MicroBlaze*PMU*"}
catch {stop}
rst -processor
dow C:/Users/shaza/Documents/Xilinx_ZCU102/fpga_demo/sdk_v2/FPGA_Demo/export/FPGA_Demo/sw/FPGA_Demo/boot/pmufw.elf
configparams force-mem-access 0
----------------End of Script----------------

16:31:36 INFO  : Context for processor 'psu_cortexa53_0' is selected.
16:31:36 INFO  : 'con' command is executed.
16:31:36 INFO  : Context for processor 'psu_cortexr5_0' is selected.
16:31:37 INFO  : 'con' command is executed.
16:31:37 INFO  : Context for processor 'psu_pmu_0' is selected.
16:31:37 INFO  : 'con' command is executed.
16:31:37 INFO  : ----------------XSDB Script (After Launch)----------------
targets -set -nocase -filter {name =~ "*A53*#0"}
con
targets -set -nocase -filter {name =~ "*R5*#0"}
con
targets -set -nocase -filter {name =~ "MicroBlaze*PMU*"}
con
----------------End of Script----------------

16:31:37 INFO  : Launch script is exported to file 'C:\Users\shaza\Documents\Xilinx_ZCU102\fpga_demo\sdk_v2\appx_system\_ide\scripts\debugger_appx-default_1.tcl'
14:57:02 INFO  : Disconnected from the channel tcfchan#1.
12:28:23 DEBUG : Logs will be stored at 'C:/Users/shaza/Documents/Xilinx_ZCU102/fpga_demo/sdk_v2/IDE.log'.
12:28:24 INFO  : Launching XSCT server: xsct.bat -n  -interactive C:\Users\shaza\Documents\Xilinx_ZCU102\fpga_demo\sdk_v2\temp_xsdb_launch_script.tcl
12:28:32 INFO  : XSCT server has started successfully.
12:28:32 INFO  : plnx-install-location is set to ''
12:28:32 INFO  : Successfully done setting XSCT server connection channel  
12:28:32 INFO  : Successfully done setting workspace for the tool. 
12:28:34 INFO  : Registering command handlers for Vitis TCF services
12:28:37 INFO  : Platform repository initialization has completed.
12:28:40 INFO  : Successfully done query RDI_DATADIR 
12:40:16 INFO  : Connected to target on host '127.0.0.1' and port '3121'.
12:40:17 INFO  : Jtag cable 'Digilent JTAG-SMT2NC 210308B3B53D' is selected.
12:40:17 INFO  : 'jtag frequency' command is executed.
12:40:17 INFO  : Sourcing of 'C:/Xilinx/Vitis/2023.1/scripts/vitis/util/zynqmp_utils.tcl' is done.
12:40:17 INFO  : Context for 'APU' is selected.
12:40:17 INFO  : System reset is completed.
12:40:20 INFO  : 'after 3000' command is executed.
12:40:21 INFO  : 'targets -set -filter {jtag_cable_name =~ "Digilent JTAG-SMT2NC 210308B3B53D" && level==0 && jtag_device_ctx=="jsn-JTAG-SMT2NC-210308B3B53D-24738093-0"}' command is executed.
12:40:36 INFO  : Device configured successfully with "C:/Users/shaza/Documents/Xilinx_ZCU102/fpga_demo/project_shell_v2/bitstreams/top3.bit"
12:40:36 INFO  : Context for 'PSU' is selected.
12:40:36 INFO  : 'catch {disable_pmu_gate}' command is executed.
12:40:36 INFO  : Context for 'APU' is selected.
12:40:36 INFO  : Hardware design and registers information is loaded from 'C:/Users/shaza/Documents/Xilinx_ZCU102/fpga_demo/sdk_v2/FPGA_Demo/export/FPGA_Demo/hw/top_wrapper.xsa'.
12:40:36 INFO  : 'configparams force-mem-access 1' command is executed.
12:40:36 INFO  : Context for 'APU' is selected.
12:40:36 INFO  : Boot mode is read from the target.
12:40:36 INFO  : Context for processor 'psu_cortexr5_0' is selected.
12:40:36 INFO  : Processor reset is completed for 'psu_cortexr5_0'.
12:40:37 INFO  : The application 'C:/Users/shaza/Documents/Xilinx_ZCU102/fpga_demo/sdk_v2/FPGA_Demo/export/FPGA_Demo/sw/FPGA_Demo/boot/fsbl.elf' is downloaded to processor 'psu_cortexr5_0'.
12:40:37 INFO  : 'set bp_40_37_fsbl_bp [bpadd -addr &XFsbl_Exit]' command is executed.
12:40:38 INFO  : 'con -block -timeout 60' command is executed.
12:40:38 INFO  : 'bpremove $bp_40_37_fsbl_bp' command is executed.
12:40:38 INFO  : Context for processor 'psu_cortexa53_0' is selected.
12:40:38 INFO  : Processor reset is completed for 'psu_cortexa53_0'.
12:40:45 INFO  : 'dow -data C:/Users/shaza/Documents/Xilinx_ZCU102/fpga_demo/project_shell_v2/bitstreams/vfpga1_shift_left_partial_icap_bs.bin 0x20000000' command is executed.
12:40:46 INFO  : The application 'C:/Users/shaza/Documents/Xilinx_ZCU102/fpga_demo/sdk_v2/appx/Debug/appx.elf' is downloaded to processor 'psu_cortexa53_0'.
12:40:46 INFO  : Context for processor 'psu_cortexr5_0' is selected.
12:40:46 INFO  : Processor reset is completed for 'psu_cortexr5_0'.
12:40:47 INFO  : The application 'C:/Users/shaza/Documents/Xilinx_ZCU102/fpga_demo/sdk_v2/fpga_ta/Debug/fpga_ta.elf' is downloaded to processor 'psu_cortexr5_0'.
12:40:47 INFO  : Context for processor 'psu_pmu_0' is selected.
12:40:47 INFO  : 'catch {stop}' command is executed.
12:40:47 INFO  : Processor reset is completed for 'psu_pmu_0'.
12:40:47 INFO  : The application 'C:/Users/shaza/Documents/Xilinx_ZCU102/fpga_demo/sdk_v2/FPGA_Demo/export/FPGA_Demo/sw/FPGA_Demo/boot/pmufw.elf' is downloaded to processor 'psu_pmu_0'.
12:40:47 INFO  : 'configparams force-mem-access 0' command is executed.
12:40:47 INFO  : ----------------XSDB Script----------------
connect -url tcp:127.0.0.1:3121
source C:/Xilinx/Vitis/2023.1/scripts/vitis/util/zynqmp_utils.tcl
targets -set -nocase -filter {name =~"APU*"}
rst -system
after 3000
targets -set -filter {jtag_cable_name =~ "Digilent JTAG-SMT2NC 210308B3B53D" && level==0 && jtag_device_ctx=="jsn-JTAG-SMT2NC-210308B3B53D-24738093-0"}
fpga -file C:/Users/shaza/Documents/Xilinx_ZCU102/fpga_demo/project_shell_v2/bitstreams/top3.bit
targets -set -nocase -filter {name =~"PSU*"}
catch {disable_pmu_gate}
targets -set -nocase -filter {name =~"APU*"}
loadhw -hw C:/Users/shaza/Documents/Xilinx_ZCU102/fpga_demo/sdk_v2/FPGA_Demo/export/FPGA_Demo/hw/top_wrapper.xsa -mem-ranges [list {0x80000000 0xbfffffff} {0x400000000 0x5ffffffff} {0x1000000000 0x7fffffffff}] -regs
configparams force-mem-access 1
targets -set -nocase -filter {name =~"APU*"}
set mode [expr [mrd -value 0xFF5E0200] & 0xf]
targets -set -nocase -filter {name =~ "*R5*#0"}
rst -processor
dow C:/Users/shaza/Documents/Xilinx_ZCU102/fpga_demo/sdk_v2/FPGA_Demo/export/FPGA_Demo/sw/FPGA_Demo/boot/fsbl.elf
set bp_40_37_fsbl_bp [bpadd -addr &XFsbl_Exit]
con -block -timeout 60
bpremove $bp_40_37_fsbl_bp
targets -set -nocase -filter {name =~ "*A53*#0"}
rst -processor
dow -data C:/Users/shaza/Documents/Xilinx_ZCU102/fpga_demo/project_shell_v2/bitstreams/vfpga1_shift_left_partial_icap_bs.bin 0x20000000
dow C:/Users/shaza/Documents/Xilinx_ZCU102/fpga_demo/sdk_v2/appx/Debug/appx.elf
targets -set -nocase -filter {name =~ "*R5*#0"}
rst -processor
dow C:/Users/shaza/Documents/Xilinx_ZCU102/fpga_demo/sdk_v2/fpga_ta/Debug/fpga_ta.elf
targets -set -nocase -filter {name =~ "MicroBlaze*PMU*"}
catch {stop}
rst -processor
dow C:/Users/shaza/Documents/Xilinx_ZCU102/fpga_demo/sdk_v2/FPGA_Demo/export/FPGA_Demo/sw/FPGA_Demo/boot/pmufw.elf
configparams force-mem-access 0
----------------End of Script----------------

12:40:48 INFO  : Context for processor 'psu_cortexa53_0' is selected.
12:40:48 INFO  : 'con' command is executed.
12:40:48 INFO  : Context for processor 'psu_cortexr5_0' is selected.
12:40:48 INFO  : 'con' command is executed.
12:40:48 INFO  : Context for processor 'psu_pmu_0' is selected.
12:40:48 INFO  : 'con' command is executed.
12:40:48 INFO  : ----------------XSDB Script (After Launch)----------------
targets -set -nocase -filter {name =~ "*A53*#0"}
con
targets -set -nocase -filter {name =~ "*R5*#0"}
con
targets -set -nocase -filter {name =~ "MicroBlaze*PMU*"}
con
----------------End of Script----------------

12:40:48 INFO  : Launch script is exported to file 'C:\Users\shaza\Documents\Xilinx_ZCU102\fpga_demo\sdk_v2\appx_system\_ide\scripts\debugger_appx-default_1.tcl'
12:42:02 INFO  : Disconnected from the channel tcfchan#1.
12:42:03 INFO  : Connected to target on host '127.0.0.1' and port '3121'.
12:42:12 INFO  : ----------------XSDB Script----------------
connect -url tcp:127.0.0.1:3121
----------------End of Script----------------

12:42:12 ERROR : Could not find ARM device on the board for connection 'Local'.
Check if the target is in:
1. Split JTAG - No operations are possible with ARM DAP.
2. Non JTAG bootmode - Bootrom may need time to enable DAP.
Please try again.


Troubleshooting hints:
1. Check whether board is connected to system properly.
2. In case of zynq board, check whether Digilent/Xilinx cable switch settings are correct.
3. If you are using Xilinx Platform Cable USB, ensure that status LED is green.
12:44:17 INFO  : Connected to target on host '127.0.0.1' and port '3121'.
12:44:17 INFO  : Jtag cable 'Digilent JTAG-SMT2NC 210308B3B53D' is selected.
12:44:17 INFO  : 'jtag frequency' command is executed.
12:44:17 INFO  : Sourcing of 'C:/Xilinx/Vitis/2023.1/scripts/vitis/util/zynqmp_utils.tcl' is done.
12:44:17 INFO  : Context for 'APU' is selected.
12:44:17 INFO  : System reset is completed.
12:44:20 INFO  : 'after 3000' command is executed.
12:44:21 INFO  : 'targets -set -filter {jtag_cable_name =~ "Digilent JTAG-SMT2NC 210308B3B53D" && level==0 && jtag_device_ctx=="jsn-JTAG-SMT2NC-210308B3B53D-24738093-0"}' command is executed.
12:44:36 INFO  : Device configured successfully with "C:/Users/shaza/Documents/Xilinx_ZCU102/fpga_demo/project_shell_v2/bitstreams/top3.bit"
12:44:36 INFO  : Context for 'PSU' is selected.
12:44:36 INFO  : 'catch {disable_pmu_gate}' command is executed.
12:44:36 INFO  : Context for 'APU' is selected.
12:44:50 INFO  : Hardware design and registers information is loaded from 'C:/Users/shaza/Documents/Xilinx_ZCU102/fpga_demo/sdk_v2/FPGA_Demo/export/FPGA_Demo/hw/top_wrapper.xsa'.
12:44:50 INFO  : 'configparams force-mem-access 1' command is executed.
12:44:50 INFO  : Context for 'APU' is selected.
12:44:50 INFO  : Boot mode is read from the target.
12:44:50 INFO  : Context for processor 'psu_cortexr5_0' is selected.
12:44:50 INFO  : Processor reset is completed for 'psu_cortexr5_0'.
12:44:50 INFO  : The application 'C:/Users/shaza/Documents/Xilinx_ZCU102/fpga_demo/sdk_v2/FPGA_Demo/export/FPGA_Demo/sw/FPGA_Demo/boot/fsbl.elf' is downloaded to processor 'psu_cortexr5_0'.
12:44:50 INFO  : 'set bp_44_50_fsbl_bp [bpadd -addr &XFsbl_Exit]' command is executed.
12:44:51 INFO  : 'con -block -timeout 60' command is executed.
12:44:51 INFO  : 'bpremove $bp_44_50_fsbl_bp' command is executed.
12:44:51 INFO  : Context for processor 'psu_cortexa53_0' is selected.
12:44:52 INFO  : Processor reset is completed for 'psu_cortexa53_0'.
12:44:58 INFO  : 'dow -data C:/Users/shaza/Documents/Xilinx_ZCU102/fpga_demo/project_shell_v2/bitstreams/vfpga1_shift_left_partial_icap_bs.bin 0x20000000' command is executed.
12:44:59 INFO  : The application 'C:/Users/shaza/Documents/Xilinx_ZCU102/fpga_demo/sdk_v2/appx/Debug/appx.elf' is downloaded to processor 'psu_cortexa53_0'.
12:44:59 INFO  : Context for processor 'psu_cortexr5_0' is selected.
12:44:59 INFO  : Processor reset is completed for 'psu_cortexr5_0'.
12:45:00 INFO  : The application 'C:/Users/shaza/Documents/Xilinx_ZCU102/fpga_demo/sdk_v2/fpga_ta/Debug/fpga_ta.elf' is downloaded to processor 'psu_cortexr5_0'.
12:45:00 INFO  : Context for processor 'psu_pmu_0' is selected.
12:45:00 INFO  : 'catch {stop}' command is executed.
12:45:00 INFO  : Processor reset is completed for 'psu_pmu_0'.
12:45:00 INFO  : The application 'C:/Users/shaza/Documents/Xilinx_ZCU102/fpga_demo/sdk_v2/FPGA_Demo/export/FPGA_Demo/sw/FPGA_Demo/boot/pmufw.elf' is downloaded to processor 'psu_pmu_0'.
12:45:00 INFO  : 'configparams force-mem-access 0' command is executed.
12:45:00 INFO  : ----------------XSDB Script----------------
connect -url tcp:127.0.0.1:3121
source C:/Xilinx/Vitis/2023.1/scripts/vitis/util/zynqmp_utils.tcl
targets -set -nocase -filter {name =~"APU*"}
rst -system
after 3000
targets -set -filter {jtag_cable_name =~ "Digilent JTAG-SMT2NC 210308B3B53D" && level==0 && jtag_device_ctx=="jsn-JTAG-SMT2NC-210308B3B53D-24738093-0"}
fpga -file C:/Users/shaza/Documents/Xilinx_ZCU102/fpga_demo/project_shell_v2/bitstreams/top3.bit
targets -set -nocase -filter {name =~"PSU*"}
catch {disable_pmu_gate}
targets -set -nocase -filter {name =~"APU*"}
loadhw -hw C:/Users/shaza/Documents/Xilinx_ZCU102/fpga_demo/sdk_v2/FPGA_Demo/export/FPGA_Demo/hw/top_wrapper.xsa -mem-ranges [list {0x80000000 0xbfffffff} {0x400000000 0x5ffffffff} {0x1000000000 0x7fffffffff}] -regs
configparams force-mem-access 1
targets -set -nocase -filter {name =~"APU*"}
set mode [expr [mrd -value 0xFF5E0200] & 0xf]
targets -set -nocase -filter {name =~ "*R5*#0"}
rst -processor
dow C:/Users/shaza/Documents/Xilinx_ZCU102/fpga_demo/sdk_v2/FPGA_Demo/export/FPGA_Demo/sw/FPGA_Demo/boot/fsbl.elf
set bp_44_50_fsbl_bp [bpadd -addr &XFsbl_Exit]
con -block -timeout 60
bpremove $bp_44_50_fsbl_bp
targets -set -nocase -filter {name =~ "*A53*#0"}
rst -processor
dow -data C:/Users/shaza/Documents/Xilinx_ZCU102/fpga_demo/project_shell_v2/bitstreams/vfpga1_shift_left_partial_icap_bs.bin 0x20000000
dow C:/Users/shaza/Documents/Xilinx_ZCU102/fpga_demo/sdk_v2/appx/Debug/appx.elf
targets -set -nocase -filter {name =~ "*R5*#0"}
rst -processor
dow C:/Users/shaza/Documents/Xilinx_ZCU102/fpga_demo/sdk_v2/fpga_ta/Debug/fpga_ta.elf
targets -set -nocase -filter {name =~ "MicroBlaze*PMU*"}
catch {stop}
rst -processor
dow C:/Users/shaza/Documents/Xilinx_ZCU102/fpga_demo/sdk_v2/FPGA_Demo/export/FPGA_Demo/sw/FPGA_Demo/boot/pmufw.elf
configparams force-mem-access 0
----------------End of Script----------------

12:45:00 INFO  : Context for processor 'psu_cortexa53_0' is selected.
12:45:00 INFO  : 'con' command is executed.
12:45:00 INFO  : Context for processor 'psu_cortexr5_0' is selected.
12:45:01 INFO  : 'con' command is executed.
12:45:01 INFO  : Context for processor 'psu_pmu_0' is selected.
12:45:01 INFO  : 'con' command is executed.
12:45:01 INFO  : ----------------XSDB Script (After Launch)----------------
targets -set -nocase -filter {name =~ "*A53*#0"}
con
targets -set -nocase -filter {name =~ "*R5*#0"}
con
targets -set -nocase -filter {name =~ "MicroBlaze*PMU*"}
con
----------------End of Script----------------

12:45:01 INFO  : Launch script is exported to file 'C:\Users\shaza\Documents\Xilinx_ZCU102\fpga_demo\sdk_v2\appx_system\_ide\scripts\debugger_appx-default_1.tcl'
14:15:46 INFO  : Disconnected from the channel tcfchan#2.
14:16:18 DEBUG : Logs will be stored at 'C:/Users/shaza/Documents/Xilinx_ZCU102/fpga_demo/sdk_v2/IDE.log'.
14:16:19 INFO  : Launching XSCT server: xsct.bat -n  -interactive C:\Users\shaza\Documents\Xilinx_ZCU102\fpga_demo\sdk_v2\temp_xsdb_launch_script.tcl
14:16:23 INFO  : XSCT server has started successfully.
14:16:23 INFO  : Successfully done setting XSCT server connection channel  
14:16:23 INFO  : plnx-install-location is set to ''
14:16:23 INFO  : Successfully done setting workspace for the tool. 
14:16:30 INFO  : Registering command handlers for Vitis TCF services
14:16:30 INFO  : Successfully done query RDI_DATADIR 
14:16:31 INFO  : Platform repository initialization has completed.
14:17:16 INFO  : Connected to target on host '127.0.0.1' and port '3121'.
14:17:16 INFO  : Jtag cable 'Digilent JTAG-SMT2NC 210308B3B53D' is selected.
14:17:16 INFO  : 'jtag frequency' command is executed.
14:17:16 INFO  : Sourcing of 'C:/Xilinx/Vitis/2023.1/scripts/vitis/util/zynqmp_utils.tcl' is done.
14:17:16 INFO  : Context for 'APU' is selected.
14:17:17 INFO  : System reset is completed.
14:17:20 INFO  : 'after 3000' command is executed.
14:17:20 INFO  : 'targets -set -filter {jtag_cable_name =~ "Digilent JTAG-SMT2NC 210308B3B53D" && level==0 && jtag_device_ctx=="jsn-JTAG-SMT2NC-210308B3B53D-24738093-0"}' command is executed.
14:17:35 INFO  : Device configured successfully with "C:/Users/shaza/Documents/Xilinx_ZCU102/fpga_demo/project_shell_v2/bitstreams/top3.bit"
14:17:35 INFO  : Context for 'PSU' is selected.
14:17:35 INFO  : 'catch {disable_pmu_gate}' command is executed.
14:17:35 INFO  : Context for 'APU' is selected.
14:17:36 INFO  : Hardware design and registers information is loaded from 'C:/Users/shaza/Documents/Xilinx_ZCU102/fpga_demo/sdk_v2/FPGA_Demo/export/FPGA_Demo/hw/top_wrapper.xsa'.
14:17:36 INFO  : 'configparams force-mem-access 1' command is executed.
14:17:36 INFO  : Context for 'APU' is selected.
14:17:36 INFO  : Boot mode is read from the target.
14:17:36 INFO  : Context for processor 'psu_cortexr5_0' is selected.
14:17:36 INFO  : Processor reset is completed for 'psu_cortexr5_0'.
14:17:36 INFO  : The application 'C:/Users/shaza/Documents/Xilinx_ZCU102/fpga_demo/sdk_v2/FPGA_Demo/export/FPGA_Demo/sw/FPGA_Demo/boot/fsbl.elf' is downloaded to processor 'psu_cortexr5_0'.
14:17:36 INFO  : 'set bp_17_36_fsbl_bp [bpadd -addr &XFsbl_Exit]' command is executed.
14:17:37 INFO  : 'con -block -timeout 60' command is executed.
14:17:37 INFO  : 'bpremove $bp_17_36_fsbl_bp' command is executed.
14:17:37 INFO  : Context for processor 'psu_cortexa53_0' is selected.
14:17:38 INFO  : Processor reset is completed for 'psu_cortexa53_0'.
14:17:44 INFO  : 'dow -data C:/Users/shaza/Documents/Xilinx_ZCU102/fpga_demo/project_shell_v2/bitstreams/vfpga1_shift_left_partial_icap_bs.bin 0x20000000' command is executed.
14:17:45 INFO  : The application 'C:/Users/shaza/Documents/Xilinx_ZCU102/fpga_demo/sdk_v2/appx/Debug/appx.elf' is downloaded to processor 'psu_cortexa53_0'.
14:17:45 INFO  : Context for processor 'psu_cortexr5_0' is selected.
14:17:45 INFO  : Processor reset is completed for 'psu_cortexr5_0'.
14:17:45 INFO  : The application 'C:/Users/shaza/Documents/Xilinx_ZCU102/fpga_demo/sdk_v2/fpga_ta/Debug/fpga_ta.elf' is downloaded to processor 'psu_cortexr5_0'.
14:17:45 INFO  : Context for processor 'psu_pmu_0' is selected.
14:17:46 INFO  : 'catch {stop}' command is executed.
14:17:46 INFO  : Processor reset is completed for 'psu_pmu_0'.
14:17:46 INFO  : The application 'C:/Users/shaza/Documents/Xilinx_ZCU102/fpga_demo/sdk_v2/FPGA_Demo/export/FPGA_Demo/sw/FPGA_Demo/boot/pmufw.elf' is downloaded to processor 'psu_pmu_0'.
14:17:46 INFO  : 'configparams force-mem-access 0' command is executed.
14:17:46 INFO  : ----------------XSDB Script----------------
connect -url tcp:127.0.0.1:3121
source C:/Xilinx/Vitis/2023.1/scripts/vitis/util/zynqmp_utils.tcl
targets -set -nocase -filter {name =~"APU*"}
rst -system
after 3000
targets -set -filter {jtag_cable_name =~ "Digilent JTAG-SMT2NC 210308B3B53D" && level==0 && jtag_device_ctx=="jsn-JTAG-SMT2NC-210308B3B53D-24738093-0"}
fpga -file C:/Users/shaza/Documents/Xilinx_ZCU102/fpga_demo/project_shell_v2/bitstreams/top3.bit
targets -set -nocase -filter {name =~"PSU*"}
catch {disable_pmu_gate}
targets -set -nocase -filter {name =~"APU*"}
loadhw -hw C:/Users/shaza/Documents/Xilinx_ZCU102/fpga_demo/sdk_v2/FPGA_Demo/export/FPGA_Demo/hw/top_wrapper.xsa -mem-ranges [list {0x80000000 0xbfffffff} {0x400000000 0x5ffffffff} {0x1000000000 0x7fffffffff}] -regs
configparams force-mem-access 1
targets -set -nocase -filter {name =~"APU*"}
set mode [expr [mrd -value 0xFF5E0200] & 0xf]
targets -set -nocase -filter {name =~ "*R5*#0"}
rst -processor
dow C:/Users/shaza/Documents/Xilinx_ZCU102/fpga_demo/sdk_v2/FPGA_Demo/export/FPGA_Demo/sw/FPGA_Demo/boot/fsbl.elf
set bp_17_36_fsbl_bp [bpadd -addr &XFsbl_Exit]
con -block -timeout 60
bpremove $bp_17_36_fsbl_bp
targets -set -nocase -filter {name =~ "*A53*#0"}
rst -processor
dow -data C:/Users/shaza/Documents/Xilinx_ZCU102/fpga_demo/project_shell_v2/bitstreams/vfpga1_shift_left_partial_icap_bs.bin 0x20000000
dow C:/Users/shaza/Documents/Xilinx_ZCU102/fpga_demo/sdk_v2/appx/Debug/appx.elf
targets -set -nocase -filter {name =~ "*R5*#0"}
rst -processor
dow C:/Users/shaza/Documents/Xilinx_ZCU102/fpga_demo/sdk_v2/fpga_ta/Debug/fpga_ta.elf
targets -set -nocase -filter {name =~ "MicroBlaze*PMU*"}
catch {stop}
rst -processor
dow C:/Users/shaza/Documents/Xilinx_ZCU102/fpga_demo/sdk_v2/FPGA_Demo/export/FPGA_Demo/sw/FPGA_Demo/boot/pmufw.elf
configparams force-mem-access 0
----------------End of Script----------------

14:17:46 INFO  : Context for processor 'psu_cortexa53_0' is selected.
14:17:46 INFO  : 'con' command is executed.
14:17:46 INFO  : Context for processor 'psu_cortexr5_0' is selected.
14:17:46 INFO  : 'con' command is executed.
14:17:46 INFO  : Context for processor 'psu_pmu_0' is selected.
14:17:46 INFO  : 'con' command is executed.
14:17:46 INFO  : ----------------XSDB Script (After Launch)----------------
targets -set -nocase -filter {name =~ "*A53*#0"}
con
targets -set -nocase -filter {name =~ "*R5*#0"}
con
targets -set -nocase -filter {name =~ "MicroBlaze*PMU*"}
con
----------------End of Script----------------

14:17:46 INFO  : Launch script is exported to file 'C:\Users\shaza\Documents\Xilinx_ZCU102\fpga_demo\sdk_v2\appx_system\_ide\scripts\debugger_appx-default_1.tcl'
15:13:27 INFO  : Disconnected from the channel tcfchan#1.
15:51:38 DEBUG : Logs will be stored at 'C:/Crosscon_original/sdk_v2/IDE.log'.
15:51:38 INFO  : Launching XSCT server: xsct.bat -n  -interactive C:\Crosscon_original\sdk_v2\temp_xsdb_launch_script.tcl
15:51:40 INFO  : XSCT server has started successfully.
15:51:40 INFO  : Successfully done setting XSCT server connection channel  
15:51:40 INFO  : plnx-install-location is set to ''
15:51:40 INFO  : Successfully done setting workspace for the tool. 
15:51:41 INFO  : Successfully done query RDI_DATADIR 
15:51:41 INFO  : Registering command handlers for Vitis TCF services
15:51:42 INFO  : Platform repository initialization has completed.
13:15:17 DEBUG : Logs will be stored at 'C:/Crosscon_original/sdk_v2/IDE.log'.
13:15:18 INFO  : Launching XSCT server: xsct.bat -n  -interactive C:\Crosscon_original\sdk_v2\temp_xsdb_launch_script.tcl
13:15:20 INFO  : XSCT server has started successfully.
13:15:20 INFO  : plnx-install-location is set to ''
13:15:20 INFO  : Successfully done setting XSCT server connection channel  
13:15:20 INFO  : Successfully done setting workspace for the tool. 
13:15:21 INFO  : Registering command handlers for Vitis TCF services
13:15:21 INFO  : Successfully done query RDI_DATADIR 
13:15:22 INFO  : Platform repository initialization has completed.
13:18:10 INFO  : No changes in MSS file content so sources will not be generated.
17:29:57 DEBUG : Logs will be stored at 'C:/Crosscon_original/sdk_v2/IDE.log'.
17:29:59 INFO  : Launching XSCT server: xsct.bat -n  -interactive C:\Crosscon_original\sdk_v2\temp_xsdb_launch_script.tcl
17:30:04 INFO  : XSCT server has started successfully.
17:30:04 INFO  : plnx-install-location is set to ''
17:30:10 INFO  : Successfully done setting XSCT server connection channel  
17:30:10 INFO  : Successfully done query RDI_DATADIR 
17:30:10 INFO  : Successfully done setting workspace for the tool. 
17:30:12 INFO  : Registering command handlers for Vitis TCF services
17:30:13 INFO  : Platform repository initialization has completed.
17:38:48 INFO  : Hardware specification for platform project 'FPGA_Demo' is updated.
17:39:09 INFO  : Hardware specification for platform project 'FPGA_Demo' is updated.
17:58:57 INFO  : Result from executing command 'getProjects': FPGA_Demo
17:58:57 INFO  : Result from executing command 'getPlatforms': FPGA_Demo|C:/Crosscon_original/sdk_v2/FPGA_Demo/export/FPGA_Demo/FPGA_Demo.xpfm;xilinx_vck190_base_202310_1|C:/Xilinx/Vitis/2023.1/base_platforms/xilinx_vck190_base_202310_1/xilinx_vck190_base_202310_1.xpfm;xilinx_vck190_base_dfx_202310_1|C:/Xilinx/Vitis/2023.1/base_platforms/xilinx_vck190_base_dfx_202310_1/xilinx_vck190_base_dfx_202310_1.xpfm;xilinx_vek280_es1_base_202310_1|C:/Xilinx/Vitis/2023.1/base_platforms/xilinx_vek280_es1_base_202310_1/xilinx_vek280_es1_base_202310_1.xpfm;xilinx_vmk180_base_202310_1|C:/Xilinx/Vitis/2023.1/base_platforms/xilinx_vmk180_base_202310_1/xilinx_vmk180_base_202310_1.xpfm;xilinx_zcu102_base_202310_1|C:/Xilinx/Vitis/2023.1/base_platforms/xilinx_zcu102_base_202310_1/xilinx_zcu102_base_202310_1.xpfm;xilinx_zcu102_base_dfx_202310_1|C:/Xilinx/Vitis/2023.1/base_platforms/xilinx_zcu102_base_dfx_202310_1/xilinx_zcu102_base_dfx_202310_1.xpfm;xilinx_zcu104_base_202310_1|C:/Xilinx/Vitis/2023.1/base_platforms/xilinx_zcu104_base_202310_1/xilinx_zcu104_base_202310_1.xpfm
17:59:02 INFO  : Checking for BSP changes to sync application flags for project 'appx'...
10:26:06 DEBUG : Logs will be stored at 'C:/Crosscon_original/sdk_v2/IDE.log'.
10:26:06 INFO  : Launching XSCT server: xsct.bat -n  -interactive C:\Crosscon_original\sdk_v2\temp_xsdb_launch_script.tcl
10:26:10 INFO  : XSCT server has started successfully.
10:26:10 INFO  : plnx-install-location is set to ''
10:26:10 INFO  : Successfully done setting XSCT server connection channel  
10:26:10 INFO  : Successfully done setting workspace for the tool. 
10:26:11 INFO  : Registering command handlers for Vitis TCF services
10:26:12 INFO  : Platform repository initialization has completed.
10:26:14 INFO  : Successfully done query RDI_DATADIR 
10:26:16 INFO  : Checking for BSP changes to sync application flags for project 'appx'...
10:33:45 INFO  : Checking for BSP changes to sync application flags for project 'appx'...
10:39:52 INFO  : Checking for BSP changes to sync application flags for project 'appx'...
10:48:40 INFO  : Checking for BSP changes to sync application flags for project 'appx'...
10:53:10 INFO  : Checking for BSP changes to sync application flags for project 'appx'...
10:54:01 INFO  : Checking for BSP changes to sync application flags for project 'appx'...
10:58:46 INFO  : Checking for BSP changes to sync application flags for project 'appx'...
10:58:56 INFO  : Checking for BSP changes to sync application flags for project 'appx'...
10:59:09 INFO  : Result from executing command 'removePlatformRepo': 
11:00:41 INFO  : Result from executing command 'getProjects': FPGA_Demo
11:00:41 INFO  : Result from executing command 'getPlatforms': xilinx_vck190_base_202310_1|C:/Xilinx/Vitis/2023.1/base_platforms/xilinx_vck190_base_202310_1/xilinx_vck190_base_202310_1.xpfm;xilinx_vck190_base_dfx_202310_1|C:/Xilinx/Vitis/2023.1/base_platforms/xilinx_vck190_base_dfx_202310_1/xilinx_vck190_base_dfx_202310_1.xpfm;xilinx_vek280_es1_base_202310_1|C:/Xilinx/Vitis/2023.1/base_platforms/xilinx_vek280_es1_base_202310_1/xilinx_vek280_es1_base_202310_1.xpfm;xilinx_vmk180_base_202310_1|C:/Xilinx/Vitis/2023.1/base_platforms/xilinx_vmk180_base_202310_1/xilinx_vmk180_base_202310_1.xpfm;xilinx_zcu102_base_202310_1|C:/Xilinx/Vitis/2023.1/base_platforms/xilinx_zcu102_base_202310_1/xilinx_zcu102_base_202310_1.xpfm;xilinx_zcu102_base_dfx_202310_1|C:/Xilinx/Vitis/2023.1/base_platforms/xilinx_zcu102_base_dfx_202310_1/xilinx_zcu102_base_dfx_202310_1.xpfm;xilinx_zcu104_base_202310_1|C:/Xilinx/Vitis/2023.1/base_platforms/xilinx_zcu104_base_202310_1/xilinx_zcu104_base_202310_1.xpfm
11:00:42 INFO  : Checking for BSP changes to sync application flags for project 'appx'...
11:02:29 INFO  : Checking for BSP changes to sync application flags for project 'appx'...
11:16:50 INFO  : Checking for BSP changes to sync application flags for project 'fpga_ta'...
11:28:29 INFO  : Checking for BSP changes to sync application flags for project 'fpga_ta'...
11:29:26 INFO  : Checking for BSP changes to sync application flags for project 'fpga_ta'...
11:31:05 INFO  : Checking for BSP changes to sync application flags for project 'appx'...
11:31:40 INFO  : Checking for BSP changes to sync application flags for project 'fpga_ta'...
11:33:44 INFO  : Checking for BSP changes to sync application flags for project 'fpga_ta'...
11:33:58 INFO  : Checking for BSP changes to sync application flags for project 'fpga_ta'...
11:34:10 INFO  : Result from executing command 'removePlatformRepo': 
11:36:12 INFO  : Result from executing command 'getProjects': FPGA_Demo
11:36:12 INFO  : Result from executing command 'getPlatforms': xilinx_vck190_base_202310_1|C:/Xilinx/Vitis/2023.1/base_platforms/xilinx_vck190_base_202310_1/xilinx_vck190_base_202310_1.xpfm;xilinx_vck190_base_dfx_202310_1|C:/Xilinx/Vitis/2023.1/base_platforms/xilinx_vck190_base_dfx_202310_1/xilinx_vck190_base_dfx_202310_1.xpfm;xilinx_vek280_es1_base_202310_1|C:/Xilinx/Vitis/2023.1/base_platforms/xilinx_vek280_es1_base_202310_1/xilinx_vek280_es1_base_202310_1.xpfm;xilinx_vmk180_base_202310_1|C:/Xilinx/Vitis/2023.1/base_platforms/xilinx_vmk180_base_202310_1/xilinx_vmk180_base_202310_1.xpfm;xilinx_zcu102_base_202310_1|C:/Xilinx/Vitis/2023.1/base_platforms/xilinx_zcu102_base_202310_1/xilinx_zcu102_base_202310_1.xpfm;xilinx_zcu102_base_dfx_202310_1|C:/Xilinx/Vitis/2023.1/base_platforms/xilinx_zcu102_base_dfx_202310_1/xilinx_zcu102_base_dfx_202310_1.xpfm;xilinx_zcu104_base_202310_1|C:/Xilinx/Vitis/2023.1/base_platforms/xilinx_zcu104_base_202310_1/xilinx_zcu104_base_202310_1.xpfm
11:36:14 INFO  : Checking for BSP changes to sync application flags for project 'fpga_ta'...
11:38:59 INFO  : Checking for BSP changes to sync application flags for project 'fpga_ta'...
11:49:09 INFO  : Checking for BSP changes to sync application flags for project 'fpga_ta'...
11:49:30 INFO  : Checking for BSP changes to sync application flags for project 'fpga_ta'...
11:50:39 INFO  : Checking for BSP changes to sync application flags for project 'fpga_ta'...
11:50:44 INFO  : Checking for BSP changes to sync application flags for project 'appx'...
14:08:30 INFO  : Checking for BSP changes to sync application flags for project 'fpga_ta'...
14:08:37 INFO  : Checking for BSP changes to sync application flags for project 'appx'...
16:46:23 DEBUG : Logs will be stored at 'C:/Crosscon_original/sdk_v2/IDE.log'.
16:46:24 INFO  : Launching XSCT server: xsct.bat -n  -interactive C:\Crosscon_original\sdk_v2\temp_xsdb_launch_script.tcl
16:46:27 INFO  : Platform repository initialization has completed.
16:46:28 INFO  : XSCT server has started successfully.
16:46:28 INFO  : Successfully done setting XSCT server connection channel  
16:46:28 INFO  : plnx-install-location is set to ''
16:46:28 INFO  : Successfully done setting workspace for the tool. 
16:46:29 INFO  : Registering command handlers for Vitis TCF services
16:46:32 INFO  : Successfully done query RDI_DATADIR 
17:22:44 DEBUG : Logs will be stored at 'C:/Crosscon_original/sdk_v2/IDE.log'.
17:22:45 INFO  : Launching XSCT server: xsct.bat -n  -interactive C:\Crosscon_original\sdk_v2\temp_xsdb_launch_script.tcl
17:22:47 INFO  : XSCT server has started successfully.
17:22:47 INFO  : plnx-install-location is set to ''
17:22:47 INFO  : Successfully done setting XSCT server connection channel  
17:22:47 INFO  : Successfully done setting workspace for the tool. 
17:22:48 INFO  : Platform repository initialization has completed.
17:22:49 INFO  : Registering command handlers for Vitis TCF services
17:22:49 INFO  : Successfully done query RDI_DATADIR 
17:45:54 DEBUG : Logs will be stored at 'C:/Crosscon_original/sdk_v2/IDE.log'.
17:45:55 INFO  : Launching XSCT server: xsct.bat -n  -interactive C:\Crosscon_original\sdk_v2\temp_xsdb_launch_script.tcl
17:45:57 INFO  : Platform repository initialization has completed.
17:45:58 INFO  : XSCT server has started successfully.
17:45:58 INFO  : plnx-install-location is set to ''
17:45:58 INFO  : Successfully done setting XSCT server connection channel  
17:45:58 INFO  : Successfully done setting workspace for the tool. 
17:46:00 INFO  : Registering command handlers for Vitis TCF services
17:46:03 INFO  : Successfully done query RDI_DATADIR 
14:31:44 DEBUG : Logs will be stored at 'C:/Crosscon_original/sdk_v2/IDE.log'.
14:31:45 INFO  : Launching XSCT server: xsct.bat -n  -interactive C:\Crosscon_original\sdk_v2\temp_xsdb_launch_script.tcl
14:31:47 INFO  : XSCT server has started successfully.
14:31:47 INFO  : plnx-install-location is set to ''
14:31:47 INFO  : Successfully done setting XSCT server connection channel  
14:31:47 INFO  : Successfully done setting workspace for the tool. 
14:31:47 INFO  : Platform repository initialization has completed.
14:31:48 INFO  : Successfully done query RDI_DATADIR 
14:31:49 INFO  : Registering command handlers for Vitis TCF services
14:35:15 INFO  : Connected to target on host '127.0.0.1' and port '3121'.
14:35:15 INFO  : Jtag cable 'Digilent JTAG-SMT2NC 210308B76ABA' is selected.
14:35:15 INFO  : 'jtag frequency' command is executed.
14:35:15 INFO  : Sourcing of 'C:/Xilinx/Vitis/2023.1/scripts/vitis/util/zynqmp_utils.tcl' is done.
14:35:15 INFO  : Context for 'APU' is selected.
14:35:16 INFO  : System reset is completed.
14:35:19 INFO  : 'after 3000' command is executed.
14:35:19 INFO  : 'targets -set -filter {jtag_cable_name =~ "Digilent JTAG-SMT2NC 210308B76ABA" && level==0 && jtag_device_ctx=="jsn-JTAG-SMT2NC-210308B76ABA-24738093-0"}' command is executed.
14:35:34 INFO  : Device configured successfully with "C:/Crosscon_original/project_shell_v2/bitstreams/top3.bit"
14:35:34 INFO  : Context for 'PSU' is selected.
14:35:34 INFO  : 'catch {disable_pmu_gate}' command is executed.
14:35:34 INFO  : Context for 'APU' is selected.
14:35:34 INFO  : Hardware design and registers information is loaded from 'C:/Crosscon_original/sdk_v2/FPGA_Demo/export/FPGA_Demo/hw/top_wrapper.xsa'.
14:35:34 INFO  : 'configparams force-mem-access 1' command is executed.
14:35:34 INFO  : Context for 'APU' is selected.
14:35:34 INFO  : Boot mode is read from the target.
14:35:34 INFO  : Context for processor 'psu_cortexr5_0' is selected.
14:35:34 INFO  : Processor reset is completed for 'psu_cortexr5_0'.
14:35:34 INFO  : The application 'C:/Crosscon_original/sdk_v2/FPGA_Demo/export/FPGA_Demo/sw/FPGA_Demo/boot/fsbl.elf' is downloaded to processor 'psu_cortexr5_0'.
14:35:35 INFO  : 'set bp_35_34_fsbl_bp [bpadd -addr &XFsbl_Exit]' command is executed.
14:36:35 WARN  : Exit breakpoint of FSBL (XFsbl_Exit) is not hit within allocated wait time of '60' seconds.
Note: To wait for a fixed amount of time specify the FSBL function as empty in launch configuration. Use 'IDE_FSBL_BP_HIT_WAIT_TIME' environment variable in launch configuration to modify the wait time (seconds).
Reason: timeout: target has not halted
14:36:35 INFO  : 'bpremove $bp_35_34_fsbl_bp' command is executed.
14:36:37 INFO  : Context for processor 'psu_cortexa53_0' is selected.
14:36:37 ERROR : Cannot reset Cortex-A53 #0. APB AP transaction error, DAP status 0xF0000021
14:36:37 INFO  : ----------------XSDB Script----------------
connect -url tcp:127.0.0.1:3121
source C:/Xilinx/Vitis/2023.1/scripts/vitis/util/zynqmp_utils.tcl
targets -set -nocase -filter {name =~"APU*"}
rst -system
after 3000
targets -set -filter {jtag_cable_name =~ "Digilent JTAG-SMT2NC 210308B76ABA" && level==0 && jtag_device_ctx=="jsn-JTAG-SMT2NC-210308B76ABA-24738093-0"}
fpga -file C:/Crosscon_original/project_shell_v2/bitstreams/top3.bit
targets -set -nocase -filter {name =~"PSU*"}
catch {disable_pmu_gate}
targets -set -nocase -filter {name =~"APU*"}
loadhw -hw C:/Crosscon_original/sdk_v2/FPGA_Demo/export/FPGA_Demo/hw/top_wrapper.xsa -mem-ranges [list {0x80000000 0xbfffffff} {0x400000000 0x5ffffffff} {0x1000000000 0x7fffffffff}] -regs
configparams force-mem-access 1
targets -set -nocase -filter {name =~"APU*"}
set mode [expr [mrd -value 0xFF5E0200] & 0xf]
targets -set -nocase -filter {name =~ "*R5*#0"}
rst -processor
dow C:/Crosscon_original/sdk_v2/FPGA_Demo/export/FPGA_Demo/sw/FPGA_Demo/boot/fsbl.elf
set bp_35_34_fsbl_bp [bpadd -addr &XFsbl_Exit]
con -block -timeout 60
bpremove $bp_35_34_fsbl_bp
targets -set -nocase -filter {name =~ "*A53*#0"}
rst -processor
----------------End of Script----------------

14:36:37 ERROR : Cannot reset Cortex-A53 #0. APB AP transaction error, DAP status 0xF0000021
14:43:40 DEBUG : Logs will be stored at 'C:/Crosscon_original/sdk_v2/IDE.log'.
14:43:41 INFO  : Launching XSCT server: xsct.bat -n  -interactive C:\Crosscon_original\sdk_v2\temp_xsdb_launch_script.tcl
14:43:43 INFO  : XSCT server has started successfully.
14:43:43 INFO  : Successfully done setting XSCT server connection channel  
14:43:43 INFO  : plnx-install-location is set to ''
14:43:43 INFO  : Successfully done setting workspace for the tool. 
14:43:43 INFO  : Platform repository initialization has completed.
14:43:45 INFO  : Successfully done query RDI_DATADIR 
14:43:45 INFO  : Registering command handlers for Vitis TCF services
14:44:26 INFO  : Hardware specification for platform project 'FPGA_Demo' is updated.
14:44:54 ERROR : Failed to compute checksum of hardware specification file used by project 'appx'
14:46:14 INFO  : Result from executing command 'getProjects': FPGA_Demo
14:46:14 INFO  : Result from executing command 'getPlatforms': FPGA_Demo|C:/Crosscon_original/sdk_v2/FPGA_Demo/export/FPGA_Demo/FPGA_Demo.xpfm;xilinx_vck190_base_202310_1|C:/Xilinx/Vitis/2023.1/base_platforms/xilinx_vck190_base_202310_1/xilinx_vck190_base_202310_1.xpfm;xilinx_vck190_base_dfx_202310_1|C:/Xilinx/Vitis/2023.1/base_platforms/xilinx_vck190_base_dfx_202310_1/xilinx_vck190_base_dfx_202310_1.xpfm;xilinx_vek280_es1_base_202310_1|C:/Xilinx/Vitis/2023.1/base_platforms/xilinx_vek280_es1_base_202310_1/xilinx_vek280_es1_base_202310_1.xpfm;xilinx_vmk180_base_202310_1|C:/Xilinx/Vitis/2023.1/base_platforms/xilinx_vmk180_base_202310_1/xilinx_vmk180_base_202310_1.xpfm;xilinx_zcu102_base_202310_1|C:/Xilinx/Vitis/2023.1/base_platforms/xilinx_zcu102_base_202310_1/xilinx_zcu102_base_202310_1.xpfm;xilinx_zcu102_base_dfx_202310_1|C:/Xilinx/Vitis/2023.1/base_platforms/xilinx_zcu102_base_dfx_202310_1/xilinx_zcu102_base_dfx_202310_1.xpfm;xilinx_zcu104_base_202310_1|C:/Xilinx/Vitis/2023.1/base_platforms/xilinx_zcu104_base_202310_1/xilinx_zcu104_base_202310_1.xpfm
14:46:15 INFO  : Checking for BSP changes to sync application flags for project 'appx'...
14:46:52 INFO  : Checking for BSP changes to sync application flags for project 'fpga_ta'...
14:48:05 INFO  : Connected to target on host '127.0.0.1' and port '3121'.
14:48:06 INFO  : Jtag cable 'Digilent JTAG-SMT2NC 210308B76ABA' is selected.
14:48:06 INFO  : 'jtag frequency' command is executed.
14:48:06 INFO  : Sourcing of 'C:/Xilinx/Vitis/2023.1/scripts/vitis/util/zynqmp_utils.tcl' is done.
14:48:06 INFO  : Context for 'APU' is selected.
14:48:06 INFO  : System reset is completed.
14:48:09 INFO  : 'after 3000' command is executed.
14:48:09 INFO  : 'targets -set -filter {jtag_cable_name =~ "Digilent JTAG-SMT2NC 210308B76ABA" && level==0 && jtag_device_ctx=="jsn-JTAG-SMT2NC-210308B76ABA-24738093-0"}' command is executed.
14:48:24 INFO  : Device configured successfully with "C:/Crosscon_original/project_shell_v2/bitstreams/top3.bit"
14:48:25 INFO  : Context for 'PSU' is selected.
14:48:25 INFO  : 'catch {disable_pmu_gate}' command is executed.
14:48:25 INFO  : Context for 'APU' is selected.
14:48:25 INFO  : Hardware design and registers information is loaded from 'C:/Crosscon_original/sdk_v2/FPGA_Demo/export/FPGA_Demo/hw/top_wrapper.xsa'.
14:48:25 INFO  : 'configparams force-mem-access 1' command is executed.
14:48:25 INFO  : Context for 'APU' is selected.
14:48:25 INFO  : Boot mode is read from the target.
14:48:25 INFO  : Context for processor 'psu_cortexr5_0' is selected.
14:48:25 INFO  : Processor reset is completed for 'psu_cortexr5_0'.
14:48:25 INFO  : The application 'C:/Crosscon_original/sdk_v2/FPGA_Demo/export/FPGA_Demo/sw/FPGA_Demo/boot/fsbl.elf' is downloaded to processor 'psu_cortexr5_0'.
14:48:25 INFO  : 'set bp_48_25_fsbl_bp [bpadd -addr &XFsbl_Exit]' command is executed.
14:48:26 INFO  : 'con -block -timeout 60' command is executed.
14:48:26 INFO  : 'bpremove $bp_48_25_fsbl_bp' command is executed.
14:48:26 INFO  : Context for processor 'psu_cortexa53_0' is selected.
14:48:26 INFO  : Processor reset is completed for 'psu_cortexa53_0'.
14:48:26 ERROR : couldn't open "C:/Users/shaza/Documents/Xilinx_ZCU102/fpga_demo/project_shell_v2/bitstreams/vfpga1_shift_left_partial_icap_bs.bin": no such file or directory
14:48:26 INFO  : ----------------XSDB Script----------------
connect -url tcp:127.0.0.1:3121
source C:/Xilinx/Vitis/2023.1/scripts/vitis/util/zynqmp_utils.tcl
targets -set -nocase -filter {name =~"APU*"}
rst -system
after 3000
targets -set -filter {jtag_cable_name =~ "Digilent JTAG-SMT2NC 210308B76ABA" && level==0 && jtag_device_ctx=="jsn-JTAG-SMT2NC-210308B76ABA-24738093-0"}
fpga -file C:/Crosscon_original/project_shell_v2/bitstreams/top3.bit
targets -set -nocase -filter {name =~"PSU*"}
catch {disable_pmu_gate}
targets -set -nocase -filter {name =~"APU*"}
loadhw -hw C:/Crosscon_original/sdk_v2/FPGA_Demo/export/FPGA_Demo/hw/top_wrapper.xsa -mem-ranges [list {0x80000000 0xbfffffff} {0x400000000 0x5ffffffff} {0x1000000000 0x7fffffffff}] -regs
configparams force-mem-access 1
targets -set -nocase -filter {name =~"APU*"}
set mode [expr [mrd -value 0xFF5E0200] & 0xf]
targets -set -nocase -filter {name =~ "*R5*#0"}
rst -processor
dow C:/Crosscon_original/sdk_v2/FPGA_Demo/export/FPGA_Demo/sw/FPGA_Demo/boot/fsbl.elf
set bp_48_25_fsbl_bp [bpadd -addr &XFsbl_Exit]
con -block -timeout 60
bpremove $bp_48_25_fsbl_bp
targets -set -nocase -filter {name =~ "*A53*#0"}
rst -processor
dow -data C:/Users/shaza/Documents/Xilinx_ZCU102/fpga_demo/project_shell_v2/bitstreams/vfpga1_shift_left_partial_icap_bs.bin 0x20000000
----------------End of Script----------------

14:48:26 ERROR : couldn't open "C:/Users/shaza/Documents/Xilinx_ZCU102/fpga_demo/project_shell_v2/bitstreams/vfpga1_shift_left_partial_icap_bs.bin": no such file or directory
14:49:49 INFO  : Connected to target on host '127.0.0.1' and port '3121'.
14:49:49 INFO  : Jtag cable 'Digilent JTAG-SMT2NC 210308B76ABA' is selected.
14:49:49 INFO  : 'jtag frequency' command is executed.
14:49:49 INFO  : Sourcing of 'C:/Xilinx/Vitis/2023.1/scripts/vitis/util/zynqmp_utils.tcl' is done.
14:49:49 INFO  : Context for 'APU' is selected.
14:49:49 INFO  : System reset is completed.
14:49:52 INFO  : 'after 3000' command is executed.
14:49:52 INFO  : 'targets -set -filter {jtag_cable_name =~ "Digilent JTAG-SMT2NC 210308B76ABA" && level==0 && jtag_device_ctx=="jsn-JTAG-SMT2NC-210308B76ABA-24738093-0"}' command is executed.
14:50:07 INFO  : Device configured successfully with "C:/Crosscon_original/project_shell_v2/bitstreams/top3.bit"
14:50:07 INFO  : Context for 'PSU' is selected.
14:50:07 INFO  : 'catch {disable_pmu_gate}' command is executed.
14:50:07 INFO  : Context for 'APU' is selected.
14:50:07 INFO  : Hardware design and registers information is loaded from 'C:/Crosscon_original/sdk_v2/FPGA_Demo/export/FPGA_Demo/hw/top_wrapper.xsa'.
14:50:07 INFO  : 'configparams force-mem-access 1' command is executed.
14:50:07 INFO  : Context for 'APU' is selected.
14:50:07 INFO  : Boot mode is read from the target.
14:50:07 INFO  : Context for processor 'psu_cortexr5_0' is selected.
14:50:07 INFO  : Processor reset is completed for 'psu_cortexr5_0'.
14:50:08 INFO  : The application 'C:/Crosscon_original/sdk_v2/FPGA_Demo/export/FPGA_Demo/sw/FPGA_Demo/boot/fsbl.elf' is downloaded to processor 'psu_cortexr5_0'.
14:50:08 INFO  : 'set bp_50_8_fsbl_bp [bpadd -addr &XFsbl_Exit]' command is executed.
14:50:09 INFO  : 'con -block -timeout 60' command is executed.
14:50:09 INFO  : 'bpremove $bp_50_8_fsbl_bp' command is executed.
14:50:09 INFO  : Context for processor 'psu_cortexa53_0' is selected.
14:50:09 INFO  : Processor reset is completed for 'psu_cortexa53_0'.
14:50:14 INFO  : 'dow -data C:/Crosscon_original/project_shell_v2/bitstreams/vfpga1_shift_left_partial_icap_bs.bin 0x20000000' command is executed.
14:50:17 INFO  : The application 'C:/Crosscon_original/sdk_v2/appx/Debug/appx.elf' is downloaded to processor 'psu_cortexa53_0'.
14:50:17 INFO  : Context for processor 'psu_cortexr5_0' is selected.
14:50:17 INFO  : Processor reset is completed for 'psu_cortexr5_0'.
14:50:19 INFO  : The application 'C:/Crosscon_original/sdk_v2/fpga_ta/Debug/fpga_ta.elf' is downloaded to processor 'psu_cortexr5_0'.
14:50:19 INFO  : Context for processor 'psu_pmu_0' is selected.
14:50:19 INFO  : 'catch {stop}' command is executed.
14:50:19 INFO  : Processor reset is completed for 'psu_pmu_0'.
14:50:20 INFO  : The application 'C:/Crosscon_original/sdk_v2/FPGA_Demo/export/FPGA_Demo/sw/FPGA_Demo/boot/pmufw.elf' is downloaded to processor 'psu_pmu_0'.
14:50:20 INFO  : 'configparams force-mem-access 0' command is executed.
14:50:20 INFO  : ----------------XSDB Script----------------
connect -url tcp:127.0.0.1:3121
source C:/Xilinx/Vitis/2023.1/scripts/vitis/util/zynqmp_utils.tcl
targets -set -nocase -filter {name =~"APU*"}
rst -system
after 3000
targets -set -filter {jtag_cable_name =~ "Digilent JTAG-SMT2NC 210308B76ABA" && level==0 && jtag_device_ctx=="jsn-JTAG-SMT2NC-210308B76ABA-24738093-0"}
fpga -file C:/Crosscon_original/project_shell_v2/bitstreams/top3.bit
targets -set -nocase -filter {name =~"PSU*"}
catch {disable_pmu_gate}
targets -set -nocase -filter {name =~"APU*"}
loadhw -hw C:/Crosscon_original/sdk_v2/FPGA_Demo/export/FPGA_Demo/hw/top_wrapper.xsa -mem-ranges [list {0x80000000 0xbfffffff} {0x400000000 0x5ffffffff} {0x1000000000 0x7fffffffff}] -regs
configparams force-mem-access 1
targets -set -nocase -filter {name =~"APU*"}
set mode [expr [mrd -value 0xFF5E0200] & 0xf]
targets -set -nocase -filter {name =~ "*R5*#0"}
rst -processor
dow C:/Crosscon_original/sdk_v2/FPGA_Demo/export/FPGA_Demo/sw/FPGA_Demo/boot/fsbl.elf
set bp_50_8_fsbl_bp [bpadd -addr &XFsbl_Exit]
con -block -timeout 60
bpremove $bp_50_8_fsbl_bp
targets -set -nocase -filter {name =~ "*A53*#0"}
rst -processor
dow -data C:/Crosscon_original/project_shell_v2/bitstreams/vfpga1_shift_left_partial_icap_bs.bin 0x20000000
dow C:/Crosscon_original/sdk_v2/appx/Debug/appx.elf
targets -set -nocase -filter {name =~ "*R5*#0"}
rst -processor
dow C:/Crosscon_original/sdk_v2/fpga_ta/Debug/fpga_ta.elf
targets -set -nocase -filter {name =~ "MicroBlaze*PMU*"}
catch {stop}
rst -processor
dow C:/Crosscon_original/sdk_v2/FPGA_Demo/export/FPGA_Demo/sw/FPGA_Demo/boot/pmufw.elf
configparams force-mem-access 0
----------------End of Script----------------

14:50:20 INFO  : Context for processor 'psu_cortexa53_0' is selected.
14:50:20 INFO  : 'con' command is executed.
14:50:20 INFO  : Context for processor 'psu_cortexr5_0' is selected.
14:50:20 INFO  : 'con' command is executed.
14:50:20 INFO  : Context for processor 'psu_pmu_0' is selected.
14:50:20 INFO  : 'con' command is executed.
14:50:20 INFO  : ----------------XSDB Script (After Launch)----------------
targets -set -nocase -filter {name =~ "*A53*#0"}
con
targets -set -nocase -filter {name =~ "*R5*#0"}
con
targets -set -nocase -filter {name =~ "MicroBlaze*PMU*"}
con
----------------End of Script----------------

14:50:20 INFO  : Launch script is exported to file 'C:\Crosscon_original\sdk_v2\appx_system\_ide\scripts\debugger_appx-default_1.tcl'
14:53:20 INFO  : Disconnected from the channel tcfchan#2.
14:59:05 DEBUG : Logs will be stored at 'C:/Crosscon_original/sdk_v2/IDE.log'.
14:59:05 INFO  : Launching XSCT server: xsct.bat -n  -interactive C:\Crosscon_original\sdk_v2\temp_xsdb_launch_script.tcl
14:59:09 INFO  : XSCT server has started successfully.
14:59:09 INFO  : plnx-install-location is set to ''
14:59:09 INFO  : Successfully done setting XSCT server connection channel  
14:59:09 INFO  : Successfully done setting workspace for the tool. 
14:59:09 INFO  : Registering command handlers for Vitis TCF services
14:59:10 INFO  : Successfully done query RDI_DATADIR 
14:59:10 INFO  : Platform repository initialization has completed.
15:02:05 DEBUG : Logs will be stored at 'C:/Crosscon_original/sdk_v2/IDE.log'.
15:02:06 INFO  : Launching XSCT server: xsct.bat -n  -interactive C:\Crosscon_original\sdk_v2\temp_xsdb_launch_script.tcl
15:02:08 INFO  : XSCT server has started successfully.
15:02:08 INFO  : plnx-install-location is set to ''
15:02:08 INFO  : Successfully done setting XSCT server connection channel  
15:02:08 INFO  : Successfully done setting workspace for the tool. 
15:02:10 INFO  : Registering command handlers for Vitis TCF services
15:02:10 INFO  : Successfully done query RDI_DATADIR 
15:02:11 INFO  : Platform repository initialization has completed.
15:02:48 INFO  : Connected to target on host '127.0.0.1' and port '3121'.
15:02:49 INFO  : Jtag cable 'Digilent JTAG-SMT2NC 210308B76ABA' is selected.
15:02:49 INFO  : 'jtag frequency' command is executed.
15:02:49 INFO  : Sourcing of 'C:/Xilinx/Vitis/2023.1/scripts/vitis/util/zynqmp_utils.tcl' is done.
15:02:49 INFO  : Context for 'APU' is selected.
15:02:50 INFO  : System reset is completed.
15:02:53 INFO  : 'after 3000' command is executed.
15:02:53 INFO  : 'targets -set -filter {jtag_cable_name =~ "Digilent JTAG-SMT2NC 210308B76ABA" && level==0 && jtag_device_ctx=="jsn-JTAG-SMT2NC-210308B76ABA-24738093-0"}' command is executed.
15:03:08 INFO  : Device configured successfully with "C:/Crosscon_original/project_shell_v2/bitstreams/top3.bit"
15:03:08 INFO  : Context for 'PSU' is selected.
15:03:08 INFO  : 'catch {disable_pmu_gate}' command is executed.
15:03:08 INFO  : Context for 'APU' is selected.
15:03:08 INFO  : Hardware design and registers information is loaded from 'C:/Crosscon_original/sdk_v2/FPGA_Demo/export/FPGA_Demo/hw/top_wrapper.xsa'.
15:03:08 INFO  : 'configparams force-mem-access 1' command is executed.
15:03:08 INFO  : Context for 'APU' is selected.
15:03:08 INFO  : Boot mode is read from the target.
15:03:08 INFO  : Context for processor 'psu_cortexr5_0' is selected.
15:03:08 INFO  : Processor reset is completed for 'psu_cortexr5_0'.
15:03:08 INFO  : The application 'C:/Crosscon_original/sdk_v2/FPGA_Demo/export/FPGA_Demo/sw/FPGA_Demo/boot/fsbl.elf' is downloaded to processor 'psu_cortexr5_0'.
15:03:09 INFO  : 'set bp_3_8_fsbl_bp [bpadd -addr &XFsbl_Exit]' command is executed.
15:03:10 INFO  : 'con -block -timeout 60' command is executed.
15:03:10 INFO  : 'bpremove $bp_3_8_fsbl_bp' command is executed.
15:03:10 INFO  : Context for processor 'psu_cortexa53_0' is selected.
15:03:10 INFO  : Processor reset is completed for 'psu_cortexa53_0'.
15:03:14 INFO  : 'dow -data C:/Crosscon_original/project_shell_v2/bitstreams/vfpga1_shift_left_partial_icap_bs.bin 0x20000000' command is executed.
15:03:17 INFO  : The application 'C:/Crosscon_original/sdk_v2/appx/Debug/appx.elf' is downloaded to processor 'psu_cortexa53_0'.
15:03:17 INFO  : Context for processor 'psu_cortexr5_0' is selected.
15:03:17 INFO  : Processor reset is completed for 'psu_cortexr5_0'.
15:03:19 INFO  : The application 'C:/Crosscon_original/sdk_v2/fpga_ta/Debug/fpga_ta.elf' is downloaded to processor 'psu_cortexr5_0'.
15:03:19 INFO  : Context for processor 'psu_pmu_0' is selected.
15:03:19 INFO  : 'catch {stop}' command is executed.
15:03:19 INFO  : Processor reset is completed for 'psu_pmu_0'.
15:03:20 INFO  : The application 'C:/Crosscon_original/sdk_v2/FPGA_Demo/export/FPGA_Demo/sw/FPGA_Demo/boot/pmufw.elf' is downloaded to processor 'psu_pmu_0'.
15:03:20 INFO  : 'configparams force-mem-access 0' command is executed.
15:03:20 INFO  : ----------------XSDB Script----------------
connect -url tcp:127.0.0.1:3121
source C:/Xilinx/Vitis/2023.1/scripts/vitis/util/zynqmp_utils.tcl
targets -set -nocase -filter {name =~"APU*"}
rst -system
after 3000
targets -set -filter {jtag_cable_name =~ "Digilent JTAG-SMT2NC 210308B76ABA" && level==0 && jtag_device_ctx=="jsn-JTAG-SMT2NC-210308B76ABA-24738093-0"}
fpga -file C:/Crosscon_original/project_shell_v2/bitstreams/top3.bit
targets -set -nocase -filter {name =~"PSU*"}
catch {disable_pmu_gate}
targets -set -nocase -filter {name =~"APU*"}
loadhw -hw C:/Crosscon_original/sdk_v2/FPGA_Demo/export/FPGA_Demo/hw/top_wrapper.xsa -mem-ranges [list {0x80000000 0xbfffffff} {0x400000000 0x5ffffffff} {0x1000000000 0x7fffffffff}] -regs
configparams force-mem-access 1
targets -set -nocase -filter {name =~"APU*"}
set mode [expr [mrd -value 0xFF5E0200] & 0xf]
targets -set -nocase -filter {name =~ "*R5*#0"}
rst -processor
dow C:/Crosscon_original/sdk_v2/FPGA_Demo/export/FPGA_Demo/sw/FPGA_Demo/boot/fsbl.elf
set bp_3_8_fsbl_bp [bpadd -addr &XFsbl_Exit]
con -block -timeout 60
bpremove $bp_3_8_fsbl_bp
targets -set -nocase -filter {name =~ "*A53*#0"}
rst -processor
dow -data C:/Crosscon_original/project_shell_v2/bitstreams/vfpga1_shift_left_partial_icap_bs.bin 0x20000000
dow C:/Crosscon_original/sdk_v2/appx/Debug/appx.elf
targets -set -nocase -filter {name =~ "*R5*#0"}
rst -processor
dow C:/Crosscon_original/sdk_v2/fpga_ta/Debug/fpga_ta.elf
targets -set -nocase -filter {name =~ "MicroBlaze*PMU*"}
catch {stop}
rst -processor
dow C:/Crosscon_original/sdk_v2/FPGA_Demo/export/FPGA_Demo/sw/FPGA_Demo/boot/pmufw.elf
configparams force-mem-access 0
----------------End of Script----------------

15:03:20 INFO  : Context for processor 'psu_cortexa53_0' is selected.
15:03:20 INFO  : 'con' command is executed.
15:03:20 INFO  : Context for processor 'psu_cortexr5_0' is selected.
15:03:20 INFO  : 'con' command is executed.
15:03:20 INFO  : Context for processor 'psu_pmu_0' is selected.
15:03:20 INFO  : 'con' command is executed.
15:03:20 INFO  : ----------------XSDB Script (After Launch)----------------
targets -set -nocase -filter {name =~ "*A53*#0"}
con
targets -set -nocase -filter {name =~ "*R5*#0"}
con
targets -set -nocase -filter {name =~ "MicroBlaze*PMU*"}
con
----------------End of Script----------------

15:03:20 INFO  : Launch script is exported to file 'C:\Crosscon_original\sdk_v2\appx_system\_ide\scripts\debugger_appx-default_1.tcl'
15:06:53 INFO  : Result from executing command 'getProjects': FPGA_Demo
15:06:53 INFO  : Result from executing command 'getPlatforms': FPGA_Demo|C:/Crosscon_original/sdk_v2/FPGA_Demo/export/FPGA_Demo/FPGA_Demo.xpfm;xilinx_vck190_base_202310_1|C:/Xilinx/Vitis/2023.1/base_platforms/xilinx_vck190_base_202310_1/xilinx_vck190_base_202310_1.xpfm;xilinx_vck190_base_dfx_202310_1|C:/Xilinx/Vitis/2023.1/base_platforms/xilinx_vck190_base_dfx_202310_1/xilinx_vck190_base_dfx_202310_1.xpfm;xilinx_vek280_es1_base_202310_1|C:/Xilinx/Vitis/2023.1/base_platforms/xilinx_vek280_es1_base_202310_1/xilinx_vek280_es1_base_202310_1.xpfm;xilinx_vmk180_base_202310_1|C:/Xilinx/Vitis/2023.1/base_platforms/xilinx_vmk180_base_202310_1/xilinx_vmk180_base_202310_1.xpfm;xilinx_zcu102_base_202310_1|C:/Xilinx/Vitis/2023.1/base_platforms/xilinx_zcu102_base_202310_1/xilinx_zcu102_base_202310_1.xpfm;xilinx_zcu102_base_dfx_202310_1|C:/Xilinx/Vitis/2023.1/base_platforms/xilinx_zcu102_base_dfx_202310_1/xilinx_zcu102_base_dfx_202310_1.xpfm;xilinx_zcu104_base_202310_1|C:/Xilinx/Vitis/2023.1/base_platforms/xilinx_zcu104_base_202310_1/xilinx_zcu104_base_202310_1.xpfm
15:06:54 INFO  : Checking for BSP changes to sync application flags for project 'appx'...
15:07:04 INFO  : Checking for BSP changes to sync application flags for project 'fpga_ta'...
15:07:23 INFO  : Disconnected from the channel tcfchan#1.
15:07:24 INFO  : Connected to target on host '127.0.0.1' and port '3121'.
15:07:33 INFO  : ----------------XSDB Script----------------
connect -url tcp:127.0.0.1:3121
----------------End of Script----------------

15:07:33 ERROR : Could not find ARM device on the board for connection 'Local'.
Check if the target is in:
1. Split JTAG - No operations are possible with ARM DAP.
2. Non JTAG bootmode - Bootrom may need time to enable DAP.
Please try again.


Troubleshooting hints:
1. Check whether board is connected to system properly.
2. In case of zynq board, check whether Digilent/Xilinx cable switch settings are correct.
3. If you are using Xilinx Platform Cable USB, ensure that status LED is green.
15:07:43 INFO  : Connected to target on host '127.0.0.1' and port '3121'.
15:07:43 INFO  : Jtag cable 'Digilent JTAG-SMT2NC 210308B76ABA' is selected.
15:07:43 INFO  : 'jtag frequency' command is executed.
15:07:43 INFO  : Sourcing of 'C:/Xilinx/Vitis/2023.1/scripts/vitis/util/zynqmp_utils.tcl' is done.
15:07:43 INFO  : Context for 'APU' is selected.
15:07:43 INFO  : System reset is completed.
15:07:46 INFO  : 'after 3000' command is executed.
15:07:46 INFO  : 'targets -set -filter {jtag_cable_name =~ "Digilent JTAG-SMT2NC 210308B76ABA" && level==0 && jtag_device_ctx=="jsn-JTAG-SMT2NC-210308B76ABA-24738093-0"}' command is executed.
15:08:01 INFO  : Device configured successfully with "C:/Crosscon_original/project_shell_v2/bitstreams/top3.bit"
15:08:01 INFO  : Context for 'PSU' is selected.
15:08:01 INFO  : 'catch {disable_pmu_gate}' command is executed.
15:08:01 INFO  : Context for 'APU' is selected.
15:08:08 INFO  : Hardware design and registers information is loaded from 'C:/Crosscon_original/sdk_v2/FPGA_Demo/export/FPGA_Demo/hw/top_wrapper.xsa'.
15:08:08 INFO  : 'configparams force-mem-access 1' command is executed.
15:08:08 INFO  : Context for 'APU' is selected.
15:08:08 INFO  : Boot mode is read from the target.
15:08:08 INFO  : Context for processor 'psu_cortexr5_0' is selected.
15:08:08 INFO  : Processor reset is completed for 'psu_cortexr5_0'.
15:08:08 INFO  : The application 'C:/Crosscon_original/sdk_v2/FPGA_Demo/export/FPGA_Demo/sw/FPGA_Demo/boot/fsbl.elf' is downloaded to processor 'psu_cortexr5_0'.
15:08:08 INFO  : 'set bp_8_8_fsbl_bp [bpadd -addr &XFsbl_Exit]' command is executed.
15:08:10 INFO  : 'con -block -timeout 60' command is executed.
15:08:10 INFO  : 'bpremove $bp_8_8_fsbl_bp' command is executed.
15:08:10 INFO  : Context for processor 'psu_cortexa53_0' is selected.
15:08:10 INFO  : Processor reset is completed for 'psu_cortexa53_0'.
15:08:14 INFO  : 'dow -data C:/Crosscon_original/project_shell_v2/bitstreams/vfpga1_shift_left_partial_icap_bs.bin 0x20000000' command is executed.
15:08:17 INFO  : The application 'C:/Crosscon_original/sdk_v2/appx/Debug/appx.elf' is downloaded to processor 'psu_cortexa53_0'.
15:08:17 INFO  : Context for processor 'psu_cortexr5_0' is selected.
15:08:17 INFO  : Processor reset is completed for 'psu_cortexr5_0'.
15:08:19 INFO  : The application 'C:/Crosscon_original/sdk_v2/fpga_ta/Debug/fpga_ta.elf' is downloaded to processor 'psu_cortexr5_0'.
15:08:19 INFO  : Context for processor 'psu_pmu_0' is selected.
15:08:19 INFO  : 'catch {stop}' command is executed.
15:08:19 INFO  : Processor reset is completed for 'psu_pmu_0'.
15:08:19 INFO  : The application 'C:/Crosscon_original/sdk_v2/FPGA_Demo/export/FPGA_Demo/sw/FPGA_Demo/boot/pmufw.elf' is downloaded to processor 'psu_pmu_0'.
15:08:19 INFO  : 'configparams force-mem-access 0' command is executed.
15:08:19 INFO  : ----------------XSDB Script----------------
connect -url tcp:127.0.0.1:3121
source C:/Xilinx/Vitis/2023.1/scripts/vitis/util/zynqmp_utils.tcl
targets -set -nocase -filter {name =~"APU*"}
rst -system
after 3000
targets -set -filter {jtag_cable_name =~ "Digilent JTAG-SMT2NC 210308B76ABA" && level==0 && jtag_device_ctx=="jsn-JTAG-SMT2NC-210308B76ABA-24738093-0"}
fpga -file C:/Crosscon_original/project_shell_v2/bitstreams/top3.bit
targets -set -nocase -filter {name =~"PSU*"}
catch {disable_pmu_gate}
targets -set -nocase -filter {name =~"APU*"}
loadhw -hw C:/Crosscon_original/sdk_v2/FPGA_Demo/export/FPGA_Demo/hw/top_wrapper.xsa -mem-ranges [list {0x80000000 0xbfffffff} {0x400000000 0x5ffffffff} {0x1000000000 0x7fffffffff}] -regs
configparams force-mem-access 1
targets -set -nocase -filter {name =~"APU*"}
set mode [expr [mrd -value 0xFF5E0200] & 0xf]
targets -set -nocase -filter {name =~ "*R5*#0"}
rst -processor
dow C:/Crosscon_original/sdk_v2/FPGA_Demo/export/FPGA_Demo/sw/FPGA_Demo/boot/fsbl.elf
set bp_8_8_fsbl_bp [bpadd -addr &XFsbl_Exit]
con -block -timeout 60
bpremove $bp_8_8_fsbl_bp
targets -set -nocase -filter {name =~ "*A53*#0"}
rst -processor
dow -data C:/Crosscon_original/project_shell_v2/bitstreams/vfpga1_shift_left_partial_icap_bs.bin 0x20000000
dow C:/Crosscon_original/sdk_v2/appx/Debug/appx.elf
targets -set -nocase -filter {name =~ "*R5*#0"}
rst -processor
dow C:/Crosscon_original/sdk_v2/fpga_ta/Debug/fpga_ta.elf
targets -set -nocase -filter {name =~ "MicroBlaze*PMU*"}
catch {stop}
rst -processor
dow C:/Crosscon_original/sdk_v2/FPGA_Demo/export/FPGA_Demo/sw/FPGA_Demo/boot/pmufw.elf
configparams force-mem-access 0
----------------End of Script----------------

15:08:19 INFO  : Context for processor 'psu_cortexa53_0' is selected.
15:08:19 INFO  : 'con' command is executed.
15:08:19 INFO  : Context for processor 'psu_cortexr5_0' is selected.
15:08:19 INFO  : 'con' command is executed.
15:08:19 INFO  : Context for processor 'psu_pmu_0' is selected.
15:08:20 INFO  : 'con' command is executed.
15:08:20 INFO  : ----------------XSDB Script (After Launch)----------------
targets -set -nocase -filter {name =~ "*A53*#0"}
con
targets -set -nocase -filter {name =~ "*R5*#0"}
con
targets -set -nocase -filter {name =~ "MicroBlaze*PMU*"}
con
----------------End of Script----------------

15:08:20 INFO  : Launch script is exported to file 'C:\Crosscon_original\sdk_v2\appx_system\_ide\scripts\debugger_appx-default_1.tcl'
15:13:32 INFO  : Disconnected from the channel tcfchan#3.
15:13:33 INFO  : Connected to target on host '127.0.0.1' and port '3121'.
15:13:42 INFO  : ----------------XSDB Script----------------
connect -url tcp:127.0.0.1:3121
----------------End of Script----------------

15:13:42 ERROR : Could not find ARM device on the board for connection 'Local'.
Check if the target is in:
1. Split JTAG - No operations are possible with ARM DAP.
2. Non JTAG bootmode - Bootrom may need time to enable DAP.
Please try again.


Troubleshooting hints:
1. Check whether board is connected to system properly.
2. In case of zynq board, check whether Digilent/Xilinx cable switch settings are correct.
3. If you are using Xilinx Platform Cable USB, ensure that status LED is green.
15:13:48 INFO  : Connected to target on host '127.0.0.1' and port '3121'.
15:13:48 INFO  : Jtag cable 'Digilent JTAG-SMT2NC 210308B76ABA' is selected.
15:13:48 INFO  : 'jtag frequency' command is executed.
15:13:48 INFO  : Sourcing of 'C:/Xilinx/Vitis/2023.1/scripts/vitis/util/zynqmp_utils.tcl' is done.
15:13:48 INFO  : Context for 'APU' is selected.
15:13:48 INFO  : System reset is completed.
15:13:51 INFO  : 'after 3000' command is executed.
15:13:51 INFO  : 'targets -set -filter {jtag_cable_name =~ "Digilent JTAG-SMT2NC 210308B76ABA" && level==0 && jtag_device_ctx=="jsn-JTAG-SMT2NC-210308B76ABA-24738093-0"}' command is executed.
15:14:07 INFO  : Device configured successfully with "C:/Crosscon_original/project_shell_v2/bitstreams/top3.bit"
15:14:07 INFO  : Context for 'PSU' is selected.
15:14:07 INFO  : 'catch {disable_pmu_gate}' command is executed.
15:14:07 INFO  : Context for 'APU' is selected.
15:14:07 INFO  : Hardware design and registers information is loaded from 'C:/Crosscon_original/sdk_v2/FPGA_Demo/export/FPGA_Demo/hw/top_wrapper.xsa'.
15:14:07 INFO  : 'configparams force-mem-access 1' command is executed.
15:14:07 INFO  : Context for 'APU' is selected.
15:14:07 INFO  : Boot mode is read from the target.
15:14:07 INFO  : Context for processor 'psu_cortexr5_0' is selected.
15:14:07 INFO  : Processor reset is completed for 'psu_cortexr5_0'.
15:14:07 INFO  : The application 'C:/Crosscon_original/sdk_v2/FPGA_Demo/export/FPGA_Demo/sw/FPGA_Demo/boot/fsbl.elf' is downloaded to processor 'psu_cortexr5_0'.
15:14:07 INFO  : 'set bp_14_7_fsbl_bp [bpadd -addr &XFsbl_Exit]' command is executed.
15:14:08 INFO  : 'con -block -timeout 60' command is executed.
15:14:08 INFO  : 'bpremove $bp_14_7_fsbl_bp' command is executed.
15:14:08 INFO  : Context for processor 'psu_cortexa53_0' is selected.
15:14:08 INFO  : Processor reset is completed for 'psu_cortexa53_0'.
15:14:13 INFO  : 'dow -data C:/Crosscon_original/project_shell_v2/bitstreams/vfpga1_shift_left_partial_icap_bs.bin 0x20000000' command is executed.
15:14:15 INFO  : The application 'C:/Crosscon_original/sdk_v2/appx/Debug/appx.elf' is downloaded to processor 'psu_cortexa53_0'.
15:14:15 INFO  : Context for processor 'psu_cortexr5_0' is selected.
15:14:15 INFO  : Processor reset is completed for 'psu_cortexr5_0'.
15:14:17 INFO  : The application 'C:/Crosscon_original/sdk_v2/fpga_ta/Debug/fpga_ta.elf' is downloaded to processor 'psu_cortexr5_0'.
15:14:17 INFO  : Context for processor 'psu_pmu_0' is selected.
15:14:18 INFO  : 'catch {stop}' command is executed.
15:14:18 INFO  : Processor reset is completed for 'psu_pmu_0'.
15:14:18 INFO  : The application 'C:/Crosscon_original/sdk_v2/FPGA_Demo/export/FPGA_Demo/sw/FPGA_Demo/boot/pmufw.elf' is downloaded to processor 'psu_pmu_0'.
15:14:18 INFO  : 'configparams force-mem-access 0' command is executed.
15:14:18 INFO  : ----------------XSDB Script----------------
connect -url tcp:127.0.0.1:3121
source C:/Xilinx/Vitis/2023.1/scripts/vitis/util/zynqmp_utils.tcl
targets -set -nocase -filter {name =~"APU*"}
rst -system
after 3000
targets -set -filter {jtag_cable_name =~ "Digilent JTAG-SMT2NC 210308B76ABA" && level==0 && jtag_device_ctx=="jsn-JTAG-SMT2NC-210308B76ABA-24738093-0"}
fpga -file C:/Crosscon_original/project_shell_v2/bitstreams/top3.bit
targets -set -nocase -filter {name =~"PSU*"}
catch {disable_pmu_gate}
targets -set -nocase -filter {name =~"APU*"}
loadhw -hw C:/Crosscon_original/sdk_v2/FPGA_Demo/export/FPGA_Demo/hw/top_wrapper.xsa -mem-ranges [list {0x80000000 0xbfffffff} {0x400000000 0x5ffffffff} {0x1000000000 0x7fffffffff}] -regs
configparams force-mem-access 1
targets -set -nocase -filter {name =~"APU*"}
set mode [expr [mrd -value 0xFF5E0200] & 0xf]
targets -set -nocase -filter {name =~ "*R5*#0"}
rst -processor
dow C:/Crosscon_original/sdk_v2/FPGA_Demo/export/FPGA_Demo/sw/FPGA_Demo/boot/fsbl.elf
set bp_14_7_fsbl_bp [bpadd -addr &XFsbl_Exit]
con -block -timeout 60
bpremove $bp_14_7_fsbl_bp
targets -set -nocase -filter {name =~ "*A53*#0"}
rst -processor
dow -data C:/Crosscon_original/project_shell_v2/bitstreams/vfpga1_shift_left_partial_icap_bs.bin 0x20000000
dow C:/Crosscon_original/sdk_v2/appx/Debug/appx.elf
targets -set -nocase -filter {name =~ "*R5*#0"}
rst -processor
dow C:/Crosscon_original/sdk_v2/fpga_ta/Debug/fpga_ta.elf
targets -set -nocase -filter {name =~ "MicroBlaze*PMU*"}
catch {stop}
rst -processor
dow C:/Crosscon_original/sdk_v2/FPGA_Demo/export/FPGA_Demo/sw/FPGA_Demo/boot/pmufw.elf
configparams force-mem-access 0
----------------End of Script----------------

15:14:18 INFO  : Context for processor 'psu_cortexa53_0' is selected.
15:14:18 INFO  : 'con' command is executed.
15:14:18 INFO  : Context for processor 'psu_cortexr5_0' is selected.
15:14:18 INFO  : 'con' command is executed.
15:14:18 INFO  : Context for processor 'psu_pmu_0' is selected.
15:14:18 INFO  : 'con' command is executed.
15:14:18 INFO  : ----------------XSDB Script (After Launch)----------------
targets -set -nocase -filter {name =~ "*A53*#0"}
con
targets -set -nocase -filter {name =~ "*R5*#0"}
con
targets -set -nocase -filter {name =~ "MicroBlaze*PMU*"}
con
----------------End of Script----------------

15:14:18 INFO  : Launch script is exported to file 'C:\Crosscon_original\sdk_v2\appx_system\_ide\scripts\debugger_appx-default_1.tcl'
15:22:17 INFO  : Result from executing command 'getProjects': FPGA_Demo
15:22:17 INFO  : Result from executing command 'getPlatforms': FPGA_Demo|C:/Crosscon_original/sdk_v2/FPGA_Demo/export/FPGA_Demo/FPGA_Demo.xpfm;xilinx_vck190_base_202310_1|C:/Xilinx/Vitis/2023.1/base_platforms/xilinx_vck190_base_202310_1/xilinx_vck190_base_202310_1.xpfm;xilinx_vck190_base_dfx_202310_1|C:/Xilinx/Vitis/2023.1/base_platforms/xilinx_vck190_base_dfx_202310_1/xilinx_vck190_base_dfx_202310_1.xpfm;xilinx_vek280_es1_base_202310_1|C:/Xilinx/Vitis/2023.1/base_platforms/xilinx_vek280_es1_base_202310_1/xilinx_vek280_es1_base_202310_1.xpfm;xilinx_vmk180_base_202310_1|C:/Xilinx/Vitis/2023.1/base_platforms/xilinx_vmk180_base_202310_1/xilinx_vmk180_base_202310_1.xpfm;xilinx_zcu102_base_202310_1|C:/Xilinx/Vitis/2023.1/base_platforms/xilinx_zcu102_base_202310_1/xilinx_zcu102_base_202310_1.xpfm;xilinx_zcu102_base_dfx_202310_1|C:/Xilinx/Vitis/2023.1/base_platforms/xilinx_zcu102_base_dfx_202310_1/xilinx_zcu102_base_dfx_202310_1.xpfm;xilinx_zcu104_base_202310_1|C:/Xilinx/Vitis/2023.1/base_platforms/xilinx_zcu104_base_202310_1/xilinx_zcu104_base_202310_1.xpfm
15:22:18 INFO  : Checking for BSP changes to sync application flags for project 'appx'...
15:25:13 INFO  : Disconnected from the channel tcfchan#4.
15:25:14 INFO  : Connected to target on host '127.0.0.1' and port '3121'.
15:25:14 INFO  : Jtag cable 'Digilent JTAG-SMT2NC 210308B76ABA' is selected.
15:25:14 INFO  : 'jtag frequency' command is executed.
15:25:14 INFO  : Sourcing of 'C:/Xilinx/Vitis/2023.1/scripts/vitis/util/zynqmp_utils.tcl' is done.
15:25:14 INFO  : Context for 'APU' is selected.
15:25:15 INFO  : System reset is completed.
15:25:18 INFO  : 'after 3000' command is executed.
15:25:18 INFO  : 'targets -set -filter {jtag_cable_name =~ "Digilent JTAG-SMT2NC 210308B76ABA" && level==0 && jtag_device_ctx=="jsn-JTAG-SMT2NC-210308B76ABA-24738093-0"}' command is executed.
15:25:33 INFO  : Device configured successfully with "C:/Crosscon_original/project_shell_v2/bitstreams/top3.bit"
15:25:33 INFO  : Context for 'PSU' is selected.
15:25:33 INFO  : 'catch {disable_pmu_gate}' command is executed.
15:25:33 INFO  : Context for 'APU' is selected.
15:25:33 INFO  : Hardware design and registers information is loaded from 'C:/Crosscon_original/sdk_v2/FPGA_Demo/export/FPGA_Demo/hw/top_wrapper.xsa'.
15:25:33 INFO  : 'configparams force-mem-access 1' command is executed.
15:25:33 INFO  : Context for 'APU' is selected.
15:25:33 INFO  : Boot mode is read from the target.
15:25:33 INFO  : Context for processor 'psu_cortexr5_0' is selected.
15:25:33 INFO  : Processor reset is completed for 'psu_cortexr5_0'.
15:25:33 INFO  : The application 'C:/Crosscon_original/sdk_v2/FPGA_Demo/export/FPGA_Demo/sw/FPGA_Demo/boot/fsbl.elf' is downloaded to processor 'psu_cortexr5_0'.
15:25:33 INFO  : 'set bp_25_33_fsbl_bp [bpadd -addr &XFsbl_Exit]' command is executed.
15:25:34 INFO  : 'con -block -timeout 60' command is executed.
15:25:34 INFO  : 'bpremove $bp_25_33_fsbl_bp' command is executed.
15:25:34 INFO  : Context for processor 'psu_cortexa53_0' is selected.
15:25:34 INFO  : Processor reset is completed for 'psu_cortexa53_0'.
15:25:40 INFO  : 'dow -data C:/Crosscon_original/project_shell_v2/bitstreams/vfpga1_shift_left_partial_icap_bs.bin 0x20000000' command is executed.
15:25:42 INFO  : The application 'C:/Crosscon_original/sdk_v2/appx/Debug/appx.elf' is downloaded to processor 'psu_cortexa53_0'.
15:25:42 INFO  : Context for processor 'psu_cortexr5_0' is selected.
15:25:42 INFO  : Processor reset is completed for 'psu_cortexr5_0'.
15:25:44 INFO  : The application 'C:/Crosscon_original/sdk_v2/fpga_ta/Debug/fpga_ta.elf' is downloaded to processor 'psu_cortexr5_0'.
15:25:44 INFO  : Context for processor 'psu_pmu_0' is selected.
15:25:44 INFO  : 'catch {stop}' command is executed.
15:25:45 INFO  : Processor reset is completed for 'psu_pmu_0'.
15:25:45 INFO  : The application 'C:/Crosscon_original/sdk_v2/FPGA_Demo/export/FPGA_Demo/sw/FPGA_Demo/boot/pmufw.elf' is downloaded to processor 'psu_pmu_0'.
15:25:45 INFO  : 'configparams force-mem-access 0' command is executed.
15:25:45 INFO  : ----------------XSDB Script----------------
connect -url tcp:127.0.0.1:3121
source C:/Xilinx/Vitis/2023.1/scripts/vitis/util/zynqmp_utils.tcl
targets -set -nocase -filter {name =~"APU*"}
rst -system
after 3000
targets -set -filter {jtag_cable_name =~ "Digilent JTAG-SMT2NC 210308B76ABA" && level==0 && jtag_device_ctx=="jsn-JTAG-SMT2NC-210308B76ABA-24738093-0"}
fpga -file C:/Crosscon_original/project_shell_v2/bitstreams/top3.bit
targets -set -nocase -filter {name =~"PSU*"}
catch {disable_pmu_gate}
targets -set -nocase -filter {name =~"APU*"}
loadhw -hw C:/Crosscon_original/sdk_v2/FPGA_Demo/export/FPGA_Demo/hw/top_wrapper.xsa -mem-ranges [list {0x80000000 0xbfffffff} {0x400000000 0x5ffffffff} {0x1000000000 0x7fffffffff}] -regs
configparams force-mem-access 1
targets -set -nocase -filter {name =~"APU*"}
set mode [expr [mrd -value 0xFF5E0200] & 0xf]
targets -set -nocase -filter {name =~ "*R5*#0"}
rst -processor
dow C:/Crosscon_original/sdk_v2/FPGA_Demo/export/FPGA_Demo/sw/FPGA_Demo/boot/fsbl.elf
set bp_25_33_fsbl_bp [bpadd -addr &XFsbl_Exit]
con -block -timeout 60
bpremove $bp_25_33_fsbl_bp
targets -set -nocase -filter {name =~ "*A53*#0"}
rst -processor
dow -data C:/Crosscon_original/project_shell_v2/bitstreams/vfpga1_shift_left_partial_icap_bs.bin 0x20000000
dow C:/Crosscon_original/sdk_v2/appx/Debug/appx.elf
targets -set -nocase -filter {name =~ "*R5*#0"}
rst -processor
dow C:/Crosscon_original/sdk_v2/fpga_ta/Debug/fpga_ta.elf
targets -set -nocase -filter {name =~ "MicroBlaze*PMU*"}
catch {stop}
rst -processor
dow C:/Crosscon_original/sdk_v2/FPGA_Demo/export/FPGA_Demo/sw/FPGA_Demo/boot/pmufw.elf
configparams force-mem-access 0
----------------End of Script----------------

15:25:45 INFO  : Context for processor 'psu_cortexa53_0' is selected.
15:25:45 INFO  : 'con' command is executed.
15:25:45 INFO  : Context for processor 'psu_cortexr5_0' is selected.
15:25:45 INFO  : 'con' command is executed.
15:25:45 INFO  : Context for processor 'psu_pmu_0' is selected.
15:25:45 INFO  : 'con' command is executed.
15:25:45 INFO  : ----------------XSDB Script (After Launch)----------------
targets -set -nocase -filter {name =~ "*A53*#0"}
con
targets -set -nocase -filter {name =~ "*R5*#0"}
con
targets -set -nocase -filter {name =~ "MicroBlaze*PMU*"}
con
----------------End of Script----------------

15:25:45 INFO  : Launch script is exported to file 'C:\Crosscon_original\sdk_v2\appx_system\_ide\scripts\debugger_appx-default_1.tcl'
15:26:14 INFO  : Disconnected from the channel tcfchan#6.
15:26:15 INFO  : Connected to target on host '127.0.0.1' and port '3121'.
15:26:18 INFO  : Jtag cable 'Digilent JTAG-SMT2NC 210308B76ABA' is selected.
15:26:18 INFO  : 'jtag frequency' command is executed.
15:26:18 INFO  : Sourcing of 'C:/Xilinx/Vitis/2023.1/scripts/vitis/util/zynqmp_utils.tcl' is done.
15:26:18 INFO  : Context for 'APU' is selected.
15:26:18 INFO  : System reset is completed.
15:26:21 INFO  : 'after 3000' command is executed.
15:26:21 INFO  : 'targets -set -filter {jtag_cable_name =~ "Digilent JTAG-SMT2NC 210308B76ABA" && level==0 && jtag_device_ctx=="jsn-JTAG-SMT2NC-210308B76ABA-24738093-0"}' command is executed.
15:26:36 INFO  : Device configured successfully with "C:/Crosscon_original/project_shell_v2/bitstreams/top3.bit"
15:26:36 INFO  : Context for 'PSU' is selected.
15:26:36 INFO  : 'catch {disable_pmu_gate}' command is executed.
15:26:36 INFO  : Context for 'APU' is selected.
15:26:36 INFO  : Hardware design and registers information is loaded from 'C:/Crosscon_original/sdk_v2/FPGA_Demo/export/FPGA_Demo/hw/top_wrapper.xsa'.
15:26:36 INFO  : 'configparams force-mem-access 1' command is executed.
15:26:36 INFO  : Context for 'APU' is selected.
15:26:36 INFO  : Boot mode is read from the target.
15:26:36 INFO  : Context for processor 'psu_cortexr5_0' is selected.
15:26:36 INFO  : Processor reset is completed for 'psu_cortexr5_0'.
15:26:37 INFO  : The application 'C:/Crosscon_original/sdk_v2/FPGA_Demo/export/FPGA_Demo/sw/FPGA_Demo/boot/fsbl.elf' is downloaded to processor 'psu_cortexr5_0'.
15:26:37 INFO  : 'set bp_26_37_fsbl_bp [bpadd -addr &XFsbl_Exit]' command is executed.
15:26:38 INFO  : 'con -block -timeout 60' command is executed.
15:26:38 INFO  : 'bpremove $bp_26_37_fsbl_bp' command is executed.
15:26:38 INFO  : Context for processor 'psu_cortexa53_0' is selected.
15:26:38 INFO  : Processor reset is completed for 'psu_cortexa53_0'.
15:26:43 INFO  : 'dow -data C:/Crosscon_original/project_shell_v2/bitstreams/vfpga1_shift_left_partial_icap_bs.bin 0x20000000' command is executed.
15:26:45 INFO  : The application 'C:/Crosscon_original/sdk_v2/appx/Debug/appx.elf' is downloaded to processor 'psu_cortexa53_0'.
15:26:45 INFO  : Context for processor 'psu_cortexr5_0' is selected.
15:26:45 INFO  : Processor reset is completed for 'psu_cortexr5_0'.
15:26:48 INFO  : The application 'C:/Crosscon_original/sdk_v2/fpga_ta/Debug/fpga_ta.elf' is downloaded to processor 'psu_cortexr5_0'.
15:26:48 INFO  : Context for processor 'psu_pmu_0' is selected.
15:26:48 INFO  : 'catch {stop}' command is executed.
15:26:48 INFO  : Processor reset is completed for 'psu_pmu_0'.
15:26:48 INFO  : The application 'C:/Crosscon_original/sdk_v2/FPGA_Demo/export/FPGA_Demo/sw/FPGA_Demo/boot/pmufw.elf' is downloaded to processor 'psu_pmu_0'.
15:26:48 INFO  : 'configparams force-mem-access 0' command is executed.
15:26:48 INFO  : ----------------XSDB Script----------------
connect -url tcp:127.0.0.1:3121
source C:/Xilinx/Vitis/2023.1/scripts/vitis/util/zynqmp_utils.tcl
targets -set -nocase -filter {name =~"APU*"}
rst -system
after 3000
targets -set -filter {jtag_cable_name =~ "Digilent JTAG-SMT2NC 210308B76ABA" && level==0 && jtag_device_ctx=="jsn-JTAG-SMT2NC-210308B76ABA-24738093-0"}
fpga -file C:/Crosscon_original/project_shell_v2/bitstreams/top3.bit
targets -set -nocase -filter {name =~"PSU*"}
catch {disable_pmu_gate}
targets -set -nocase -filter {name =~"APU*"}
loadhw -hw C:/Crosscon_original/sdk_v2/FPGA_Demo/export/FPGA_Demo/hw/top_wrapper.xsa -mem-ranges [list {0x80000000 0xbfffffff} {0x400000000 0x5ffffffff} {0x1000000000 0x7fffffffff}] -regs
configparams force-mem-access 1
targets -set -nocase -filter {name =~"APU*"}
set mode [expr [mrd -value 0xFF5E0200] & 0xf]
targets -set -nocase -filter {name =~ "*R5*#0"}
rst -processor
dow C:/Crosscon_original/sdk_v2/FPGA_Demo/export/FPGA_Demo/sw/FPGA_Demo/boot/fsbl.elf
set bp_26_37_fsbl_bp [bpadd -addr &XFsbl_Exit]
con -block -timeout 60
bpremove $bp_26_37_fsbl_bp
targets -set -nocase -filter {name =~ "*A53*#0"}
rst -processor
dow -data C:/Crosscon_original/project_shell_v2/bitstreams/vfpga1_shift_left_partial_icap_bs.bin 0x20000000
dow C:/Crosscon_original/sdk_v2/appx/Debug/appx.elf
targets -set -nocase -filter {name =~ "*R5*#0"}
rst -processor
dow C:/Crosscon_original/sdk_v2/fpga_ta/Debug/fpga_ta.elf
targets -set -nocase -filter {name =~ "MicroBlaze*PMU*"}
catch {stop}
rst -processor
dow C:/Crosscon_original/sdk_v2/FPGA_Demo/export/FPGA_Demo/sw/FPGA_Demo/boot/pmufw.elf
configparams force-mem-access 0
----------------End of Script----------------

15:26:48 INFO  : Context for processor 'psu_cortexa53_0' is selected.
15:26:48 INFO  : 'con' command is executed.
15:26:48 INFO  : Context for processor 'psu_cortexr5_0' is selected.
15:26:48 INFO  : 'con' command is executed.
15:26:48 INFO  : Context for processor 'psu_pmu_0' is selected.
15:26:49 INFO  : 'con' command is executed.
15:26:49 INFO  : ----------------XSDB Script (After Launch)----------------
targets -set -nocase -filter {name =~ "*A53*#0"}
con
targets -set -nocase -filter {name =~ "*R5*#0"}
con
targets -set -nocase -filter {name =~ "MicroBlaze*PMU*"}
con
----------------End of Script----------------

15:26:49 INFO  : Launch script is exported to file 'C:\Crosscon_original\sdk_v2\appx_system\_ide\scripts\debugger_appx-default_1.tcl'
15:26:58 INFO  : Disconnected from the channel tcfchan#7.
15:26:59 INFO  : Connected to target on host '127.0.0.1' and port '3121'.
15:26:59 INFO  : Jtag cable 'Digilent JTAG-SMT2NC 210308B76ABA' is selected.
15:26:59 INFO  : 'jtag frequency' command is executed.
15:26:59 INFO  : Sourcing of 'C:/Xilinx/Vitis/2023.1/scripts/vitis/util/zynqmp_utils.tcl' is done.
15:26:59 INFO  : Context for 'APU' is selected.
15:26:59 INFO  : System reset is completed.
15:27:02 INFO  : 'after 3000' command is executed.
15:27:02 INFO  : 'targets -set -filter {jtag_cable_name =~ "Digilent JTAG-SMT2NC 210308B76ABA" && level==0 && jtag_device_ctx=="jsn-JTAG-SMT2NC-210308B76ABA-24738093-0"}' command is executed.
15:27:18 INFO  : Device configured successfully with "C:/Crosscon_original/project_shell_v2/bitstreams/top3.bit"
15:27:18 INFO  : Context for 'PSU' is selected.
15:27:18 INFO  : 'catch {disable_pmu_gate}' command is executed.
15:27:18 INFO  : Context for 'APU' is selected.
15:27:18 INFO  : Hardware design and registers information is loaded from 'C:/Crosscon_original/sdk_v2/FPGA_Demo/export/FPGA_Demo/hw/top_wrapper.xsa'.
15:27:18 INFO  : 'configparams force-mem-access 1' command is executed.
15:27:18 INFO  : Context for 'APU' is selected.
15:27:18 INFO  : Boot mode is read from the target.
15:27:18 INFO  : Context for processor 'psu_cortexr5_0' is selected.
15:27:18 INFO  : Processor reset is completed for 'psu_cortexr5_0'.
15:27:18 INFO  : The application 'C:/Crosscon_original/sdk_v2/FPGA_Demo/export/FPGA_Demo/sw/FPGA_Demo/boot/fsbl.elf' is downloaded to processor 'psu_cortexr5_0'.
15:27:18 INFO  : 'set bp_27_18_fsbl_bp [bpadd -addr &XFsbl_Exit]' command is executed.
15:27:19 INFO  : 'con -block -timeout 60' command is executed.
15:27:19 INFO  : 'bpremove $bp_27_18_fsbl_bp' command is executed.
15:27:19 INFO  : Context for processor 'psu_cortexa53_0' is selected.
15:27:19 INFO  : Processor reset is completed for 'psu_cortexa53_0'.
15:27:24 INFO  : 'dow -data C:/Crosscon_original/project_shell_v2/bitstreams/vfpga1_shift_left_partial_icap_bs.bin 0x20000000' command is executed.
15:27:27 INFO  : The application 'C:/Crosscon_original/sdk_v2/appx/Debug/appx.elf' is downloaded to processor 'psu_cortexa53_0'.
15:27:27 INFO  : Context for processor 'psu_cortexr5_0' is selected.
15:27:27 INFO  : Processor reset is completed for 'psu_cortexr5_0'.
15:27:29 INFO  : The application 'C:/Crosscon_original/sdk_v2/fpga_ta/Debug/fpga_ta.elf' is downloaded to processor 'psu_cortexr5_0'.
15:27:29 INFO  : Context for processor 'psu_pmu_0' is selected.
15:27:29 INFO  : 'catch {stop}' command is executed.
15:27:29 INFO  : Processor reset is completed for 'psu_pmu_0'.
15:27:30 INFO  : The application 'C:/Crosscon_original/sdk_v2/FPGA_Demo/export/FPGA_Demo/sw/FPGA_Demo/boot/pmufw.elf' is downloaded to processor 'psu_pmu_0'.
15:27:30 INFO  : 'configparams force-mem-access 0' command is executed.
15:27:30 INFO  : ----------------XSDB Script----------------
connect -url tcp:127.0.0.1:3121
source C:/Xilinx/Vitis/2023.1/scripts/vitis/util/zynqmp_utils.tcl
targets -set -nocase -filter {name =~"APU*"}
rst -system
after 3000
targets -set -filter {jtag_cable_name =~ "Digilent JTAG-SMT2NC 210308B76ABA" && level==0 && jtag_device_ctx=="jsn-JTAG-SMT2NC-210308B76ABA-24738093-0"}
fpga -file C:/Crosscon_original/project_shell_v2/bitstreams/top3.bit
targets -set -nocase -filter {name =~"PSU*"}
catch {disable_pmu_gate}
targets -set -nocase -filter {name =~"APU*"}
loadhw -hw C:/Crosscon_original/sdk_v2/FPGA_Demo/export/FPGA_Demo/hw/top_wrapper.xsa -mem-ranges [list {0x80000000 0xbfffffff} {0x400000000 0x5ffffffff} {0x1000000000 0x7fffffffff}] -regs
configparams force-mem-access 1
targets -set -nocase -filter {name =~"APU*"}
set mode [expr [mrd -value 0xFF5E0200] & 0xf]
targets -set -nocase -filter {name =~ "*R5*#0"}
rst -processor
dow C:/Crosscon_original/sdk_v2/FPGA_Demo/export/FPGA_Demo/sw/FPGA_Demo/boot/fsbl.elf
set bp_27_18_fsbl_bp [bpadd -addr &XFsbl_Exit]
con -block -timeout 60
bpremove $bp_27_18_fsbl_bp
targets -set -nocase -filter {name =~ "*A53*#0"}
rst -processor
dow -data C:/Crosscon_original/project_shell_v2/bitstreams/vfpga1_shift_left_partial_icap_bs.bin 0x20000000
dow C:/Crosscon_original/sdk_v2/appx/Debug/appx.elf
targets -set -nocase -filter {name =~ "*R5*#0"}
rst -processor
dow C:/Crosscon_original/sdk_v2/fpga_ta/Debug/fpga_ta.elf
targets -set -nocase -filter {name =~ "MicroBlaze*PMU*"}
catch {stop}
rst -processor
dow C:/Crosscon_original/sdk_v2/FPGA_Demo/export/FPGA_Demo/sw/FPGA_Demo/boot/pmufw.elf
configparams force-mem-access 0
----------------End of Script----------------

15:27:30 INFO  : Context for processor 'psu_cortexa53_0' is selected.
15:27:30 INFO  : 'con' command is executed.
15:27:30 INFO  : Context for processor 'psu_cortexr5_0' is selected.
15:27:30 INFO  : 'con' command is executed.
15:27:30 INFO  : Context for processor 'psu_pmu_0' is selected.
15:27:30 INFO  : 'con' command is executed.
15:27:30 INFO  : ----------------XSDB Script (After Launch)----------------
targets -set -nocase -filter {name =~ "*A53*#0"}
con
targets -set -nocase -filter {name =~ "*R5*#0"}
con
targets -set -nocase -filter {name =~ "MicroBlaze*PMU*"}
con
----------------End of Script----------------

15:27:30 INFO  : Launch script is exported to file 'C:\Crosscon_original\sdk_v2\appx_system\_ide\scripts\debugger_appx-default_1.tcl'
15:39:37 INFO  : Checking for BSP changes to sync application flags for project 'fpga_ta'...
15:39:42 INFO  : Checking for BSP changes to sync application flags for project 'appx'...
15:39:47 INFO  : Disconnected from the channel tcfchan#8.
15:39:48 INFO  : Connected to target on host '127.0.0.1' and port '3121'.
15:39:55 INFO  : Jtag cable 'Digilent JTAG-SMT2NC 210308B76ABA' is selected.
15:39:55 INFO  : 'jtag frequency' command is executed.
15:39:55 INFO  : Sourcing of 'C:/Xilinx/Vitis/2023.1/scripts/vitis/util/zynqmp_utils.tcl' is done.
15:39:55 INFO  : Context for 'APU' is selected.
15:39:55 INFO  : System reset is completed.
15:39:58 INFO  : 'after 3000' command is executed.
15:39:58 INFO  : 'targets -set -filter {jtag_cable_name =~ "Digilent JTAG-SMT2NC 210308B76ABA" && level==0 && jtag_device_ctx=="jsn-JTAG-SMT2NC-210308B76ABA-24738093-0"}' command is executed.
15:40:13 INFO  : Device configured successfully with "C:/Crosscon_original/project_shell_v2/bitstreams/top3.bit"
15:40:13 INFO  : Context for 'PSU' is selected.
15:40:13 INFO  : 'catch {disable_pmu_gate}' command is executed.
15:40:13 INFO  : Context for 'APU' is selected.
15:40:13 INFO  : Hardware design and registers information is loaded from 'C:/Crosscon_original/sdk_v2/FPGA_Demo/export/FPGA_Demo/hw/top_wrapper.xsa'.
15:40:13 INFO  : 'configparams force-mem-access 1' command is executed.
15:40:13 INFO  : Context for 'APU' is selected.
15:40:13 INFO  : Boot mode is read from the target.
15:40:13 INFO  : Context for processor 'psu_cortexr5_0' is selected.
15:40:13 INFO  : Processor reset is completed for 'psu_cortexr5_0'.
15:40:14 INFO  : The application 'C:/Crosscon_original/sdk_v2/FPGA_Demo/export/FPGA_Demo/sw/FPGA_Demo/boot/fsbl.elf' is downloaded to processor 'psu_cortexr5_0'.
15:40:14 INFO  : 'set bp_40_14_fsbl_bp [bpadd -addr &XFsbl_Exit]' command is executed.
15:40:15 INFO  : 'con -block -timeout 60' command is executed.
15:40:15 INFO  : 'bpremove $bp_40_14_fsbl_bp' command is executed.
15:40:15 INFO  : Context for processor 'psu_cortexa53_0' is selected.
15:40:15 INFO  : Processor reset is completed for 'psu_cortexa53_0'.
15:40:20 INFO  : 'dow -data C:/Crosscon_original/project_shell_v2/bitstreams/vfpga1_shift_left_partial_icap_bs.bin 0x20000000' command is executed.
15:40:22 INFO  : The application 'C:/Crosscon_original/sdk_v2/appx/Debug/appx.elf' is downloaded to processor 'psu_cortexa53_0'.
15:40:22 INFO  : Context for processor 'psu_cortexr5_0' is selected.
15:40:22 INFO  : Processor reset is completed for 'psu_cortexr5_0'.
15:40:24 INFO  : The application 'C:/Crosscon_original/sdk_v2/fpga_ta/Debug/fpga_ta.elf' is downloaded to processor 'psu_cortexr5_0'.
15:40:24 INFO  : Context for processor 'psu_pmu_0' is selected.
15:40:24 INFO  : 'catch {stop}' command is executed.
15:40:24 INFO  : Processor reset is completed for 'psu_pmu_0'.
15:40:25 INFO  : The application 'C:/Crosscon_original/sdk_v2/FPGA_Demo/export/FPGA_Demo/sw/FPGA_Demo/boot/pmufw.elf' is downloaded to processor 'psu_pmu_0'.
15:40:25 INFO  : 'configparams force-mem-access 0' command is executed.
15:40:25 INFO  : ----------------XSDB Script----------------
connect -url tcp:127.0.0.1:3121
source C:/Xilinx/Vitis/2023.1/scripts/vitis/util/zynqmp_utils.tcl
targets -set -nocase -filter {name =~"APU*"}
rst -system
after 3000
targets -set -filter {jtag_cable_name =~ "Digilent JTAG-SMT2NC 210308B76ABA" && level==0 && jtag_device_ctx=="jsn-JTAG-SMT2NC-210308B76ABA-24738093-0"}
fpga -file C:/Crosscon_original/project_shell_v2/bitstreams/top3.bit
targets -set -nocase -filter {name =~"PSU*"}
catch {disable_pmu_gate}
targets -set -nocase -filter {name =~"APU*"}
loadhw -hw C:/Crosscon_original/sdk_v2/FPGA_Demo/export/FPGA_Demo/hw/top_wrapper.xsa -mem-ranges [list {0x80000000 0xbfffffff} {0x400000000 0x5ffffffff} {0x1000000000 0x7fffffffff}] -regs
configparams force-mem-access 1
targets -set -nocase -filter {name =~"APU*"}
set mode [expr [mrd -value 0xFF5E0200] & 0xf]
targets -set -nocase -filter {name =~ "*R5*#0"}
rst -processor
dow C:/Crosscon_original/sdk_v2/FPGA_Demo/export/FPGA_Demo/sw/FPGA_Demo/boot/fsbl.elf
set bp_40_14_fsbl_bp [bpadd -addr &XFsbl_Exit]
con -block -timeout 60
bpremove $bp_40_14_fsbl_bp
targets -set -nocase -filter {name =~ "*A53*#0"}
rst -processor
dow -data C:/Crosscon_original/project_shell_v2/bitstreams/vfpga1_shift_left_partial_icap_bs.bin 0x20000000
dow C:/Crosscon_original/sdk_v2/appx/Debug/appx.elf
targets -set -nocase -filter {name =~ "*R5*#0"}
rst -processor
dow C:/Crosscon_original/sdk_v2/fpga_ta/Debug/fpga_ta.elf
targets -set -nocase -filter {name =~ "MicroBlaze*PMU*"}
catch {stop}
rst -processor
dow C:/Crosscon_original/sdk_v2/FPGA_Demo/export/FPGA_Demo/sw/FPGA_Demo/boot/pmufw.elf
configparams force-mem-access 0
----------------End of Script----------------

15:40:25 INFO  : Context for processor 'psu_cortexa53_0' is selected.
15:40:25 INFO  : 'con' command is executed.
15:40:25 INFO  : Context for processor 'psu_cortexr5_0' is selected.
15:40:25 INFO  : 'con' command is executed.
15:40:25 INFO  : Context for processor 'psu_pmu_0' is selected.
15:40:25 INFO  : 'con' command is executed.
15:40:25 INFO  : ----------------XSDB Script (After Launch)----------------
targets -set -nocase -filter {name =~ "*A53*#0"}
con
targets -set -nocase -filter {name =~ "*R5*#0"}
con
targets -set -nocase -filter {name =~ "MicroBlaze*PMU*"}
con
----------------End of Script----------------

15:40:25 INFO  : Launch script is exported to file 'C:\Crosscon_original\sdk_v2\appx_system\_ide\scripts\debugger_appx-default_1.tcl'
15:40:48 INFO  : Disconnected from the channel tcfchan#9.
15:40:49 INFO  : Connected to target on host '127.0.0.1' and port '3121'.
15:40:59 INFO  : ----------------XSDB Script----------------
connect -url tcp:127.0.0.1:3121
----------------End of Script----------------

15:40:59 ERROR : Could not find ARM device on the board for connection 'Local'.
Check if the target is in:
1. Split JTAG - No operations are possible with ARM DAP.
2. Non JTAG bootmode - Bootrom may need time to enable DAP.
Please try again.


Troubleshooting hints:
1. Check whether board is connected to system properly.
2. In case of zynq board, check whether Digilent/Xilinx cable switch settings are correct.
3. If you are using Xilinx Platform Cable USB, ensure that status LED is green.
15:41:03 INFO  : Connected to target on host '127.0.0.1' and port '3121'.
15:41:03 INFO  : Jtag cable 'Digilent JTAG-SMT2NC 210308B76ABA' is selected.
15:41:03 INFO  : 'jtag frequency' command is executed.
15:41:03 INFO  : Sourcing of 'C:/Xilinx/Vitis/2023.1/scripts/vitis/util/zynqmp_utils.tcl' is done.
15:41:03 INFO  : Context for 'APU' is selected.
15:41:03 INFO  : System reset is completed.
15:41:06 INFO  : 'after 3000' command is executed.
15:41:06 INFO  : 'targets -set -filter {jtag_cable_name =~ "Digilent JTAG-SMT2NC 210308B76ABA" && level==0 && jtag_device_ctx=="jsn-JTAG-SMT2NC-210308B76ABA-24738093-0"}' command is executed.
15:41:21 INFO  : Device configured successfully with "C:/Crosscon_original/project_shell_v2/bitstreams/top3.bit"
15:41:21 INFO  : Connected to target on host '127.0.0.1' and port '3121'.
15:41:21 INFO  : Context for 'PSU' is selected.
15:41:21 INFO  : 'catch {disable_pmu_gate}' command is executed.
15:41:21 INFO  : Context for 'APU' is selected.
15:41:21 INFO  : Hardware design and registers information is loaded from 'C:/Crosscon_original/sdk_v2/FPGA_Demo/export/FPGA_Demo/hw/top_wrapper.xsa'.
15:41:21 INFO  : 'configparams force-mem-access 1' command is executed.
15:41:21 INFO  : Context for 'APU' is selected.
15:41:21 INFO  : Boot mode is read from the target.
15:41:21 INFO  : Context for processor 'psu_cortexr5_0' is selected.
15:41:22 INFO  : Processor reset is completed for 'psu_cortexr5_0'.
15:41:22 INFO  : The application 'C:/Crosscon_original/sdk_v2/FPGA_Demo/export/FPGA_Demo/sw/FPGA_Demo/boot/fsbl.elf' is downloaded to processor 'psu_cortexr5_0'.
15:41:22 INFO  : 'set bp_41_22_fsbl_bp [bpadd -addr &XFsbl_Exit]' command is executed.
15:41:23 INFO  : 'con -block -timeout 60' command is executed.
15:41:23 INFO  : 'bpremove $bp_41_22_fsbl_bp' command is executed.
15:41:23 INFO  : Context for processor 'psu_cortexa53_0' is selected.
15:41:23 INFO  : Processor reset is completed for 'psu_cortexa53_0'.
15:41:28 INFO  : 'dow -data C:/Crosscon_original/project_shell_v2/bitstreams/vfpga1_shift_left_partial_icap_bs.bin 0x20000000' command is executed.
15:41:30 INFO  : The application 'C:/Crosscon_original/sdk_v2/appx/Debug/appx.elf' is downloaded to processor 'psu_cortexa53_0'.
15:41:30 INFO  : Context for processor 'psu_cortexr5_0' is selected.
15:41:30 INFO  : Processor reset is completed for 'psu_cortexr5_0'.
15:41:32 INFO  : The application 'C:/Crosscon_original/sdk_v2/fpga_ta/Debug/fpga_ta.elf' is downloaded to processor 'psu_cortexr5_0'.
15:41:32 INFO  : Jtag cable 'Digilent JTAG-SMT2NC 210308B76ABA' is selected.
15:41:32 INFO  : Context for processor 'psu_pmu_0' is selected.
15:41:32 INFO  : 'jtag frequency' command is executed.
15:41:32 INFO  : 'catch {stop}' command is executed.
15:41:32 INFO  : Sourcing of 'C:/Xilinx/Vitis/2023.1/scripts/vitis/util/zynqmp_utils.tcl' is done.
15:41:32 INFO  : Processor reset is completed for 'psu_pmu_0'.
15:41:32 INFO  : Context for 'APU' is selected.
15:41:33 ERROR : Code 16 Time 1747834892858 Format {Invalid context}
15:41:33 INFO  : ----------------XSDB Script----------------
connect -url tcp:127.0.0.1:3121
source C:/Xilinx/Vitis/2023.1/scripts/vitis/util/zynqmp_utils.tcl
targets -set -nocase -filter {name =~"APU*"}
rst -system
after 3000
targets -set -filter {jtag_cable_name =~ "Digilent JTAG-SMT2NC 210308B76ABA" && level==0 && jtag_device_ctx=="jsn-JTAG-SMT2NC-210308B76ABA-24738093-0"}
fpga -file C:/Crosscon_original/project_shell_v2/bitstreams/top3.bit
targets -set -nocase -filter {name =~"PSU*"}
catch {disable_pmu_gate}
targets -set -nocase -filter {name =~"APU*"}
loadhw -hw C:/Crosscon_original/sdk_v2/FPGA_Demo/export/FPGA_Demo/hw/top_wrapper.xsa -mem-ranges [list {0x80000000 0xbfffffff} {0x400000000 0x5ffffffff} {0x1000000000 0x7fffffffff}] -regs
configparams force-mem-access 1
targets -set -nocase -filter {name =~"APU*"}
set mode [expr [mrd -value 0xFF5E0200] & 0xf]
targets -set -nocase -filter {name =~ "*R5*#0"}
rst -processor
dow C:/Crosscon_original/sdk_v2/FPGA_Demo/export/FPGA_Demo/sw/FPGA_Demo/boot/fsbl.elf
set bp_41_22_fsbl_bp [bpadd -addr &XFsbl_Exit]
con -block -timeout 60
bpremove $bp_41_22_fsbl_bp
targets -set -nocase -filter {name =~ "*A53*#0"}
rst -processor
dow -data C:/Crosscon_original/project_shell_v2/bitstreams/vfpga1_shift_left_partial_icap_bs.bin 0x20000000
dow C:/Crosscon_original/sdk_v2/appx/Debug/appx.elf
targets -set -nocase -filter {name =~ "*R5*#0"}
rst -processor
dow C:/Crosscon_original/sdk_v2/fpga_ta/Debug/fpga_ta.elf
targets -set -nocase -filter {name =~ "MicroBlaze*PMU*"}
catch {stop}
rst -processor
dow C:/Crosscon_original/sdk_v2/FPGA_Demo/export/FPGA_Demo/sw/FPGA_Demo/boot/pmufw.elf
----------------End of Script----------------

15:41:33 ERROR : Code 16 Time 1747834892858 Format {Invalid context}
15:41:38 INFO  : System reset is completed.
15:41:41 INFO  : 'after 3000' command is executed.
15:41:41 INFO  : Connected to target on host '127.0.0.1' and port '3121'.
15:41:41 INFO  : 'targets -set -filter {jtag_cable_name =~ "Digilent JTAG-SMT2NC 210308B76ABA" && level==0 && jtag_device_ctx=="jsn-JTAG-SMT2NC-210308B76ABA-24738093-0"}' command is executed.
15:41:56 INFO  : Device configured successfully with "C:/Crosscon_original/project_shell_v2/bitstreams/top3.bit"
15:41:56 INFO  : Context for 'PSU' is selected.
15:41:56 INFO  : 'catch {disable_pmu_gate}' command is executed.
15:41:56 INFO  : Context for 'APU' is selected.
15:41:56 INFO  : Hardware design and registers information is loaded from 'C:/Crosscon_original/sdk_v2/FPGA_Demo/export/FPGA_Demo/hw/top_wrapper.xsa'.
15:41:56 INFO  : 'configparams force-mem-access 1' command is executed.
15:41:56 INFO  : Context for 'APU' is selected.
15:41:56 INFO  : Boot mode is read from the target.
15:41:56 INFO  : Context for processor 'psu_cortexr5_0' is selected.
15:41:56 INFO  : Processor reset is completed for 'psu_cortexr5_0'.
15:41:56 INFO  : The application 'C:/Crosscon_original/sdk_v2/FPGA_Demo/export/FPGA_Demo/sw/FPGA_Demo/boot/fsbl.elf' is downloaded to processor 'psu_cortexr5_0'.
15:41:56 INFO  : 'set bp_41_56_fsbl_bp [bpadd -addr &XFsbl_Exit]' command is executed.
15:41:57 INFO  : 'con -block -timeout 60' command is executed.
15:41:57 INFO  : 'bpremove $bp_41_56_fsbl_bp' command is executed.
15:41:57 INFO  : Context for processor 'psu_cortexa53_0' is selected.
15:41:57 INFO  : Jtag cable 'Digilent JTAG-SMT2NC 210308B76ABA' is selected.
15:41:58 INFO  : Processor reset is completed for 'psu_cortexa53_0'.
15:41:58 INFO  : 'jtag frequency' command is executed.
15:42:02 INFO  : 'dow -data C:/Crosscon_original/project_shell_v2/bitstreams/vfpga1_shift_left_partial_icap_bs.bin 0x20000000' command is executed.
15:42:02 INFO  : Sourcing of 'C:/Xilinx/Vitis/2023.1/scripts/vitis/util/zynqmp_utils.tcl' is done.
15:42:05 INFO  : The application 'C:/Crosscon_original/sdk_v2/appx/Debug/appx.elf' is downloaded to processor 'psu_cortexa53_0'.
15:42:05 INFO  : Context for 'APU' is selected.
15:42:05 INFO  : Context for processor 'psu_cortexr5_0' is selected.
15:42:05 INFO  : System reset is completed.
15:42:05 INFO  : Processor reset is completed for 'psu_cortexr5_0'.
15:42:08 INFO  : 'after 3000' command is executed.
15:42:10 ERROR : Memory write error at 0x40000000. Cannot read sctlr. APB AP transaction error, DAP status 0x30000021
15:42:10 INFO  : ----------------XSDB Script----------------
connect -url tcp:127.0.0.1:3121
source C:/Xilinx/Vitis/2023.1/scripts/vitis/util/zynqmp_utils.tcl
targets -set -nocase -filter {name =~"APU*"}
rst -system
after 3000
targets -set -filter {jtag_cable_name =~ "Digilent JTAG-SMT2NC 210308B76ABA" && level==0 && jtag_device_ctx=="jsn-JTAG-SMT2NC-210308B76ABA-24738093-0"}
fpga -file C:/Crosscon_original/project_shell_v2/bitstreams/top3.bit
targets -set -nocase -filter {name =~"PSU*"}
catch {disable_pmu_gate}
targets -set -nocase -filter {name =~"APU*"}
loadhw -hw C:/Crosscon_original/sdk_v2/FPGA_Demo/export/FPGA_Demo/hw/top_wrapper.xsa -mem-ranges [list {0x80000000 0xbfffffff} {0x400000000 0x5ffffffff} {0x1000000000 0x7fffffffff}] -regs
configparams force-mem-access 1
targets -set -nocase -filter {name =~"APU*"}
set mode [expr [mrd -value 0xFF5E0200] & 0xf]
targets -set -nocase -filter {name =~ "*R5*#0"}
rst -processor
dow C:/Crosscon_original/sdk_v2/FPGA_Demo/export/FPGA_Demo/sw/FPGA_Demo/boot/fsbl.elf
set bp_41_56_fsbl_bp [bpadd -addr &XFsbl_Exit]
con -block -timeout 60
bpremove $bp_41_56_fsbl_bp
targets -set -nocase -filter {name =~ "*A53*#0"}
rst -processor
dow -data C:/Crosscon_original/project_shell_v2/bitstreams/vfpga1_shift_left_partial_icap_bs.bin 0x20000000
dow C:/Crosscon_original/sdk_v2/appx/Debug/appx.elf
targets -set -nocase -filter {name =~ "*R5*#0"}
rst -processor
dow C:/Crosscon_original/sdk_v2/fpga_ta/Debug/fpga_ta.elf
----------------End of Script----------------

15:42:10 ERROR : Memory write error at 0x40000000. Cannot read sctlr. APB AP transaction error, DAP status 0x30000021
15:42:10 INFO  : 'targets -set -filter {jtag_cable_name =~ "Digilent JTAG-SMT2NC 210308B76ABA" && level==0 && jtag_device_ctx=="jsn-JTAG-SMT2NC-210308B76ABA-24738093-0"}' command is executed.
15:42:25 INFO  : Device configured successfully with "C:/Crosscon_original/project_shell_v2/bitstreams/top3.bit"
15:42:25 INFO  : Context for 'PSU' is selected.
15:42:25 INFO  : 'catch {disable_pmu_gate}' command is executed.
15:42:25 INFO  : Context for 'APU' is selected.
15:42:25 INFO  : Hardware design and registers information is loaded from 'C:/Crosscon_original/sdk_v2/FPGA_Demo/export/FPGA_Demo/hw/top_wrapper.xsa'.
15:42:25 INFO  : 'configparams force-mem-access 1' command is executed.
15:42:25 INFO  : Context for 'APU' is selected.
15:42:25 INFO  : Boot mode is read from the target.
15:42:25 INFO  : Context for processor 'psu_cortexr5_0' is selected.
15:42:26 INFO  : Processor reset is completed for 'psu_cortexr5_0'.
15:42:28 ERROR : Memory write error at 0xFFFC0000. Cannot read sctlr. APB AP transaction error, DAP status 0x30000021
15:42:28 INFO  : ----------------XSDB Script----------------
connect -url tcp:127.0.0.1:3121
source C:/Xilinx/Vitis/2023.1/scripts/vitis/util/zynqmp_utils.tcl
targets -set -nocase -filter {name =~"APU*"}
rst -system
after 3000
targets -set -filter {jtag_cable_name =~ "Digilent JTAG-SMT2NC 210308B76ABA" && level==0 && jtag_device_ctx=="jsn-JTAG-SMT2NC-210308B76ABA-24738093-0"}
fpga -file C:/Crosscon_original/project_shell_v2/bitstreams/top3.bit
targets -set -nocase -filter {name =~"PSU*"}
catch {disable_pmu_gate}
targets -set -nocase -filter {name =~"APU*"}
loadhw -hw C:/Crosscon_original/sdk_v2/FPGA_Demo/export/FPGA_Demo/hw/top_wrapper.xsa -mem-ranges [list {0x80000000 0xbfffffff} {0x400000000 0x5ffffffff} {0x1000000000 0x7fffffffff}] -regs
configparams force-mem-access 1
targets -set -nocase -filter {name =~"APU*"}
set mode [expr [mrd -value 0xFF5E0200] & 0xf]
targets -set -nocase -filter {name =~ "*R5*#0"}
rst -processor
dow C:/Crosscon_original/sdk_v2/FPGA_Demo/export/FPGA_Demo/sw/FPGA_Demo/boot/fsbl.elf
----------------End of Script----------------

15:42:28 ERROR : Memory write error at 0xFFFC0000. Cannot read sctlr. APB AP transaction error, DAP status 0x30000021
15:42:44 INFO  : Connected to target on host '127.0.0.1' and port '3121'.
15:42:44 INFO  : Jtag cable 'Digilent JTAG-SMT2NC 210308B76ABA' is selected.
15:42:44 INFO  : 'jtag frequency' command is executed.
15:42:44 INFO  : Sourcing of 'C:/Xilinx/Vitis/2023.1/scripts/vitis/util/zynqmp_utils.tcl' is done.
15:42:44 INFO  : Context for 'APU' is selected.
15:42:45 INFO  : System reset is completed.
15:42:48 INFO  : 'after 3000' command is executed.
15:42:48 INFO  : 'targets -set -filter {jtag_cable_name =~ "Digilent JTAG-SMT2NC 210308B76ABA" && level==0 && jtag_device_ctx=="jsn-JTAG-SMT2NC-210308B76ABA-24738093-0"}' command is executed.
15:43:03 INFO  : Device configured successfully with "C:/Crosscon_original/project_shell_v2/bitstreams/top3.bit"
15:43:03 INFO  : Context for 'PSU' is selected.
15:43:03 INFO  : 'catch {disable_pmu_gate}' command is executed.
15:43:03 INFO  : Context for 'APU' is selected.
15:43:03 INFO  : Hardware design and registers information is loaded from 'C:/Crosscon_original/sdk_v2/FPGA_Demo/export/FPGA_Demo/hw/top_wrapper.xsa'.
15:43:03 INFO  : 'configparams force-mem-access 1' command is executed.
15:43:03 INFO  : Context for 'APU' is selected.
15:43:03 INFO  : Boot mode is read from the target.
15:43:03 INFO  : Context for processor 'psu_cortexr5_0' is selected.
15:43:03 INFO  : Processor reset is completed for 'psu_cortexr5_0'.
15:43:03 INFO  : The application 'C:/Crosscon_original/sdk_v2/FPGA_Demo/export/FPGA_Demo/sw/FPGA_Demo/boot/fsbl.elf' is downloaded to processor 'psu_cortexr5_0'.
15:43:03 INFO  : 'set bp_43_3_fsbl_bp [bpadd -addr &XFsbl_Exit]' command is executed.
15:43:04 INFO  : 'con -block -timeout 60' command is executed.
15:43:04 INFO  : 'bpremove $bp_43_3_fsbl_bp' command is executed.
15:43:04 INFO  : Context for processor 'psu_cortexa53_0' is selected.
15:43:04 INFO  : Processor reset is completed for 'psu_cortexa53_0'.
15:43:09 INFO  : 'dow -data C:/Crosscon_original/project_shell_v2/bitstreams/vfpga1_shift_left_partial_icap_bs.bin 0x20000000' command is executed.
15:43:12 INFO  : The application 'C:/Crosscon_original/sdk_v2/appx/Debug/appx.elf' is downloaded to processor 'psu_cortexa53_0'.
15:43:12 INFO  : Context for processor 'psu_cortexr5_0' is selected.
15:43:12 INFO  : Processor reset is completed for 'psu_cortexr5_0'.
15:43:14 INFO  : The application 'C:/Crosscon_original/sdk_v2/fpga_ta/Debug/fpga_ta.elf' is downloaded to processor 'psu_cortexr5_0'.
15:43:14 INFO  : Context for processor 'psu_pmu_0' is selected.
15:43:14 INFO  : 'catch {stop}' command is executed.
15:43:14 INFO  : Processor reset is completed for 'psu_pmu_0'.
15:43:14 INFO  : The application 'C:/Crosscon_original/sdk_v2/FPGA_Demo/export/FPGA_Demo/sw/FPGA_Demo/boot/pmufw.elf' is downloaded to processor 'psu_pmu_0'.
15:43:14 INFO  : 'configparams force-mem-access 0' command is executed.
15:43:14 INFO  : ----------------XSDB Script----------------
connect -url tcp:127.0.0.1:3121
source C:/Xilinx/Vitis/2023.1/scripts/vitis/util/zynqmp_utils.tcl
targets -set -nocase -filter {name =~"APU*"}
rst -system
after 3000
targets -set -filter {jtag_cable_name =~ "Digilent JTAG-SMT2NC 210308B76ABA" && level==0 && jtag_device_ctx=="jsn-JTAG-SMT2NC-210308B76ABA-24738093-0"}
fpga -file C:/Crosscon_original/project_shell_v2/bitstreams/top3.bit
targets -set -nocase -filter {name =~"PSU*"}
catch {disable_pmu_gate}
targets -set -nocase -filter {name =~"APU*"}
loadhw -hw C:/Crosscon_original/sdk_v2/FPGA_Demo/export/FPGA_Demo/hw/top_wrapper.xsa -mem-ranges [list {0x80000000 0xbfffffff} {0x400000000 0x5ffffffff} {0x1000000000 0x7fffffffff}] -regs
configparams force-mem-access 1
targets -set -nocase -filter {name =~"APU*"}
set mode [expr [mrd -value 0xFF5E0200] & 0xf]
targets -set -nocase -filter {name =~ "*R5*#0"}
rst -processor
dow C:/Crosscon_original/sdk_v2/FPGA_Demo/export/FPGA_Demo/sw/FPGA_Demo/boot/fsbl.elf
set bp_43_3_fsbl_bp [bpadd -addr &XFsbl_Exit]
con -block -timeout 60
bpremove $bp_43_3_fsbl_bp
targets -set -nocase -filter {name =~ "*A53*#0"}
rst -processor
dow -data C:/Crosscon_original/project_shell_v2/bitstreams/vfpga1_shift_left_partial_icap_bs.bin 0x20000000
dow C:/Crosscon_original/sdk_v2/appx/Debug/appx.elf
targets -set -nocase -filter {name =~ "*R5*#0"}
rst -processor
dow C:/Crosscon_original/sdk_v2/fpga_ta/Debug/fpga_ta.elf
targets -set -nocase -filter {name =~ "MicroBlaze*PMU*"}
catch {stop}
rst -processor
dow C:/Crosscon_original/sdk_v2/FPGA_Demo/export/FPGA_Demo/sw/FPGA_Demo/boot/pmufw.elf
configparams force-mem-access 0
----------------End of Script----------------

15:43:14 INFO  : Context for processor 'psu_cortexa53_0' is selected.
15:43:15 INFO  : 'con' command is executed.
15:43:15 INFO  : Context for processor 'psu_cortexr5_0' is selected.
15:43:15 INFO  : 'con' command is executed.
15:43:15 INFO  : Context for processor 'psu_pmu_0' is selected.
15:43:15 INFO  : 'con' command is executed.
15:43:15 INFO  : ----------------XSDB Script (After Launch)----------------
targets -set -nocase -filter {name =~ "*A53*#0"}
con
targets -set -nocase -filter {name =~ "*R5*#0"}
con
targets -set -nocase -filter {name =~ "MicroBlaze*PMU*"}
con
----------------End of Script----------------

15:43:15 INFO  : Launch script is exported to file 'C:\Crosscon_original\sdk_v2\appx_system\_ide\scripts\debugger_appx-default_1.tcl'
15:45:21 INFO  : Result from executing command 'removePlatformRepo': 
15:46:46 INFO  : Result from executing command 'getProjects': FPGA_Demo
15:46:46 INFO  : Result from executing command 'getPlatforms': xilinx_vck190_base_202310_1|C:/Xilinx/Vitis/2023.1/base_platforms/xilinx_vck190_base_202310_1/xilinx_vck190_base_202310_1.xpfm;xilinx_vck190_base_dfx_202310_1|C:/Xilinx/Vitis/2023.1/base_platforms/xilinx_vck190_base_dfx_202310_1/xilinx_vck190_base_dfx_202310_1.xpfm;xilinx_vek280_es1_base_202310_1|C:/Xilinx/Vitis/2023.1/base_platforms/xilinx_vek280_es1_base_202310_1/xilinx_vek280_es1_base_202310_1.xpfm;xilinx_vmk180_base_202310_1|C:/Xilinx/Vitis/2023.1/base_platforms/xilinx_vmk180_base_202310_1/xilinx_vmk180_base_202310_1.xpfm;xilinx_zcu102_base_202310_1|C:/Xilinx/Vitis/2023.1/base_platforms/xilinx_zcu102_base_202310_1/xilinx_zcu102_base_202310_1.xpfm;xilinx_zcu102_base_dfx_202310_1|C:/Xilinx/Vitis/2023.1/base_platforms/xilinx_zcu102_base_dfx_202310_1/xilinx_zcu102_base_dfx_202310_1.xpfm;xilinx_zcu104_base_202310_1|C:/Xilinx/Vitis/2023.1/base_platforms/xilinx_zcu104_base_202310_1/xilinx_zcu104_base_202310_1.xpfm
15:46:47 INFO  : Checking for BSP changes to sync application flags for project 'appx'...
15:47:27 INFO  : Result from executing command 'removePlatformRepo': 
15:48:54 INFO  : Result from executing command 'getProjects': FPGA_Demo
15:48:54 INFO  : Result from executing command 'getPlatforms': xilinx_vck190_base_202310_1|C:/Xilinx/Vitis/2023.1/base_platforms/xilinx_vck190_base_202310_1/xilinx_vck190_base_202310_1.xpfm;xilinx_vck190_base_dfx_202310_1|C:/Xilinx/Vitis/2023.1/base_platforms/xilinx_vck190_base_dfx_202310_1/xilinx_vck190_base_dfx_202310_1.xpfm;xilinx_vek280_es1_base_202310_1|C:/Xilinx/Vitis/2023.1/base_platforms/xilinx_vek280_es1_base_202310_1/xilinx_vek280_es1_base_202310_1.xpfm;xilinx_vmk180_base_202310_1|C:/Xilinx/Vitis/2023.1/base_platforms/xilinx_vmk180_base_202310_1/xilinx_vmk180_base_202310_1.xpfm;xilinx_zcu102_base_202310_1|C:/Xilinx/Vitis/2023.1/base_platforms/xilinx_zcu102_base_202310_1/xilinx_zcu102_base_202310_1.xpfm;xilinx_zcu102_base_dfx_202310_1|C:/Xilinx/Vitis/2023.1/base_platforms/xilinx_zcu102_base_dfx_202310_1/xilinx_zcu102_base_dfx_202310_1.xpfm;xilinx_zcu104_base_202310_1|C:/Xilinx/Vitis/2023.1/base_platforms/xilinx_zcu104_base_202310_1/xilinx_zcu104_base_202310_1.xpfm
15:48:55 INFO  : Checking for BSP changes to sync application flags for project 'fpga_ta'...
15:50:07 INFO  : Disconnected from the channel tcfchan#10.
15:50:08 INFO  : Connected to target on host '127.0.0.1' and port '3121'.
15:50:17 INFO  : ----------------XSDB Script----------------
connect -url tcp:127.0.0.1:3121
----------------End of Script----------------

15:50:17 ERROR : Could not find ARM device on the board for connection 'Local'.
Check if the target is in:
1. Split JTAG - No operations are possible with ARM DAP.
2. Non JTAG bootmode - Bootrom may need time to enable DAP.
Please try again.


Troubleshooting hints:
1. Check whether board is connected to system properly.
2. In case of zynq board, check whether Digilent/Xilinx cable switch settings are correct.
3. If you are using Xilinx Platform Cable USB, ensure that status LED is green.
15:50:42 INFO  : Connected to target on host '127.0.0.1' and port '3121'.
15:50:42 INFO  : Jtag cable 'Digilent JTAG-SMT2NC 210308B76ABA' is selected.
15:50:42 INFO  : 'jtag frequency' command is executed.
15:50:42 INFO  : Sourcing of 'C:/Xilinx/Vitis/2023.1/scripts/vitis/util/zynqmp_utils.tcl' is done.
15:50:42 INFO  : Context for 'APU' is selected.
15:50:42 INFO  : System reset is completed.
15:50:45 INFO  : 'after 3000' command is executed.
15:50:45 INFO  : 'targets -set -filter {jtag_cable_name =~ "Digilent JTAG-SMT2NC 210308B76ABA" && level==0 && jtag_device_ctx=="jsn-JTAG-SMT2NC-210308B76ABA-24738093-0"}' command is executed.
15:51:00 INFO  : Device configured successfully with "C:/Crosscon_original/project_shell_v2/bitstreams/top3.bit"
15:51:00 INFO  : Context for 'PSU' is selected.
15:51:00 INFO  : 'catch {disable_pmu_gate}' command is executed.
15:51:00 INFO  : Context for 'APU' is selected.
15:51:00 INFO  : Hardware design and registers information is loaded from 'C:/Crosscon_original/sdk_v2/FPGA_Demo/export/FPGA_Demo/hw/top_wrapper.xsa'.
15:51:00 INFO  : 'configparams force-mem-access 1' command is executed.
15:51:00 INFO  : Context for 'APU' is selected.
15:51:00 INFO  : Boot mode is read from the target.
15:51:00 INFO  : Context for processor 'psu_cortexr5_0' is selected.
15:51:00 INFO  : Processor reset is completed for 'psu_cortexr5_0'.
15:51:01 INFO  : The application 'C:/Crosscon_original/sdk_v2/FPGA_Demo/export/FPGA_Demo/sw/FPGA_Demo/boot/fsbl.elf' is downloaded to processor 'psu_cortexr5_0'.
15:51:01 INFO  : 'set bp_51_1_fsbl_bp [bpadd -addr &XFsbl_Exit]' command is executed.
15:51:02 INFO  : 'con -block -timeout 60' command is executed.
15:51:02 INFO  : 'bpremove $bp_51_1_fsbl_bp' command is executed.
15:51:02 INFO  : Context for processor 'psu_cortexa53_0' is selected.
15:51:02 INFO  : Processor reset is completed for 'psu_cortexa53_0'.
15:51:07 INFO  : 'dow -data C:/Crosscon_original/project_shell_v2/bitstreams/vfpga1_shift_left_partial_icap_bs.bin 0x20000000' command is executed.
15:51:09 INFO  : The application 'C:/Crosscon_original/sdk_v2/appx/Debug/appx.elf' is downloaded to processor 'psu_cortexa53_0'.
15:51:09 INFO  : Context for processor 'psu_cortexr5_0' is selected.
15:51:09 INFO  : Processor reset is completed for 'psu_cortexr5_0'.
15:51:11 INFO  : The application 'C:/Crosscon_original/sdk_v2/fpga_ta/Debug/fpga_ta.elf' is downloaded to processor 'psu_cortexr5_0'.
15:51:11 INFO  : Context for processor 'psu_pmu_0' is selected.
15:51:11 INFO  : 'catch {stop}' command is executed.
15:51:11 INFO  : Processor reset is completed for 'psu_pmu_0'.
15:51:12 INFO  : The application 'C:/Crosscon_original/sdk_v2/FPGA_Demo/export/FPGA_Demo/sw/FPGA_Demo/boot/pmufw.elf' is downloaded to processor 'psu_pmu_0'.
15:51:12 INFO  : 'configparams force-mem-access 0' command is executed.
15:51:12 INFO  : ----------------XSDB Script----------------
connect -url tcp:127.0.0.1:3121
source C:/Xilinx/Vitis/2023.1/scripts/vitis/util/zynqmp_utils.tcl
targets -set -nocase -filter {name =~"APU*"}
rst -system
after 3000
targets -set -filter {jtag_cable_name =~ "Digilent JTAG-SMT2NC 210308B76ABA" && level==0 && jtag_device_ctx=="jsn-JTAG-SMT2NC-210308B76ABA-24738093-0"}
fpga -file C:/Crosscon_original/project_shell_v2/bitstreams/top3.bit
targets -set -nocase -filter {name =~"PSU*"}
catch {disable_pmu_gate}
targets -set -nocase -filter {name =~"APU*"}
loadhw -hw C:/Crosscon_original/sdk_v2/FPGA_Demo/export/FPGA_Demo/hw/top_wrapper.xsa -mem-ranges [list {0x80000000 0xbfffffff} {0x400000000 0x5ffffffff} {0x1000000000 0x7fffffffff}] -regs
configparams force-mem-access 1
targets -set -nocase -filter {name =~"APU*"}
set mode [expr [mrd -value 0xFF5E0200] & 0xf]
targets -set -nocase -filter {name =~ "*R5*#0"}
rst -processor
dow C:/Crosscon_original/sdk_v2/FPGA_Demo/export/FPGA_Demo/sw/FPGA_Demo/boot/fsbl.elf
set bp_51_1_fsbl_bp [bpadd -addr &XFsbl_Exit]
con -block -timeout 60
bpremove $bp_51_1_fsbl_bp
targets -set -nocase -filter {name =~ "*A53*#0"}
rst -processor
dow -data C:/Crosscon_original/project_shell_v2/bitstreams/vfpga1_shift_left_partial_icap_bs.bin 0x20000000
dow C:/Crosscon_original/sdk_v2/appx/Debug/appx.elf
targets -set -nocase -filter {name =~ "*R5*#0"}
rst -processor
dow C:/Crosscon_original/sdk_v2/fpga_ta/Debug/fpga_ta.elf
targets -set -nocase -filter {name =~ "MicroBlaze*PMU*"}
catch {stop}
rst -processor
dow C:/Crosscon_original/sdk_v2/FPGA_Demo/export/FPGA_Demo/sw/FPGA_Demo/boot/pmufw.elf
configparams force-mem-access 0
----------------End of Script----------------

15:51:12 INFO  : Context for processor 'psu_cortexa53_0' is selected.
15:51:12 INFO  : 'con' command is executed.
15:51:12 INFO  : Context for processor 'psu_cortexr5_0' is selected.
15:51:12 INFO  : 'con' command is executed.
15:51:12 INFO  : Context for processor 'psu_pmu_0' is selected.
15:51:12 INFO  : 'con' command is executed.
15:51:12 INFO  : ----------------XSDB Script (After Launch)----------------
targets -set -nocase -filter {name =~ "*A53*#0"}
con
targets -set -nocase -filter {name =~ "*R5*#0"}
con
targets -set -nocase -filter {name =~ "MicroBlaze*PMU*"}
con
----------------End of Script----------------

15:51:12 INFO  : Launch script is exported to file 'C:\Crosscon_original\sdk_v2\appx_system\_ide\scripts\debugger_appx-default_1.tcl'
15:54:01 INFO  : Checking for BSP changes to sync application flags for project 'appx'...
15:54:18 INFO  : Checking for BSP changes to sync application flags for project 'appx'...
15:54:34 INFO  : Disconnected from the channel tcfchan#15.
15:54:35 INFO  : Connected to target on host '127.0.0.1' and port '3121'.
15:54:35 INFO  : Jtag cable 'Digilent JTAG-SMT2NC 210308B76ABA' is selected.
15:54:35 INFO  : 'jtag frequency' command is executed.
15:54:35 INFO  : Sourcing of 'C:/Xilinx/Vitis/2023.1/scripts/vitis/util/zynqmp_utils.tcl' is done.
15:54:35 INFO  : Context for 'APU' is selected.
15:54:36 INFO  : System reset is completed.
15:54:39 INFO  : 'after 3000' command is executed.
15:54:39 INFO  : 'targets -set -filter {jtag_cable_name =~ "Digilent JTAG-SMT2NC 210308B76ABA" && level==0 && jtag_device_ctx=="jsn-JTAG-SMT2NC-210308B76ABA-24738093-0"}' command is executed.
15:54:54 INFO  : Device configured successfully with "C:/Crosscon_original/project_shell_v2/bitstreams/top3.bit"
15:54:54 INFO  : Context for 'PSU' is selected.
15:54:54 INFO  : 'catch {disable_pmu_gate}' command is executed.
15:54:54 INFO  : Context for 'APU' is selected.
15:54:54 INFO  : Hardware design and registers information is loaded from 'C:/Crosscon_original/sdk_v2/FPGA_Demo/export/FPGA_Demo/hw/top_wrapper.xsa'.
15:54:54 INFO  : 'configparams force-mem-access 1' command is executed.
15:54:54 INFO  : Context for 'APU' is selected.
15:54:54 INFO  : Boot mode is read from the target.
15:54:54 INFO  : Context for processor 'psu_cortexr5_0' is selected.
15:54:54 INFO  : Processor reset is completed for 'psu_cortexr5_0'.
15:54:54 INFO  : The application 'C:/Crosscon_original/sdk_v2/FPGA_Demo/export/FPGA_Demo/sw/FPGA_Demo/boot/fsbl.elf' is downloaded to processor 'psu_cortexr5_0'.
15:54:54 INFO  : 'set bp_54_54_fsbl_bp [bpadd -addr &XFsbl_Exit]' command is executed.
15:54:55 INFO  : 'con -block -timeout 60' command is executed.
15:54:55 INFO  : 'bpremove $bp_54_54_fsbl_bp' command is executed.
15:54:55 INFO  : Context for processor 'psu_cortexa53_0' is selected.
15:54:55 INFO  : Processor reset is completed for 'psu_cortexa53_0'.
15:55:00 INFO  : 'dow -data C:/Crosscon_original/project_shell_v2/bitstreams/vfpga1_shift_left_partial_icap_bs.bin 0x20000000' command is executed.
15:55:03 INFO  : The application 'C:/Crosscon_original/sdk_v2/appx/Debug/appx.elf' is downloaded to processor 'psu_cortexa53_0'.
15:55:03 INFO  : Context for processor 'psu_cortexr5_0' is selected.
15:55:03 INFO  : Processor reset is completed for 'psu_cortexr5_0'.
15:55:05 INFO  : The application 'C:/Crosscon_original/sdk_v2/fpga_ta/Debug/fpga_ta.elf' is downloaded to processor 'psu_cortexr5_0'.
15:55:05 INFO  : Context for processor 'psu_pmu_0' is selected.
15:55:05 INFO  : 'catch {stop}' command is executed.
15:55:05 INFO  : Processor reset is completed for 'psu_pmu_0'.
15:55:06 INFO  : The application 'C:/Crosscon_original/sdk_v2/FPGA_Demo/export/FPGA_Demo/sw/FPGA_Demo/boot/pmufw.elf' is downloaded to processor 'psu_pmu_0'.
15:55:06 INFO  : 'configparams force-mem-access 0' command is executed.
15:55:06 INFO  : ----------------XSDB Script----------------
connect -url tcp:127.0.0.1:3121
source C:/Xilinx/Vitis/2023.1/scripts/vitis/util/zynqmp_utils.tcl
targets -set -nocase -filter {name =~"APU*"}
rst -system
after 3000
targets -set -filter {jtag_cable_name =~ "Digilent JTAG-SMT2NC 210308B76ABA" && level==0 && jtag_device_ctx=="jsn-JTAG-SMT2NC-210308B76ABA-24738093-0"}
fpga -file C:/Crosscon_original/project_shell_v2/bitstreams/top3.bit
targets -set -nocase -filter {name =~"PSU*"}
catch {disable_pmu_gate}
targets -set -nocase -filter {name =~"APU*"}
loadhw -hw C:/Crosscon_original/sdk_v2/FPGA_Demo/export/FPGA_Demo/hw/top_wrapper.xsa -mem-ranges [list {0x80000000 0xbfffffff} {0x400000000 0x5ffffffff} {0x1000000000 0x7fffffffff}] -regs
configparams force-mem-access 1
targets -set -nocase -filter {name =~"APU*"}
set mode [expr [mrd -value 0xFF5E0200] & 0xf]
targets -set -nocase -filter {name =~ "*R5*#0"}
rst -processor
dow C:/Crosscon_original/sdk_v2/FPGA_Demo/export/FPGA_Demo/sw/FPGA_Demo/boot/fsbl.elf
set bp_54_54_fsbl_bp [bpadd -addr &XFsbl_Exit]
con -block -timeout 60
bpremove $bp_54_54_fsbl_bp
targets -set -nocase -filter {name =~ "*A53*#0"}
rst -processor
dow -data C:/Crosscon_original/project_shell_v2/bitstreams/vfpga1_shift_left_partial_icap_bs.bin 0x20000000
dow C:/Crosscon_original/sdk_v2/appx/Debug/appx.elf
targets -set -nocase -filter {name =~ "*R5*#0"}
rst -processor
dow C:/Crosscon_original/sdk_v2/fpga_ta/Debug/fpga_ta.elf
targets -set -nocase -filter {name =~ "MicroBlaze*PMU*"}
catch {stop}
rst -processor
dow C:/Crosscon_original/sdk_v2/FPGA_Demo/export/FPGA_Demo/sw/FPGA_Demo/boot/pmufw.elf
configparams force-mem-access 0
----------------End of Script----------------

15:55:06 INFO  : Context for processor 'psu_cortexa53_0' is selected.
15:55:06 INFO  : 'con' command is executed.
15:55:06 INFO  : Context for processor 'psu_cortexr5_0' is selected.
15:55:06 INFO  : 'con' command is executed.
15:55:06 INFO  : Context for processor 'psu_pmu_0' is selected.
15:55:06 INFO  : 'con' command is executed.
15:55:06 INFO  : ----------------XSDB Script (After Launch)----------------
targets -set -nocase -filter {name =~ "*A53*#0"}
con
targets -set -nocase -filter {name =~ "*R5*#0"}
con
targets -set -nocase -filter {name =~ "MicroBlaze*PMU*"}
con
----------------End of Script----------------

15:55:06 INFO  : Launch script is exported to file 'C:\Crosscon_original\sdk_v2\appx_system\_ide\scripts\debugger_appx-default_1.tcl'
16:02:20 INFO  : Checking for BSP changes to sync application flags for project 'appx'...
16:02:24 INFO  : Checking for BSP changes to sync application flags for project 'fpga_ta'...
16:02:30 INFO  : Disconnected from the channel tcfchan#16.
16:02:31 INFO  : Connected to target on host '127.0.0.1' and port '3121'.
16:02:46 INFO  : Jtag cable 'Digilent JTAG-SMT2NC 210308B76ABA' is selected.
16:02:46 INFO  : 'jtag frequency' command is executed.
16:02:46 INFO  : Sourcing of 'C:/Xilinx/Vitis/2023.1/scripts/vitis/util/zynqmp_utils.tcl' is done.
16:02:46 INFO  : Context for 'APU' is selected.
16:02:47 INFO  : System reset is completed.
16:02:50 INFO  : 'after 3000' command is executed.
16:02:50 INFO  : 'targets -set -filter {jtag_cable_name =~ "Digilent JTAG-SMT2NC 210308B76ABA" && level==0 && jtag_device_ctx=="jsn-JTAG-SMT2NC-210308B76ABA-24738093-0"}' command is executed.
16:03:05 INFO  : Device configured successfully with "C:/Crosscon_original/project_shell_v2/bitstreams/top3.bit"
16:03:05 INFO  : Context for 'PSU' is selected.
16:03:05 INFO  : 'catch {disable_pmu_gate}' command is executed.
16:03:05 INFO  : Context for 'APU' is selected.
16:03:05 INFO  : Hardware design and registers information is loaded from 'C:/Crosscon_original/sdk_v2/FPGA_Demo/export/FPGA_Demo/hw/top_wrapper.xsa'.
16:03:05 INFO  : 'configparams force-mem-access 1' command is executed.
16:03:05 INFO  : Context for 'APU' is selected.
16:03:05 INFO  : Boot mode is read from the target.
16:03:05 INFO  : Context for processor 'psu_cortexr5_0' is selected.
16:03:05 INFO  : Processor reset is completed for 'psu_cortexr5_0'.
16:03:05 INFO  : The application 'C:/Crosscon_original/sdk_v2/FPGA_Demo/export/FPGA_Demo/sw/FPGA_Demo/boot/fsbl.elf' is downloaded to processor 'psu_cortexr5_0'.
16:03:05 INFO  : 'set bp_3_5_fsbl_bp [bpadd -addr &XFsbl_Exit]' command is executed.
16:03:06 INFO  : 'con -block -timeout 60' command is executed.
16:03:06 INFO  : 'bpremove $bp_3_5_fsbl_bp' command is executed.
16:03:06 INFO  : Context for processor 'psu_cortexa53_0' is selected.
16:03:07 INFO  : Processor reset is completed for 'psu_cortexa53_0'.
16:03:12 INFO  : 'dow -data C:/Crosscon_original/project_shell_v2/bitstreams/vfpga1_shift_left_partial_icap_bs.bin 0x20000000' command is executed.
16:03:15 INFO  : The application 'C:/Crosscon_original/sdk_v2/appx/Debug/appx.elf' is downloaded to processor 'psu_cortexa53_0'.
16:03:15 INFO  : Context for processor 'psu_cortexr5_0' is selected.
16:03:15 INFO  : Processor reset is completed for 'psu_cortexr5_0'.
16:03:17 INFO  : The application 'C:/Crosscon_original/sdk_v2/fpga_ta/Debug/fpga_ta.elf' is downloaded to processor 'psu_cortexr5_0'.
16:03:17 INFO  : Context for processor 'psu_pmu_0' is selected.
16:03:17 INFO  : 'catch {stop}' command is executed.
16:03:17 INFO  : Processor reset is completed for 'psu_pmu_0'.
16:03:18 INFO  : The application 'C:/Crosscon_original/sdk_v2/FPGA_Demo/export/FPGA_Demo/sw/FPGA_Demo/boot/pmufw.elf' is downloaded to processor 'psu_pmu_0'.
16:03:18 INFO  : 'configparams force-mem-access 0' command is executed.
16:03:18 INFO  : ----------------XSDB Script----------------
connect -url tcp:127.0.0.1:3121
source C:/Xilinx/Vitis/2023.1/scripts/vitis/util/zynqmp_utils.tcl
targets -set -nocase -filter {name =~"APU*"}
rst -system
after 3000
targets -set -filter {jtag_cable_name =~ "Digilent JTAG-SMT2NC 210308B76ABA" && level==0 && jtag_device_ctx=="jsn-JTAG-SMT2NC-210308B76ABA-24738093-0"}
fpga -file C:/Crosscon_original/project_shell_v2/bitstreams/top3.bit
targets -set -nocase -filter {name =~"PSU*"}
catch {disable_pmu_gate}
targets -set -nocase -filter {name =~"APU*"}
loadhw -hw C:/Crosscon_original/sdk_v2/FPGA_Demo/export/FPGA_Demo/hw/top_wrapper.xsa -mem-ranges [list {0x80000000 0xbfffffff} {0x400000000 0x5ffffffff} {0x1000000000 0x7fffffffff}] -regs
configparams force-mem-access 1
targets -set -nocase -filter {name =~"APU*"}
set mode [expr [mrd -value 0xFF5E0200] & 0xf]
targets -set -nocase -filter {name =~ "*R5*#0"}
rst -processor
dow C:/Crosscon_original/sdk_v2/FPGA_Demo/export/FPGA_Demo/sw/FPGA_Demo/boot/fsbl.elf
set bp_3_5_fsbl_bp [bpadd -addr &XFsbl_Exit]
con -block -timeout 60
bpremove $bp_3_5_fsbl_bp
targets -set -nocase -filter {name =~ "*A53*#0"}
rst -processor
dow -data C:/Crosscon_original/project_shell_v2/bitstreams/vfpga1_shift_left_partial_icap_bs.bin 0x20000000
dow C:/Crosscon_original/sdk_v2/appx/Debug/appx.elf
targets -set -nocase -filter {name =~ "*R5*#0"}
rst -processor
dow C:/Crosscon_original/sdk_v2/fpga_ta/Debug/fpga_ta.elf
targets -set -nocase -filter {name =~ "MicroBlaze*PMU*"}
catch {stop}
rst -processor
dow C:/Crosscon_original/sdk_v2/FPGA_Demo/export/FPGA_Demo/sw/FPGA_Demo/boot/pmufw.elf
configparams force-mem-access 0
----------------End of Script----------------

16:03:18 INFO  : Context for processor 'psu_cortexa53_0' is selected.
16:03:18 INFO  : 'con' command is executed.
16:03:18 INFO  : Context for processor 'psu_cortexr5_0' is selected.
16:03:18 INFO  : 'con' command is executed.
16:03:18 INFO  : Context for processor 'psu_pmu_0' is selected.
16:03:18 INFO  : 'con' command is executed.
16:03:18 INFO  : ----------------XSDB Script (After Launch)----------------
targets -set -nocase -filter {name =~ "*A53*#0"}
con
targets -set -nocase -filter {name =~ "*R5*#0"}
con
targets -set -nocase -filter {name =~ "MicroBlaze*PMU*"}
con
----------------End of Script----------------

16:03:18 INFO  : Launch script is exported to file 'C:\Crosscon_original\sdk_v2\appx_system\_ide\scripts\debugger_appx-default_1.tcl'
16:04:09 INFO  : Disconnected from the channel tcfchan#17.
16:17:01 DEBUG : Logs will be stored at 'C:/Crosscon_original/sdk_v2/IDE.log'.
16:17:02 INFO  : Launching XSCT server: xsct.bat -n  -interactive C:\Crosscon_original\sdk_v2\temp_xsdb_launch_script.tcl
16:17:04 INFO  : XSCT server has started successfully.
16:17:04 INFO  : plnx-install-location is set to ''
16:17:04 INFO  : Successfully done setting XSCT server connection channel  
16:17:04 INFO  : Successfully done setting workspace for the tool. 
16:17:06 INFO  : Registering command handlers for Vitis TCF services
16:17:06 INFO  : Successfully done query RDI_DATADIR 
16:17:07 INFO  : Platform repository initialization has completed.
16:17:18 INFO  : Connected to target on host '127.0.0.1' and port '3121'.
16:17:19 INFO  : Jtag cable 'Digilent JTAG-SMT2NC 210308B3B53D' is selected.
16:17:19 INFO  : 'jtag frequency' command is executed.
16:17:19 INFO  : Sourcing of 'C:/Xilinx/Vitis/2023.1/scripts/vitis/util/zynqmp_utils.tcl' is done.
16:17:19 INFO  : Context for 'APU' is selected.
16:17:20 INFO  : System reset is completed.
16:17:23 INFO  : 'after 3000' command is executed.
16:17:23 INFO  : 'targets -set -filter {jtag_cable_name =~ "Digilent JTAG-SMT2NC 210308B3B53D" && level==0 && jtag_device_ctx=="jsn-JTAG-SMT2NC-210308B3B53D-24738093-0"}' command is executed.
16:17:38 INFO  : Device configured successfully with "C:/Crosscon_original/project_shell_v2/bitstreams/top3.bit"
16:17:38 INFO  : Context for 'PSU' is selected.
16:17:38 INFO  : 'catch {disable_pmu_gate}' command is executed.
16:17:38 INFO  : Context for 'APU' is selected.
16:17:38 INFO  : Hardware design and registers information is loaded from 'C:/Crosscon_original/sdk_v2/FPGA_Demo/export/FPGA_Demo/hw/top_wrapper.xsa'.
16:17:38 INFO  : 'configparams force-mem-access 1' command is executed.
16:17:38 INFO  : Context for 'APU' is selected.
16:17:38 INFO  : Boot mode is read from the target.
16:17:38 INFO  : Context for processor 'psu_cortexr5_0' is selected.
16:17:38 INFO  : Processor reset is completed for 'psu_cortexr5_0'.
16:17:38 INFO  : The application 'C:/Crosscon_original/sdk_v2/FPGA_Demo/export/FPGA_Demo/sw/FPGA_Demo/boot/fsbl.elf' is downloaded to processor 'psu_cortexr5_0'.
16:17:39 INFO  : 'set bp_17_38_fsbl_bp [bpadd -addr &XFsbl_Exit]' command is executed.
16:17:40 INFO  : 'con -block -timeout 60' command is executed.
16:17:40 INFO  : 'bpremove $bp_17_38_fsbl_bp' command is executed.
16:17:40 INFO  : Context for processor 'psu_cortexa53_0' is selected.
16:17:40 INFO  : Processor reset is completed for 'psu_cortexa53_0'.
16:17:44 INFO  : 'dow -data C:/Crosscon_original/project_shell_v2/bitstreams/vfpga1_shift_left_partial_icap_bs.bin 0x20000000' command is executed.
16:17:47 INFO  : The application 'C:/Crosscon_original/sdk_v2/appx/Debug/appx.elf' is downloaded to processor 'psu_cortexa53_0'.
16:17:47 INFO  : Context for processor 'psu_cortexr5_0' is selected.
16:17:47 INFO  : Processor reset is completed for 'psu_cortexr5_0'.
16:17:49 INFO  : The application 'C:/Crosscon_original/sdk_v2/fpga_ta/Debug/fpga_ta.elf' is downloaded to processor 'psu_cortexr5_0'.
16:17:49 INFO  : Context for processor 'psu_pmu_0' is selected.
16:17:49 INFO  : 'catch {stop}' command is executed.
16:17:49 INFO  : Processor reset is completed for 'psu_pmu_0'.
16:17:50 INFO  : The application 'C:/Crosscon_original/sdk_v2/FPGA_Demo/export/FPGA_Demo/sw/FPGA_Demo/boot/pmufw.elf' is downloaded to processor 'psu_pmu_0'.
16:17:50 INFO  : 'configparams force-mem-access 0' command is executed.
16:17:50 INFO  : ----------------XSDB Script----------------
connect -url tcp:127.0.0.1:3121
source C:/Xilinx/Vitis/2023.1/scripts/vitis/util/zynqmp_utils.tcl
targets -set -nocase -filter {name =~"APU*"}
rst -system
after 3000
targets -set -filter {jtag_cable_name =~ "Digilent JTAG-SMT2NC 210308B3B53D" && level==0 && jtag_device_ctx=="jsn-JTAG-SMT2NC-210308B3B53D-24738093-0"}
fpga -file C:/Crosscon_original/project_shell_v2/bitstreams/top3.bit
targets -set -nocase -filter {name =~"PSU*"}
catch {disable_pmu_gate}
targets -set -nocase -filter {name =~"APU*"}
loadhw -hw C:/Crosscon_original/sdk_v2/FPGA_Demo/export/FPGA_Demo/hw/top_wrapper.xsa -mem-ranges [list {0x80000000 0xbfffffff} {0x400000000 0x5ffffffff} {0x1000000000 0x7fffffffff}] -regs
configparams force-mem-access 1
targets -set -nocase -filter {name =~"APU*"}
set mode [expr [mrd -value 0xFF5E0200] & 0xf]
targets -set -nocase -filter {name =~ "*R5*#0"}
rst -processor
dow C:/Crosscon_original/sdk_v2/FPGA_Demo/export/FPGA_Demo/sw/FPGA_Demo/boot/fsbl.elf
set bp_17_38_fsbl_bp [bpadd -addr &XFsbl_Exit]
con -block -timeout 60
bpremove $bp_17_38_fsbl_bp
targets -set -nocase -filter {name =~ "*A53*#0"}
rst -processor
dow -data C:/Crosscon_original/project_shell_v2/bitstreams/vfpga1_shift_left_partial_icap_bs.bin 0x20000000
dow C:/Crosscon_original/sdk_v2/appx/Debug/appx.elf
targets -set -nocase -filter {name =~ "*R5*#0"}
rst -processor
dow C:/Crosscon_original/sdk_v2/fpga_ta/Debug/fpga_ta.elf
targets -set -nocase -filter {name =~ "MicroBlaze*PMU*"}
catch {stop}
rst -processor
dow C:/Crosscon_original/sdk_v2/FPGA_Demo/export/FPGA_Demo/sw/FPGA_Demo/boot/pmufw.elf
configparams force-mem-access 0
----------------End of Script----------------

16:17:50 INFO  : Context for processor 'psu_cortexa53_0' is selected.
16:17:50 INFO  : 'con' command is executed.
16:17:50 INFO  : Context for processor 'psu_cortexr5_0' is selected.
16:17:50 INFO  : 'con' command is executed.
16:17:50 INFO  : Context for processor 'psu_pmu_0' is selected.
16:17:50 INFO  : 'con' command is executed.
16:17:50 INFO  : ----------------XSDB Script (After Launch)----------------
targets -set -nocase -filter {name =~ "*A53*#0"}
con
targets -set -nocase -filter {name =~ "*R5*#0"}
con
targets -set -nocase -filter {name =~ "MicroBlaze*PMU*"}
con
----------------End of Script----------------

16:17:50 INFO  : Launch script is exported to file 'C:\Crosscon_original\sdk_v2\appx_system\_ide\scripts\debugger_appx-default_1.tcl'
16:19:25 INFO  : Checking for BSP changes to sync application flags for project 'appx'...
16:19:31 INFO  : Checking for BSP changes to sync application flags for project 'fpga_ta'...
16:19:35 INFO  : Disconnected from the channel tcfchan#1.
16:19:36 INFO  : Connected to target on host '127.0.0.1' and port '3121'.
16:19:45 INFO  : ----------------XSDB Script----------------
connect -url tcp:127.0.0.1:3121
----------------End of Script----------------

16:19:45 ERROR : Could not find ARM device on the board for connection 'Local'.
Check if the target is in:
1. Split JTAG - No operations are possible with ARM DAP.
2. Non JTAG bootmode - Bootrom may need time to enable DAP.
Please try again.


Troubleshooting hints:
1. Check whether board is connected to system properly.
2. In case of zynq board, check whether Digilent/Xilinx cable switch settings are correct.
3. If you are using Xilinx Platform Cable USB, ensure that status LED is green.
16:19:49 INFO  : Connected to target on host '127.0.0.1' and port '3121'.
16:19:50 INFO  : Jtag cable 'Digilent JTAG-SMT2NC 210308B3B53D' is selected.
16:19:50 INFO  : 'jtag frequency' command is executed.
16:19:50 INFO  : Sourcing of 'C:/Xilinx/Vitis/2023.1/scripts/vitis/util/zynqmp_utils.tcl' is done.
16:19:50 INFO  : Context for 'APU' is selected.
16:19:50 INFO  : System reset is completed.
16:19:53 INFO  : 'after 3000' command is executed.
16:19:53 INFO  : 'targets -set -filter {jtag_cable_name =~ "Digilent JTAG-SMT2NC 210308B3B53D" && level==0 && jtag_device_ctx=="jsn-JTAG-SMT2NC-210308B3B53D-24738093-0"}' command is executed.
16:20:08 INFO  : Device configured successfully with "C:/Crosscon_original/project_shell_v2/bitstreams/top3.bit"
16:20:08 INFO  : Context for 'PSU' is selected.
16:20:08 INFO  : 'catch {disable_pmu_gate}' command is executed.
16:20:08 INFO  : Context for 'APU' is selected.
16:20:15 INFO  : Hardware design and registers information is loaded from 'C:/Crosscon_original/sdk_v2/FPGA_Demo/export/FPGA_Demo/hw/top_wrapper.xsa'.
16:20:15 INFO  : 'configparams force-mem-access 1' command is executed.
16:20:15 INFO  : Context for 'APU' is selected.
16:20:15 INFO  : Boot mode is read from the target.
16:20:15 INFO  : Context for processor 'psu_cortexr5_0' is selected.
16:20:15 INFO  : Processor reset is completed for 'psu_cortexr5_0'.
16:20:15 INFO  : The application 'C:/Crosscon_original/sdk_v2/FPGA_Demo/export/FPGA_Demo/sw/FPGA_Demo/boot/fsbl.elf' is downloaded to processor 'psu_cortexr5_0'.
16:20:15 INFO  : 'set bp_20_15_fsbl_bp [bpadd -addr &XFsbl_Exit]' command is executed.
16:20:16 INFO  : 'con -block -timeout 60' command is executed.
16:20:16 INFO  : 'bpremove $bp_20_15_fsbl_bp' command is executed.
16:20:16 INFO  : Context for processor 'psu_cortexa53_0' is selected.
16:20:16 INFO  : Processor reset is completed for 'psu_cortexa53_0'.
16:20:22 INFO  : 'dow -data C:/Crosscon_original/project_shell_v2/bitstreams/vfpga1_shift_left_partial_icap_bs.bin 0x20000000' command is executed.
16:20:24 INFO  : The application 'C:/Crosscon_original/sdk_v2/appx/Debug/appx.elf' is downloaded to processor 'psu_cortexa53_0'.
16:20:24 INFO  : Context for processor 'psu_cortexr5_0' is selected.
16:20:24 INFO  : Processor reset is completed for 'psu_cortexr5_0'.
16:20:26 INFO  : The application 'C:/Crosscon_original/sdk_v2/fpga_ta/Debug/fpga_ta.elf' is downloaded to processor 'psu_cortexr5_0'.
16:20:26 INFO  : Context for processor 'psu_pmu_0' is selected.
16:20:26 INFO  : 'catch {stop}' command is executed.
16:20:26 INFO  : Processor reset is completed for 'psu_pmu_0'.
16:20:27 INFO  : The application 'C:/Crosscon_original/sdk_v2/FPGA_Demo/export/FPGA_Demo/sw/FPGA_Demo/boot/pmufw.elf' is downloaded to processor 'psu_pmu_0'.
16:20:27 INFO  : 'configparams force-mem-access 0' command is executed.
16:20:27 INFO  : ----------------XSDB Script----------------
connect -url tcp:127.0.0.1:3121
source C:/Xilinx/Vitis/2023.1/scripts/vitis/util/zynqmp_utils.tcl
targets -set -nocase -filter {name =~"APU*"}
rst -system
after 3000
targets -set -filter {jtag_cable_name =~ "Digilent JTAG-SMT2NC 210308B3B53D" && level==0 && jtag_device_ctx=="jsn-JTAG-SMT2NC-210308B3B53D-24738093-0"}
fpga -file C:/Crosscon_original/project_shell_v2/bitstreams/top3.bit
targets -set -nocase -filter {name =~"PSU*"}
catch {disable_pmu_gate}
targets -set -nocase -filter {name =~"APU*"}
loadhw -hw C:/Crosscon_original/sdk_v2/FPGA_Demo/export/FPGA_Demo/hw/top_wrapper.xsa -mem-ranges [list {0x80000000 0xbfffffff} {0x400000000 0x5ffffffff} {0x1000000000 0x7fffffffff}] -regs
configparams force-mem-access 1
targets -set -nocase -filter {name =~"APU*"}
set mode [expr [mrd -value 0xFF5E0200] & 0xf]
targets -set -nocase -filter {name =~ "*R5*#0"}
rst -processor
dow C:/Crosscon_original/sdk_v2/FPGA_Demo/export/FPGA_Demo/sw/FPGA_Demo/boot/fsbl.elf
set bp_20_15_fsbl_bp [bpadd -addr &XFsbl_Exit]
con -block -timeout 60
bpremove $bp_20_15_fsbl_bp
targets -set -nocase -filter {name =~ "*A53*#0"}
rst -processor
dow -data C:/Crosscon_original/project_shell_v2/bitstreams/vfpga1_shift_left_partial_icap_bs.bin 0x20000000
dow C:/Crosscon_original/sdk_v2/appx/Debug/appx.elf
targets -set -nocase -filter {name =~ "*R5*#0"}
rst -processor
dow C:/Crosscon_original/sdk_v2/fpga_ta/Debug/fpga_ta.elf
targets -set -nocase -filter {name =~ "MicroBlaze*PMU*"}
catch {stop}
rst -processor
dow C:/Crosscon_original/sdk_v2/FPGA_Demo/export/FPGA_Demo/sw/FPGA_Demo/boot/pmufw.elf
configparams force-mem-access 0
----------------End of Script----------------

16:20:27 INFO  : Context for processor 'psu_cortexa53_0' is selected.
16:20:27 INFO  : 'con' command is executed.
16:20:27 INFO  : Context for processor 'psu_cortexr5_0' is selected.
16:20:27 INFO  : 'con' command is executed.
16:20:27 INFO  : Context for processor 'psu_pmu_0' is selected.
16:20:27 INFO  : 'con' command is executed.
16:20:27 INFO  : ----------------XSDB Script (After Launch)----------------
targets -set -nocase -filter {name =~ "*A53*#0"}
con
targets -set -nocase -filter {name =~ "*R5*#0"}
con
targets -set -nocase -filter {name =~ "MicroBlaze*PMU*"}
con
----------------End of Script----------------

16:20:27 INFO  : Launch script is exported to file 'C:\Crosscon_original\sdk_v2\appx_system\_ide\scripts\debugger_appx-default_1.tcl'
16:29:03 INFO  : Checking for BSP changes to sync application flags for project 'appx'...
16:29:48 INFO  : Checking for BSP changes to sync application flags for project 'fpga_ta'...
16:30:35 INFO  : Disconnected from the channel tcfchan#2.
16:30:36 INFO  : Connected to target on host '127.0.0.1' and port '3121'.
16:30:43 INFO  : Jtag cable 'Digilent JTAG-SMT2NC 210308B76ABA' is selected.
16:30:43 INFO  : 'jtag frequency' command is executed.
16:30:43 INFO  : Sourcing of 'C:/Xilinx/Vitis/2023.1/scripts/vitis/util/zynqmp_utils.tcl' is done.
16:30:43 INFO  : Context for 'APU' is selected.
16:30:43 INFO  : System reset is completed.
16:30:46 INFO  : 'after 3000' command is executed.
16:30:46 INFO  : 'targets -set -filter {jtag_cable_name =~ "Digilent JTAG-SMT2NC 210308B76ABA" && level==0 && jtag_device_ctx=="jsn-JTAG-SMT2NC-210308B76ABA-24738093-0"}' command is executed.
16:31:01 INFO  : Device configured successfully with "C:/Crosscon_original/project_shell_v2/bitstreams/top3.bit"
16:31:01 INFO  : Context for 'PSU' is selected.
16:31:01 INFO  : 'catch {disable_pmu_gate}' command is executed.
16:31:01 INFO  : Context for 'APU' is selected.
16:31:08 INFO  : Hardware design and registers information is loaded from 'C:/Crosscon_original/sdk_v2/FPGA_Demo/export/FPGA_Demo/hw/top_wrapper.xsa'.
16:31:08 INFO  : 'configparams force-mem-access 1' command is executed.
16:31:08 INFO  : Context for 'APU' is selected.
16:31:09 INFO  : Boot mode is read from the target.
16:31:09 INFO  : Context for processor 'psu_cortexr5_0' is selected.
16:31:09 INFO  : Processor reset is completed for 'psu_cortexr5_0'.
16:31:09 INFO  : The application 'C:/Crosscon_original/sdk_v2/FPGA_Demo/export/FPGA_Demo/sw/FPGA_Demo/boot/fsbl.elf' is downloaded to processor 'psu_cortexr5_0'.
16:31:09 INFO  : 'set bp_31_9_fsbl_bp [bpadd -addr &XFsbl_Exit]' command is executed.
16:31:10 INFO  : 'con -block -timeout 60' command is executed.
16:31:10 INFO  : 'bpremove $bp_31_9_fsbl_bp' command is executed.
16:31:10 INFO  : Context for processor 'psu_cortexa53_0' is selected.
16:31:10 INFO  : Processor reset is completed for 'psu_cortexa53_0'.
16:31:15 INFO  : 'dow -data C:/Crosscon_original/project_shell_v2/bitstreams/vfpga1_shift_left_partial_icap_bs.bin 0x20000000' command is executed.
16:31:17 INFO  : The application 'C:/Crosscon_original/sdk_v2/appx/Debug/appx.elf' is downloaded to processor 'psu_cortexa53_0'.
16:31:17 INFO  : Context for processor 'psu_cortexr5_0' is selected.
16:31:17 INFO  : Processor reset is completed for 'psu_cortexr5_0'.
16:31:19 INFO  : The application 'C:/Crosscon_original/sdk_v2/fpga_ta/Debug/fpga_ta.elf' is downloaded to processor 'psu_cortexr5_0'.
16:31:19 INFO  : Context for processor 'psu_pmu_0' is selected.
16:31:19 INFO  : 'catch {stop}' command is executed.
16:31:19 INFO  : Processor reset is completed for 'psu_pmu_0'.
16:31:20 INFO  : The application 'C:/Crosscon_original/sdk_v2/FPGA_Demo/export/FPGA_Demo/sw/FPGA_Demo/boot/pmufw.elf' is downloaded to processor 'psu_pmu_0'.
16:31:20 INFO  : 'configparams force-mem-access 0' command is executed.
16:31:20 INFO  : ----------------XSDB Script----------------
connect -url tcp:127.0.0.1:3121
source C:/Xilinx/Vitis/2023.1/scripts/vitis/util/zynqmp_utils.tcl
targets -set -nocase -filter {name =~"APU*"}
rst -system
after 3000
targets -set -filter {jtag_cable_name =~ "Digilent JTAG-SMT2NC 210308B76ABA" && level==0 && jtag_device_ctx=="jsn-JTAG-SMT2NC-210308B76ABA-24738093-0"}
fpga -file C:/Crosscon_original/project_shell_v2/bitstreams/top3.bit
targets -set -nocase -filter {name =~"PSU*"}
catch {disable_pmu_gate}
targets -set -nocase -filter {name =~"APU*"}
loadhw -hw C:/Crosscon_original/sdk_v2/FPGA_Demo/export/FPGA_Demo/hw/top_wrapper.xsa -mem-ranges [list {0x80000000 0xbfffffff} {0x400000000 0x5ffffffff} {0x1000000000 0x7fffffffff}] -regs
configparams force-mem-access 1
targets -set -nocase -filter {name =~"APU*"}
set mode [expr [mrd -value 0xFF5E0200] & 0xf]
targets -set -nocase -filter {name =~ "*R5*#0"}
rst -processor
dow C:/Crosscon_original/sdk_v2/FPGA_Demo/export/FPGA_Demo/sw/FPGA_Demo/boot/fsbl.elf
set bp_31_9_fsbl_bp [bpadd -addr &XFsbl_Exit]
con -block -timeout 60
bpremove $bp_31_9_fsbl_bp
targets -set -nocase -filter {name =~ "*A53*#0"}
rst -processor
dow -data C:/Crosscon_original/project_shell_v2/bitstreams/vfpga1_shift_left_partial_icap_bs.bin 0x20000000
dow C:/Crosscon_original/sdk_v2/appx/Debug/appx.elf
targets -set -nocase -filter {name =~ "*R5*#0"}
rst -processor
dow C:/Crosscon_original/sdk_v2/fpga_ta/Debug/fpga_ta.elf
targets -set -nocase -filter {name =~ "MicroBlaze*PMU*"}
catch {stop}
rst -processor
dow C:/Crosscon_original/sdk_v2/FPGA_Demo/export/FPGA_Demo/sw/FPGA_Demo/boot/pmufw.elf
configparams force-mem-access 0
----------------End of Script----------------

16:31:20 INFO  : Context for processor 'psu_cortexa53_0' is selected.
16:31:20 INFO  : 'con' command is executed.
16:31:20 INFO  : Context for processor 'psu_cortexr5_0' is selected.
16:31:20 INFO  : 'con' command is executed.
16:31:20 INFO  : Context for processor 'psu_pmu_0' is selected.
16:31:20 INFO  : 'con' command is executed.
16:31:20 INFO  : ----------------XSDB Script (After Launch)----------------
targets -set -nocase -filter {name =~ "*A53*#0"}
con
targets -set -nocase -filter {name =~ "*R5*#0"}
con
targets -set -nocase -filter {name =~ "MicroBlaze*PMU*"}
con
----------------End of Script----------------

16:31:20 INFO  : Launch script is exported to file 'C:\Crosscon_original\sdk_v2\appx_system\_ide\scripts\debugger_appx-default_1.tcl'
16:32:25 INFO  : Disconnected from the channel tcfchan#3.
16:32:26 INFO  : Connected to target on host '127.0.0.1' and port '3121'.
16:32:35 INFO  : ----------------XSDB Script----------------
connect -url tcp:127.0.0.1:3121
----------------End of Script----------------

16:32:35 ERROR : Could not find ARM device on the board for connection 'Local'.
Check if the target is in:
1. Split JTAG - No operations are possible with ARM DAP.
2. Non JTAG bootmode - Bootrom may need time to enable DAP.
Please try again.


Troubleshooting hints:
1. Check whether board is connected to system properly.
2. In case of zynq board, check whether Digilent/Xilinx cable switch settings are correct.
3. If you are using Xilinx Platform Cable USB, ensure that status LED is green.
16:32:56 INFO  : Connected to target on host '127.0.0.1' and port '3121'.
16:32:56 INFO  : Jtag cable 'Digilent JTAG-SMT2NC 210308B76ABA' is selected.
16:32:56 INFO  : 'jtag frequency' command is executed.
16:32:56 INFO  : Sourcing of 'C:/Xilinx/Vitis/2023.1/scripts/vitis/util/zynqmp_utils.tcl' is done.
16:32:56 INFO  : Context for 'APU' is selected.
16:32:56 INFO  : System reset is completed.
16:32:59 INFO  : 'after 3000' command is executed.
16:33:00 INFO  : 'targets -set -filter {jtag_cable_name =~ "Digilent JTAG-SMT2NC 210308B76ABA" && level==0 && jtag_device_ctx=="jsn-JTAG-SMT2NC-210308B76ABA-24738093-0"}' command is executed.
16:33:15 INFO  : Device configured successfully with "C:/Crosscon_original/project_shell_v2/bitstreams/top3.bit"
16:33:15 INFO  : Context for 'PSU' is selected.
16:33:15 INFO  : 'catch {disable_pmu_gate}' command is executed.
16:33:15 INFO  : Context for 'APU' is selected.
16:33:21 INFO  : Hardware design and registers information is loaded from 'C:/Crosscon_original/sdk_v2/FPGA_Demo/export/FPGA_Demo/hw/top_wrapper.xsa'.
16:33:21 INFO  : 'configparams force-mem-access 1' command is executed.
16:33:21 INFO  : Context for 'APU' is selected.
16:33:21 INFO  : Boot mode is read from the target.
16:33:21 INFO  : Context for processor 'psu_cortexr5_0' is selected.
16:33:21 INFO  : Processor reset is completed for 'psu_cortexr5_0'.
16:33:22 INFO  : The application 'C:/Crosscon_original/sdk_v2/FPGA_Demo/export/FPGA_Demo/sw/FPGA_Demo/boot/fsbl.elf' is downloaded to processor 'psu_cortexr5_0'.
16:33:22 INFO  : 'set bp_33_22_fsbl_bp [bpadd -addr &XFsbl_Exit]' command is executed.
16:33:23 INFO  : 'con -block -timeout 60' command is executed.
16:33:23 INFO  : 'bpremove $bp_33_22_fsbl_bp' command is executed.
16:33:23 INFO  : Context for processor 'psu_cortexa53_0' is selected.
16:33:23 INFO  : Processor reset is completed for 'psu_cortexa53_0'.
16:33:28 INFO  : 'dow -data C:/Crosscon_original/project_shell_v2/bitstreams/vfpga1_shift_left_partial_icap_bs.bin 0x20000000' command is executed.
16:33:30 INFO  : The application 'C:/Crosscon_original/sdk_v2/appx/Debug/appx.elf' is downloaded to processor 'psu_cortexa53_0'.
16:33:30 INFO  : Context for processor 'psu_cortexr5_0' is selected.
16:33:30 INFO  : Processor reset is completed for 'psu_cortexr5_0'.
16:33:32 INFO  : The application 'C:/Crosscon_original/sdk_v2/fpga_ta/Debug/fpga_ta.elf' is downloaded to processor 'psu_cortexr5_0'.
16:33:32 INFO  : Context for processor 'psu_pmu_0' is selected.
16:33:32 INFO  : 'catch {stop}' command is executed.
16:33:32 INFO  : Processor reset is completed for 'psu_pmu_0'.
16:33:33 INFO  : The application 'C:/Crosscon_original/sdk_v2/FPGA_Demo/export/FPGA_Demo/sw/FPGA_Demo/boot/pmufw.elf' is downloaded to processor 'psu_pmu_0'.
16:33:33 INFO  : 'configparams force-mem-access 0' command is executed.
16:33:33 INFO  : ----------------XSDB Script----------------
connect -url tcp:127.0.0.1:3121
source C:/Xilinx/Vitis/2023.1/scripts/vitis/util/zynqmp_utils.tcl
targets -set -nocase -filter {name =~"APU*"}
rst -system
after 3000
targets -set -filter {jtag_cable_name =~ "Digilent JTAG-SMT2NC 210308B76ABA" && level==0 && jtag_device_ctx=="jsn-JTAG-SMT2NC-210308B76ABA-24738093-0"}
fpga -file C:/Crosscon_original/project_shell_v2/bitstreams/top3.bit
targets -set -nocase -filter {name =~"PSU*"}
catch {disable_pmu_gate}
targets -set -nocase -filter {name =~"APU*"}
loadhw -hw C:/Crosscon_original/sdk_v2/FPGA_Demo/export/FPGA_Demo/hw/top_wrapper.xsa -mem-ranges [list {0x80000000 0xbfffffff} {0x400000000 0x5ffffffff} {0x1000000000 0x7fffffffff}] -regs
configparams force-mem-access 1
targets -set -nocase -filter {name =~"APU*"}
set mode [expr [mrd -value 0xFF5E0200] & 0xf]
targets -set -nocase -filter {name =~ "*R5*#0"}
rst -processor
dow C:/Crosscon_original/sdk_v2/FPGA_Demo/export/FPGA_Demo/sw/FPGA_Demo/boot/fsbl.elf
set bp_33_22_fsbl_bp [bpadd -addr &XFsbl_Exit]
con -block -timeout 60
bpremove $bp_33_22_fsbl_bp
targets -set -nocase -filter {name =~ "*A53*#0"}
rst -processor
dow -data C:/Crosscon_original/project_shell_v2/bitstreams/vfpga1_shift_left_partial_icap_bs.bin 0x20000000
dow C:/Crosscon_original/sdk_v2/appx/Debug/appx.elf
targets -set -nocase -filter {name =~ "*R5*#0"}
rst -processor
dow C:/Crosscon_original/sdk_v2/fpga_ta/Debug/fpga_ta.elf
targets -set -nocase -filter {name =~ "MicroBlaze*PMU*"}
catch {stop}
rst -processor
dow C:/Crosscon_original/sdk_v2/FPGA_Demo/export/FPGA_Demo/sw/FPGA_Demo/boot/pmufw.elf
configparams force-mem-access 0
----------------End of Script----------------

16:33:33 INFO  : Context for processor 'psu_cortexa53_0' is selected.
16:33:33 INFO  : 'con' command is executed.
16:33:33 INFO  : Context for processor 'psu_cortexr5_0' is selected.
16:33:33 INFO  : 'con' command is executed.
16:33:33 INFO  : Context for processor 'psu_pmu_0' is selected.
16:33:33 INFO  : 'con' command is executed.
16:33:33 INFO  : ----------------XSDB Script (After Launch)----------------
targets -set -nocase -filter {name =~ "*A53*#0"}
con
targets -set -nocase -filter {name =~ "*R5*#0"}
con
targets -set -nocase -filter {name =~ "MicroBlaze*PMU*"}
con
----------------End of Script----------------

16:33:33 INFO  : Launch script is exported to file 'C:\Crosscon_original\sdk_v2\appx_system\_ide\scripts\debugger_appx-default_1.tcl'
16:35:51 INFO  : Checking for BSP changes to sync application flags for project 'appx'...
16:36:58 INFO  : Checking for BSP changes to sync application flags for project 'fpga_ta'...
16:38:11 INFO  : Disconnected from the channel tcfchan#4.
17:55:33 DEBUG : Logs will be stored at 'C:/Crosscon_original/sdk_v2/IDE.log'.
17:55:33 INFO  : Launching XSCT server: xsct.bat -n  -interactive C:\Crosscon_original\sdk_v2\temp_xsdb_launch_script.tcl
17:55:36 INFO  : XSCT server has started successfully.
17:55:36 INFO  : plnx-install-location is set to ''
17:55:36 INFO  : Successfully done setting XSCT server connection channel  
17:55:36 INFO  : Successfully done setting workspace for the tool. 
17:55:37 INFO  : Registering command handlers for Vitis TCF services
17:55:37 INFO  : Successfully done query RDI_DATADIR 
17:55:38 INFO  : Platform repository initialization has completed.
18:02:49 DEBUG : Logs will be stored at 'C:/Crosscon_original/sdk_v2/IDE.log'.
18:02:50 INFO  : Launching XSCT server: xsct.bat -n  -interactive C:\Crosscon_original\sdk_v2\temp_xsdb_launch_script.tcl
18:02:52 INFO  : XSCT server has started successfully.
18:02:52 INFO  : Successfully done setting XSCT server connection channel  
18:02:52 INFO  : plnx-install-location is set to ''
18:02:52 INFO  : Successfully done setting workspace for the tool. 
18:02:52 INFO  : Registering command handlers for Vitis TCF services
18:02:52 INFO  : Successfully done query RDI_DATADIR 
18:02:53 INFO  : Platform repository initialization has completed.
18:03:08 INFO  : Connected to target on host '127.0.0.1' and port '3121'.
18:03:08 INFO  : Jtag cable 'Digilent JTAG-SMT2NC 210308B76ABA' is selected.
18:03:08 INFO  : 'jtag frequency' command is executed.
18:03:08 INFO  : Sourcing of 'C:/Xilinx/Vitis/2023.1/scripts/vitis/util/zynqmp_utils.tcl' is done.
18:03:08 INFO  : Context for 'APU' is selected.
18:03:09 INFO  : System reset is completed.
18:03:12 INFO  : 'after 3000' command is executed.
18:03:12 INFO  : 'targets -set -filter {jtag_cable_name =~ "Digilent JTAG-SMT2NC 210308B76ABA" && level==0 && jtag_device_ctx=="jsn-JTAG-SMT2NC-210308B76ABA-24738093-0"}' command is executed.
18:03:27 INFO  : Device configured successfully with "C:/Crosscon_original/project_shell_v2/bitstreams/top3.bit"
18:03:27 INFO  : Context for 'PSU' is selected.
18:03:27 INFO  : 'catch {disable_pmu_gate}' command is executed.
18:03:27 INFO  : Context for 'APU' is selected.
18:03:27 INFO  : Hardware design and registers information is loaded from 'C:/Crosscon_original/sdk_v2/FPGA_Demo/export/FPGA_Demo/hw/top_wrapper.xsa'.
18:03:27 INFO  : 'configparams force-mem-access 1' command is executed.
18:03:27 INFO  : Context for 'APU' is selected.
18:03:27 INFO  : Boot mode is read from the target.
18:03:27 INFO  : Context for processor 'psu_cortexr5_0' is selected.
18:03:27 INFO  : Processor reset is completed for 'psu_cortexr5_0'.
18:03:28 INFO  : The application 'C:/Crosscon_original/sdk_v2/FPGA_Demo/export/FPGA_Demo/sw/FPGA_Demo/boot/fsbl.elf' is downloaded to processor 'psu_cortexr5_0'.
18:03:28 INFO  : 'set bp_3_28_fsbl_bp [bpadd -addr &XFsbl_Exit]' command is executed.
18:03:29 INFO  : 'con -block -timeout 60' command is executed.
18:03:29 INFO  : 'bpremove $bp_3_28_fsbl_bp' command is executed.
18:03:29 INFO  : Context for processor 'psu_cortexa53_0' is selected.
18:03:29 INFO  : Processor reset is completed for 'psu_cortexa53_0'.
18:03:34 INFO  : 'dow -data C:/Crosscon_original/project_shell_v2/bitstreams/vfpga1_shift_left_partial_icap_bs.bin 0x20000000' command is executed.
18:03:36 INFO  : The application 'C:/Crosscon_original/sdk_v2/appx/Debug/appx.elf' is downloaded to processor 'psu_cortexa53_0'.
18:03:36 INFO  : Context for processor 'psu_cortexr5_0' is selected.
18:03:36 INFO  : Processor reset is completed for 'psu_cortexr5_0'.
18:03:38 INFO  : The application 'C:/Crosscon_original/sdk_v2/fpga_ta/Debug/fpga_ta.elf' is downloaded to processor 'psu_cortexr5_0'.
18:03:38 INFO  : Context for processor 'psu_pmu_0' is selected.
18:03:38 INFO  : 'catch {stop}' command is executed.
18:03:38 INFO  : Processor reset is completed for 'psu_pmu_0'.
18:03:39 INFO  : The application 'C:/Crosscon_original/sdk_v2/FPGA_Demo/export/FPGA_Demo/sw/FPGA_Demo/boot/pmufw.elf' is downloaded to processor 'psu_pmu_0'.
18:03:39 INFO  : 'configparams force-mem-access 0' command is executed.
18:03:39 INFO  : ----------------XSDB Script----------------
connect -url tcp:127.0.0.1:3121
source C:/Xilinx/Vitis/2023.1/scripts/vitis/util/zynqmp_utils.tcl
targets -set -nocase -filter {name =~"APU*"}
rst -system
after 3000
targets -set -filter {jtag_cable_name =~ "Digilent JTAG-SMT2NC 210308B76ABA" && level==0 && jtag_device_ctx=="jsn-JTAG-SMT2NC-210308B76ABA-24738093-0"}
fpga -file C:/Crosscon_original/project_shell_v2/bitstreams/top3.bit
targets -set -nocase -filter {name =~"PSU*"}
catch {disable_pmu_gate}
targets -set -nocase -filter {name =~"APU*"}
loadhw -hw C:/Crosscon_original/sdk_v2/FPGA_Demo/export/FPGA_Demo/hw/top_wrapper.xsa -mem-ranges [list {0x80000000 0xbfffffff} {0x400000000 0x5ffffffff} {0x1000000000 0x7fffffffff}] -regs
configparams force-mem-access 1
targets -set -nocase -filter {name =~"APU*"}
set mode [expr [mrd -value 0xFF5E0200] & 0xf]
targets -set -nocase -filter {name =~ "*R5*#0"}
rst -processor
dow C:/Crosscon_original/sdk_v2/FPGA_Demo/export/FPGA_Demo/sw/FPGA_Demo/boot/fsbl.elf
set bp_3_28_fsbl_bp [bpadd -addr &XFsbl_Exit]
con -block -timeout 60
bpremove $bp_3_28_fsbl_bp
targets -set -nocase -filter {name =~ "*A53*#0"}
rst -processor
dow -data C:/Crosscon_original/project_shell_v2/bitstreams/vfpga1_shift_left_partial_icap_bs.bin 0x20000000
dow C:/Crosscon_original/sdk_v2/appx/Debug/appx.elf
targets -set -nocase -filter {name =~ "*R5*#0"}
rst -processor
dow C:/Crosscon_original/sdk_v2/fpga_ta/Debug/fpga_ta.elf
targets -set -nocase -filter {name =~ "MicroBlaze*PMU*"}
catch {stop}
rst -processor
dow C:/Crosscon_original/sdk_v2/FPGA_Demo/export/FPGA_Demo/sw/FPGA_Demo/boot/pmufw.elf
configparams force-mem-access 0
----------------End of Script----------------

18:03:39 INFO  : Context for processor 'psu_cortexa53_0' is selected.
18:03:39 INFO  : 'con' command is executed.
18:03:39 INFO  : Context for processor 'psu_cortexr5_0' is selected.
18:03:39 INFO  : 'con' command is executed.
18:03:39 INFO  : Context for processor 'psu_pmu_0' is selected.
18:03:39 INFO  : 'con' command is executed.
18:03:39 INFO  : ----------------XSDB Script (After Launch)----------------
targets -set -nocase -filter {name =~ "*A53*#0"}
con
targets -set -nocase -filter {name =~ "*R5*#0"}
con
targets -set -nocase -filter {name =~ "MicroBlaze*PMU*"}
con
----------------End of Script----------------

18:03:39 INFO  : Launch script is exported to file 'C:\Crosscon_original\sdk_v2\appx_system\_ide\scripts\debugger_appx-default_1.tcl'
18:10:28 INFO  : Result from executing command 'getProjects': FPGA_Demo
18:10:28 INFO  : Result from executing command 'getPlatforms': FPGA_Demo|C:/Crosscon_original/sdk_v2/FPGA_Demo/export/FPGA_Demo/FPGA_Demo.xpfm;xilinx_vck190_base_202310_1|C:/Xilinx/Vitis/2023.1/base_platforms/xilinx_vck190_base_202310_1/xilinx_vck190_base_202310_1.xpfm;xilinx_vck190_base_dfx_202310_1|C:/Xilinx/Vitis/2023.1/base_platforms/xilinx_vck190_base_dfx_202310_1/xilinx_vck190_base_dfx_202310_1.xpfm;xilinx_vek280_es1_base_202310_1|C:/Xilinx/Vitis/2023.1/base_platforms/xilinx_vek280_es1_base_202310_1/xilinx_vek280_es1_base_202310_1.xpfm;xilinx_vmk180_base_202310_1|C:/Xilinx/Vitis/2023.1/base_platforms/xilinx_vmk180_base_202310_1/xilinx_vmk180_base_202310_1.xpfm;xilinx_zcu102_base_202310_1|C:/Xilinx/Vitis/2023.1/base_platforms/xilinx_zcu102_base_202310_1/xilinx_zcu102_base_202310_1.xpfm;xilinx_zcu102_base_dfx_202310_1|C:/Xilinx/Vitis/2023.1/base_platforms/xilinx_zcu102_base_dfx_202310_1/xilinx_zcu102_base_dfx_202310_1.xpfm;xilinx_zcu104_base_202310_1|C:/Xilinx/Vitis/2023.1/base_platforms/xilinx_zcu104_base_202310_1/xilinx_zcu104_base_202310_1.xpfm
18:10:30 INFO  : Checking for BSP changes to sync application flags for project 'appx'...
18:11:53 INFO  : Checking for BSP changes to sync application flags for project 'fpga_ta'...
18:13:35 INFO  : Disconnected from the channel tcfchan#1.
18:13:36 INFO  : Connected to target on host '127.0.0.1' and port '3121'.
18:13:45 INFO  : ----------------XSDB Script----------------
connect -url tcp:127.0.0.1:3121
----------------End of Script----------------

18:13:45 ERROR : Could not find ARM device on the board for connection 'Local'.
Check if the target is in:
1. Split JTAG - No operations are possible with ARM DAP.
2. Non JTAG bootmode - Bootrom may need time to enable DAP.
Please try again.


Troubleshooting hints:
1. Check whether board is connected to system properly.
2. In case of zynq board, check whether Digilent/Xilinx cable switch settings are correct.
3. If you are using Xilinx Platform Cable USB, ensure that status LED is green.
18:13:51 INFO  : Connected to target on host '127.0.0.1' and port '3121'.
18:13:51 INFO  : Jtag cable 'Digilent JTAG-SMT2NC 210308B76ABA' is selected.
18:13:51 INFO  : 'jtag frequency' command is executed.
18:13:51 INFO  : Sourcing of 'C:/Xilinx/Vitis/2023.1/scripts/vitis/util/zynqmp_utils.tcl' is done.
18:13:51 INFO  : Context for 'APU' is selected.
18:13:52 INFO  : System reset is completed.
18:13:55 INFO  : 'after 3000' command is executed.
18:13:55 INFO  : 'targets -set -filter {jtag_cable_name =~ "Digilent JTAG-SMT2NC 210308B76ABA" && level==0 && jtag_device_ctx=="jsn-JTAG-SMT2NC-210308B76ABA-24738093-0"}' command is executed.
18:14:10 INFO  : Device configured successfully with "C:/Crosscon_original/project_shell_v2/bitstreams/top3.bit"
18:14:10 INFO  : Context for 'PSU' is selected.
18:14:10 INFO  : 'catch {disable_pmu_gate}' command is executed.
18:14:10 INFO  : Context for 'APU' is selected.
18:14:16 INFO  : Hardware design and registers information is loaded from 'C:/Crosscon_original/sdk_v2/FPGA_Demo/export/FPGA_Demo/hw/top_wrapper.xsa'.
18:14:16 INFO  : 'configparams force-mem-access 1' command is executed.
18:14:16 INFO  : Context for 'APU' is selected.
18:14:16 INFO  : Boot mode is read from the target.
18:14:17 INFO  : Context for processor 'psu_cortexr5_0' is selected.
18:14:17 INFO  : Processor reset is completed for 'psu_cortexr5_0'.
18:14:17 INFO  : The application 'C:/Crosscon_original/sdk_v2/FPGA_Demo/export/FPGA_Demo/sw/FPGA_Demo/boot/fsbl.elf' is downloaded to processor 'psu_cortexr5_0'.
18:14:17 INFO  : 'set bp_14_17_fsbl_bp [bpadd -addr &XFsbl_Exit]' command is executed.
18:14:18 INFO  : 'con -block -timeout 60' command is executed.
18:14:18 INFO  : 'bpremove $bp_14_17_fsbl_bp' command is executed.
18:14:18 INFO  : Context for processor 'psu_cortexa53_0' is selected.
18:14:18 INFO  : Processor reset is completed for 'psu_cortexa53_0'.
18:14:23 INFO  : 'dow -data C:/Crosscon_original/project_shell_v2/bitstreams/vfpga1_shift_left_partial_icap_bs.bin 0x20000000' command is executed.
18:14:25 INFO  : The application 'C:/Crosscon_original/sdk_v2/appx/Debug/appx.elf' is downloaded to processor 'psu_cortexa53_0'.
18:14:25 INFO  : Context for processor 'psu_cortexr5_0' is selected.
18:14:25 INFO  : Processor reset is completed for 'psu_cortexr5_0'.
18:14:27 INFO  : The application 'C:/Crosscon_original/sdk_v2/fpga_ta/Debug/fpga_ta.elf' is downloaded to processor 'psu_cortexr5_0'.
18:14:27 INFO  : Context for processor 'psu_pmu_0' is selected.
18:14:27 INFO  : 'catch {stop}' command is executed.
18:14:27 INFO  : Processor reset is completed for 'psu_pmu_0'.
18:14:28 INFO  : The application 'C:/Crosscon_original/sdk_v2/FPGA_Demo/export/FPGA_Demo/sw/FPGA_Demo/boot/pmufw.elf' is downloaded to processor 'psu_pmu_0'.
18:14:28 INFO  : 'configparams force-mem-access 0' command is executed.
18:14:28 INFO  : ----------------XSDB Script----------------
connect -url tcp:127.0.0.1:3121
source C:/Xilinx/Vitis/2023.1/scripts/vitis/util/zynqmp_utils.tcl
targets -set -nocase -filter {name =~"APU*"}
rst -system
after 3000
targets -set -filter {jtag_cable_name =~ "Digilent JTAG-SMT2NC 210308B76ABA" && level==0 && jtag_device_ctx=="jsn-JTAG-SMT2NC-210308B76ABA-24738093-0"}
fpga -file C:/Crosscon_original/project_shell_v2/bitstreams/top3.bit
targets -set -nocase -filter {name =~"PSU*"}
catch {disable_pmu_gate}
targets -set -nocase -filter {name =~"APU*"}
loadhw -hw C:/Crosscon_original/sdk_v2/FPGA_Demo/export/FPGA_Demo/hw/top_wrapper.xsa -mem-ranges [list {0x80000000 0xbfffffff} {0x400000000 0x5ffffffff} {0x1000000000 0x7fffffffff}] -regs
configparams force-mem-access 1
targets -set -nocase -filter {name =~"APU*"}
set mode [expr [mrd -value 0xFF5E0200] & 0xf]
targets -set -nocase -filter {name =~ "*R5*#0"}
rst -processor
dow C:/Crosscon_original/sdk_v2/FPGA_Demo/export/FPGA_Demo/sw/FPGA_Demo/boot/fsbl.elf
set bp_14_17_fsbl_bp [bpadd -addr &XFsbl_Exit]
con -block -timeout 60
bpremove $bp_14_17_fsbl_bp
targets -set -nocase -filter {name =~ "*A53*#0"}
rst -processor
dow -data C:/Crosscon_original/project_shell_v2/bitstreams/vfpga1_shift_left_partial_icap_bs.bin 0x20000000
dow C:/Crosscon_original/sdk_v2/appx/Debug/appx.elf
targets -set -nocase -filter {name =~ "*R5*#0"}
rst -processor
dow C:/Crosscon_original/sdk_v2/fpga_ta/Debug/fpga_ta.elf
targets -set -nocase -filter {name =~ "MicroBlaze*PMU*"}
catch {stop}
rst -processor
dow C:/Crosscon_original/sdk_v2/FPGA_Demo/export/FPGA_Demo/sw/FPGA_Demo/boot/pmufw.elf
configparams force-mem-access 0
----------------End of Script----------------

18:14:28 INFO  : Context for processor 'psu_cortexa53_0' is selected.
18:14:28 INFO  : 'con' command is executed.
18:14:28 INFO  : Context for processor 'psu_cortexr5_0' is selected.
18:14:28 INFO  : 'con' command is executed.
18:14:28 INFO  : Context for processor 'psu_pmu_0' is selected.
18:14:28 INFO  : 'con' command is executed.
18:14:28 INFO  : ----------------XSDB Script (After Launch)----------------
targets -set -nocase -filter {name =~ "*A53*#0"}
con
targets -set -nocase -filter {name =~ "*R5*#0"}
con
targets -set -nocase -filter {name =~ "MicroBlaze*PMU*"}
con
----------------End of Script----------------

18:14:28 INFO  : Launch script is exported to file 'C:\Crosscon_original\sdk_v2\appx_system\_ide\scripts\debugger_appx-default_1.tcl'
18:36:39 INFO  : Disconnected from the channel tcfchan#3.
18:37:03 DEBUG : Logs will be stored at 'C:/Crosscon_original/sdk_v2/IDE.log'.
18:37:03 INFO  : Launching XSCT server: xsct.bat -n  -interactive C:\Crosscon_original\sdk_v2\temp_xsdb_launch_script.tcl
18:37:05 INFO  : XSCT server has started successfully.
18:37:05 INFO  : plnx-install-location is set to ''
18:37:05 INFO  : Successfully done setting XSCT server connection channel  
18:37:05 INFO  : Successfully done setting workspace for the tool. 
18:37:06 INFO  : Registering command handlers for Vitis TCF services
18:37:06 INFO  : Successfully done query RDI_DATADIR 
18:37:07 INFO  : Platform repository initialization has completed.
18:37:27 INFO  : Connected to target on host '127.0.0.1' and port '3121'.
18:37:27 INFO  : Jtag cable 'Digilent JTAG-SMT2NC 210308B76ABA' is selected.
18:37:27 INFO  : 'jtag frequency' command is executed.
18:37:27 INFO  : Sourcing of 'C:/Xilinx/Vitis/2023.1/scripts/vitis/util/zynqmp_utils.tcl' is done.
18:37:27 INFO  : Context for 'APU' is selected.
18:37:28 INFO  : System reset is completed.
18:37:31 INFO  : 'after 3000' command is executed.
18:37:31 INFO  : 'targets -set -filter {jtag_cable_name =~ "Digilent JTAG-SMT2NC 210308B76ABA" && level==0 && jtag_device_ctx=="jsn-JTAG-SMT2NC-210308B76ABA-24738093-0"}' command is executed.
18:37:46 INFO  : Device configured successfully with "C:/Crosscon_original/project_shell_v2/bitstreams/top3.bit"
18:37:46 INFO  : Context for 'PSU' is selected.
18:37:46 INFO  : 'catch {disable_pmu_gate}' command is executed.
18:37:46 INFO  : Context for 'APU' is selected.
18:37:46 INFO  : Hardware design and registers information is loaded from 'C:/Crosscon_original/sdk_v2/FPGA_Demo/export/FPGA_Demo/hw/top_wrapper.xsa'.
18:37:46 INFO  : 'configparams force-mem-access 1' command is executed.
18:37:46 INFO  : Context for 'APU' is selected.
18:37:46 INFO  : Boot mode is read from the target.
18:37:46 INFO  : Context for processor 'psu_cortexr5_0' is selected.
18:37:46 INFO  : Processor reset is completed for 'psu_cortexr5_0'.
18:37:47 INFO  : The application 'C:/Crosscon_original/sdk_v2/FPGA_Demo/export/FPGA_Demo/sw/FPGA_Demo/boot/fsbl.elf' is downloaded to processor 'psu_cortexr5_0'.
18:37:47 INFO  : 'set bp_37_47_fsbl_bp [bpadd -addr &XFsbl_Exit]' command is executed.
18:37:48 INFO  : 'con -block -timeout 60' command is executed.
18:37:48 INFO  : 'bpremove $bp_37_47_fsbl_bp' command is executed.
18:37:48 INFO  : Context for processor 'psu_cortexa53_0' is selected.
18:37:48 INFO  : Processor reset is completed for 'psu_cortexa53_0'.
18:37:53 INFO  : 'dow -data C:/Crosscon_original/project_shell_v2/bitstreams/vfpga1_shift_left_partial_icap_bs.bin 0x20000000' command is executed.
18:37:55 INFO  : The application 'C:/Crosscon_original/sdk_v2/appx/Debug/appx.elf' is downloaded to processor 'psu_cortexa53_0'.
18:37:55 INFO  : Context for processor 'psu_cortexr5_0' is selected.
18:37:55 INFO  : Processor reset is completed for 'psu_cortexr5_0'.
18:37:57 INFO  : The application 'C:/Crosscon_original/sdk_v2/fpga_ta/Debug/fpga_ta.elf' is downloaded to processor 'psu_cortexr5_0'.
18:37:57 INFO  : Context for processor 'psu_pmu_0' is selected.
18:37:57 INFO  : 'catch {stop}' command is executed.
18:37:57 INFO  : Processor reset is completed for 'psu_pmu_0'.
18:37:58 INFO  : The application 'C:/Crosscon_original/sdk_v2/FPGA_Demo/export/FPGA_Demo/sw/FPGA_Demo/boot/pmufw.elf' is downloaded to processor 'psu_pmu_0'.
18:37:58 INFO  : 'configparams force-mem-access 0' command is executed.
18:37:58 INFO  : ----------------XSDB Script----------------
connect -url tcp:127.0.0.1:3121
source C:/Xilinx/Vitis/2023.1/scripts/vitis/util/zynqmp_utils.tcl
targets -set -nocase -filter {name =~"APU*"}
rst -system
after 3000
targets -set -filter {jtag_cable_name =~ "Digilent JTAG-SMT2NC 210308B76ABA" && level==0 && jtag_device_ctx=="jsn-JTAG-SMT2NC-210308B76ABA-24738093-0"}
fpga -file C:/Crosscon_original/project_shell_v2/bitstreams/top3.bit
targets -set -nocase -filter {name =~"PSU*"}
catch {disable_pmu_gate}
targets -set -nocase -filter {name =~"APU*"}
loadhw -hw C:/Crosscon_original/sdk_v2/FPGA_Demo/export/FPGA_Demo/hw/top_wrapper.xsa -mem-ranges [list {0x80000000 0xbfffffff} {0x400000000 0x5ffffffff} {0x1000000000 0x7fffffffff}] -regs
configparams force-mem-access 1
targets -set -nocase -filter {name =~"APU*"}
set mode [expr [mrd -value 0xFF5E0200] & 0xf]
targets -set -nocase -filter {name =~ "*R5*#0"}
rst -processor
dow C:/Crosscon_original/sdk_v2/FPGA_Demo/export/FPGA_Demo/sw/FPGA_Demo/boot/fsbl.elf
set bp_37_47_fsbl_bp [bpadd -addr &XFsbl_Exit]
con -block -timeout 60
bpremove $bp_37_47_fsbl_bp
targets -set -nocase -filter {name =~ "*A53*#0"}
rst -processor
dow -data C:/Crosscon_original/project_shell_v2/bitstreams/vfpga1_shift_left_partial_icap_bs.bin 0x20000000
dow C:/Crosscon_original/sdk_v2/appx/Debug/appx.elf
targets -set -nocase -filter {name =~ "*R5*#0"}
rst -processor
dow C:/Crosscon_original/sdk_v2/fpga_ta/Debug/fpga_ta.elf
targets -set -nocase -filter {name =~ "MicroBlaze*PMU*"}
catch {stop}
rst -processor
dow C:/Crosscon_original/sdk_v2/FPGA_Demo/export/FPGA_Demo/sw/FPGA_Demo/boot/pmufw.elf
configparams force-mem-access 0
----------------End of Script----------------

18:37:58 INFO  : Context for processor 'psu_cortexa53_0' is selected.
18:37:58 INFO  : 'con' command is executed.
18:37:58 INFO  : Context for processor 'psu_cortexr5_0' is selected.
18:37:58 INFO  : 'con' command is executed.
18:37:58 INFO  : Context for processor 'psu_pmu_0' is selected.
18:37:58 INFO  : 'con' command is executed.
18:37:58 INFO  : ----------------XSDB Script (After Launch)----------------
targets -set -nocase -filter {name =~ "*A53*#0"}
con
targets -set -nocase -filter {name =~ "*R5*#0"}
con
targets -set -nocase -filter {name =~ "MicroBlaze*PMU*"}
con
----------------End of Script----------------

18:37:58 INFO  : Launch script is exported to file 'C:\Crosscon_original\sdk_v2\appx_system\_ide\scripts\debugger_appx-default_1.tcl'
18:38:27 INFO  : Disconnected from the channel tcfchan#1.
21:07:13 DEBUG : Logs will be stored at 'C:/Crosscon_original/sdk_v2/IDE.log'.
21:07:16 INFO  : Launching XSCT server: xsct.bat -n  -interactive C:\Crosscon_original\sdk_v2\temp_xsdb_launch_script.tcl
21:07:35 INFO  : XSCT server has started successfully.
21:07:35 INFO  : Successfully done setting XSCT server connection channel  
21:07:35 INFO  : plnx-install-location is set to ''
21:07:35 INFO  : Successfully done setting workspace for the tool. 
21:07:41 INFO  : Registering command handlers for Vitis TCF services
21:07:45 INFO  : Platform repository initialization has completed.
21:07:46 INFO  : Successfully done query RDI_DATADIR 
21:37:15 INFO  : Result from executing command 'getProjects': FPGA_Demo
21:37:15 INFO  : Result from executing command 'getPlatforms': FPGA_Demo|C:/Crosscon_original/sdk_v2/FPGA_Demo/export/FPGA_Demo/FPGA_Demo.xpfm;xilinx_vck190_base_202310_1|D:/Xilinx/Vitis/2023.1/base_platforms/xilinx_vck190_base_202310_1/xilinx_vck190_base_202310_1.xpfm;xilinx_vck190_base_dfx_202310_1|D:/Xilinx/Vitis/2023.1/base_platforms/xilinx_vck190_base_dfx_202310_1/xilinx_vck190_base_dfx_202310_1.xpfm;xilinx_vek280_es1_base_202310_1|D:/Xilinx/Vitis/2023.1/base_platforms/xilinx_vek280_es1_base_202310_1/xilinx_vek280_es1_base_202310_1.xpfm;xilinx_vmk180_base_202310_1|D:/Xilinx/Vitis/2023.1/base_platforms/xilinx_vmk180_base_202310_1/xilinx_vmk180_base_202310_1.xpfm;xilinx_zcu102_base_202310_1|D:/Xilinx/Vitis/2023.1/base_platforms/xilinx_zcu102_base_202310_1/xilinx_zcu102_base_202310_1.xpfm;xilinx_zcu102_base_dfx_202310_1|D:/Xilinx/Vitis/2023.1/base_platforms/xilinx_zcu102_base_dfx_202310_1/xilinx_zcu102_base_dfx_202310_1.xpfm;xilinx_zcu104_base_202310_1|D:/Xilinx/Vitis/2023.1/base_platforms/xilinx_zcu104_base_202310_1/xilinx_zcu104_base_202310_1.xpfm
21:37:21 INFO  : Checking for BSP changes to sync application flags for project 'appx'...
21:37:47 INFO  : Checking for BSP changes to sync application flags for project 'fpga_ta'...
21:39:17 INFO  : Checking for BSP changes to sync application flags for project 'appx'...
21:39:24 INFO  : Checking for BSP changes to sync application flags for project 'fpga_ta'...
08:43:36 DEBUG : Logs will be stored at 'C:/Crosscon_original/sdk_v2/IDE.log'.
08:43:37 INFO  : Launching XSCT server: xsct.bat -n  -interactive C:\Crosscon_original\sdk_v2\temp_xsdb_launch_script.tcl
08:43:42 INFO  : Registering command handlers for Vitis TCF services
08:43:44 INFO  : XSCT server has started successfully.
08:43:44 INFO  : plnx-install-location is set to ''
08:43:44 INFO  : Platform repository initialization has completed.
08:43:44 INFO  : Successfully done setting XSCT server connection channel  
08:43:44 INFO  : Successfully done query RDI_DATADIR 
08:43:44 INFO  : Successfully done setting workspace for the tool. 
08:43:54 INFO  : Checking for BSP changes to sync application flags for project 'appx'...
